ISO-10303-21;
HEADER;
FILE_DESCRIPTION (( 'STEP AP214' ),
    '1' );
FILE_NAME ('1990012.STEP',
    '2023-08-24T16:53:31',
    ( '' ),
    ( '' ),
    'SwSTEP 2.0',
    'SolidWorks 2021',
    '' );
FILE_SCHEMA (( 'AUTOMOTIVE_DESIGN' ));
ENDSEC;

DATA;
#1 = CARTESIAN_POINT ( 'NONE',  ( -27.19399689342349902, 8.489055053478896440, -0.4999999999999987232 ) ) ;
#2 = VECTOR ( 'NONE', #1571, 1000.000000000000114 ) ;
#3 = UNCERTAINTY_MEASURE_WITH_UNIT (LENGTH_MEASURE( 1.000000000000000082E-05 ), #4524, 'distance_accuracy_value', 'NONE');
#4 = ORIENTED_EDGE ( 'NONE', *, *, #3004, .T. ) ;
#5 = CARTESIAN_POINT ( 'NONE',  ( 29.50000000000000000, 8.049116928532395765E-16, 0.7999999999996620925 ) ) ;
#6 = CARTESIAN_POINT ( 'NONE',  ( 29.87500000000000000, -2.629463045522899112, 1.089999999999650360 ) ) ;
#7 = VERTEX_POINT ( 'NONE', #2437 ) ;
#8 = LINE ( 'NONE', #2118, #3605 ) ;
#9 = CIRCLE ( 'NONE', #3960, 0.1580968594334210553 ) ;
#10 = DIRECTION ( 'NONE',  ( -1.000000000000000000, -6.162975822039154730E-33, -2.465190328815661892E-32 ) ) ;
#11 = LINE ( 'NONE', #2816, #7232 ) ;
#12 = DIRECTION ( 'NONE',  ( -1.000000000000000000, -6.162975822039154730E-33, -2.465190328815661892E-32 ) ) ;
#13 = ORIENTED_EDGE ( 'NONE', *, *, #7451, .T. ) ;
#14 = LINE ( 'NONE', #5031, #7350 ) ;
#15 = DIRECTION ( 'NONE',  ( 1.000000000000000000, 6.162975822039154730E-33, 2.465190328815661892E-32 ) ) ;
#16 = EDGE_CURVE ( 'NONE', #8511, #211, #214, .T. ) ;
#17 = CARTESIAN_POINT ( 'NONE',  ( -28.86134359900624347, 8.559871567362213440, -0.3786495085142893569 ) ) ;
#18 = VERTEX_POINT ( 'NONE', #3132 ) ;
#19 = DIRECTION ( 'NONE',  ( -1.000000000000000000, -6.162975822039154730E-33, -2.465190328815661892E-32 ) ) ;
#20 = EDGE_CURVE ( 'NONE', #5401, #5416, #4463, .T. ) ;
#21 = CARTESIAN_POINT ( 'NONE',  ( 31.30126062423260791, 11.50000000000000000, 0.7274468252821686409 ) ) ;
#22 = DIRECTION ( 'NONE',  ( -1.000000000000000000, -6.162975822039154730E-33, -2.465190328815661892E-32 ) ) ;
#23 = DIRECTION ( 'NONE',  ( -6.162975822039150624E-33, -1.000000000000000000, 2.220446049250313574E-16 ) ) ;
#24 = ORIENTED_EDGE ( 'NONE', *, *, #743, .T. ) ;
#25 = EDGE_CURVE ( 'NONE', #4109, #2136, #5926, .T. ) ;
#26 = CARTESIAN_POINT ( 'NONE',  ( 28.93425025768919667, 8.898916855692901251, -0.2657891617609420831 ) ) ;
#27 = ORIENTED_EDGE ( 'NONE', *, *, #7271, .F. ) ;
#28 = PLANE ( 'NONE',  #7313 ) ;
#29 = EDGE_CURVE ( 'NONE', #5206, #3534, #1542, .T. ) ;
#30 = EDGE_CURVE ( 'NONE', #4929, #3263, #5732, .T. ) ;
#31 = DIRECTION ( 'NONE',  ( -1.936050386532797621E-31, 0.7071067811865475727, 0.7071067811865474617 ) ) ;
#32 = ADVANCED_FACE ( 'NONE', ( #950 ), #4563, .F. ) ;
#33 = ORIENTED_EDGE ( 'NONE', *, *, #1411, .T. ) ;
#34 = ORIENTED_EDGE ( 'NONE', *, *, #6932, .F. ) ;
#35 = CARTESIAN_POINT ( 'NONE',  ( -28.79593339917309436, 9.214750784226298563, 0.2166997256550142747 ) ) ;
#36 = AXIS2_PLACEMENT_3D ( 'NONE', #1012, #3001, #6685 ) ;
#37 = EDGE_LOOP ( 'NONE', ( #2397, #2705, #1539, #2771 ) ) ;
#38 = CARTESIAN_POINT ( 'NONE',  ( 27.28190571124160257, 8.834786822486000446, -0.4488229693553110744 ) ) ;
#39 = ORIENTED_EDGE ( 'NONE', *, *, #3081, .F. ) ;
#40 = CARTESIAN_POINT ( 'NONE',  ( 29.87500000000000000, -0.4999999999999996669, 1.509999999999660947 ) ) ;
#41 = DIRECTION ( 'NONE',  ( 1.000000000000000000, 6.162975822039154730E-33, 2.465190328815661892E-32 ) ) ;
#42 = SURFACE_STYLE_FILL_AREA ( #4272 ) ;
#43 = CARTESIAN_POINT ( 'NONE',  ( -28.41745692452719751, 12.18876292563680153, -3.975190327163698800 ) ) ;
#44 = CARTESIAN_POINT ( 'NONE',  ( 29.67999999999999972, -2.629463045522899112, 1.089999999999650360 ) ) ;
#45 = VERTEX_POINT ( 'NONE', #7166 ) ;
#46 = SURFACE_SIDE_STYLE ('',( #3501 ) ) ;
#47 = DIRECTION ( 'NONE',  ( -1.000000000000000000, -6.162975822039154730E-33, -2.465190328815661892E-32 ) ) ;
#48 = CARTESIAN_POINT ( 'NONE',  ( 28.70000000000229434, 11.09999999999999787, 0.3000000000000103140 ) ) ;
#49 = ORIENTED_EDGE ( 'NONE', *, *, #3191, .T. ) ;
#50 = CARTESIAN_POINT ( 'NONE',  ( 28.24999999999999645, 9.689337846835098134, -2.899999999999991029 ) ) ;
#51 = ORIENTED_EDGE ( 'NONE', *, *, #7276, .T. ) ;
#52 = DIRECTION ( 'NONE',  ( -6.162975822039150624E-33, 1.000000000000000000, -2.220446049250313574E-16 ) ) ;
#53 = DIRECTION ( 'NONE',  ( -1.000000000000000000, -6.162975822039154730E-33, -2.465190328815661892E-32 ) ) ;
#54 = CARTESIAN_POINT ( 'NONE',  ( 30.25679224300349901, 8.049116928532395765E-16, 0.7082077569961625629 ) ) ;
#55 = ORIENTED_EDGE ( 'NONE', *, *, #8060, .T. ) ;
#56 = DIRECTION ( 'NONE',  ( -1.000000000000000000, -6.162975822039154730E-33, -2.465190328815661892E-32 ) ) ;
#57 = DIRECTION ( 'NONE',  ( -1.000000000000000000, -9.302115961259260747E-16, -1.224646799147348277E-16 ) ) ;
#58 = FACE_OUTER_BOUND ( 'NONE', #1454, .T. ) ;
#59 = DIRECTION ( 'NONE',  ( -4.930380657631324879E-32, -0.9659258262890683122, -0.2588190451025209060 ) ) ;
#60 = CARTESIAN_POINT ( 'NONE',  ( -28.00000000000001066, 9.443391120976400543, -3.499999999999997780 ) ) ;
#61 = ORIENTED_EDGE ( 'NONE', *, *, #4983, .F. ) ;
#62 =( NAMED_UNIT ( * ) SI_UNIT ( $, .STERADIAN. ) SOLID_ANGLE_UNIT ( ) );
#63 = LINE ( 'NONE', #2786, #7904 ) ;
#64 = PLANE ( 'NONE',  #7420 ) ;
#65 = AXIS2_PLACEMENT_3D ( 'NONE', #8079, #4647, #7482 ) ;
#66 = CARTESIAN_POINT ( 'NONE',  ( 25.74999999999999645, 8.049116928532395765E-16, -4.099999999999988987 ) ) ;
#67 = CARTESIAN_POINT ( 'NONE',  ( 26.62499999999999645, -1.699999999999999289, -3.598657782019488938 ) ) ;
#68 = EDGE_CURVE ( 'NONE', #8169, #6584, #7941, .T. ) ;
#69 = VERTEX_POINT ( 'NONE', #5057 ) ;
#70 = CARTESIAN_POINT ( 'NONE',  ( 28.74340349033180431, 9.071773227855802091, 0.04007362281238831259 ) ) ;
#71 = ORIENTED_EDGE ( 'NONE', *, *, #2895, .F. ) ;
#72 = CARTESIAN_POINT ( 'NONE',  ( -30.75000000000000000, 3.016894614386100848, -3.944843712904898325 ) ) ;
#73 = AXIS2_PLACEMENT_3D ( 'NONE', #6192, #7677, #2038 ) ;
#74 = SHAPE_REPRESENTATION ( '1990232_1', ( #7772 ), #5452 ) ;
#75 = VECTOR ( 'NONE', #207, 1000.000000000000000 ) ;
#76 = FACE_OUTER_BOUND ( 'NONE', #7562, .T. ) ;
#77 = UNCERTAINTY_MEASURE_WITH_UNIT (LENGTH_MEASURE( 1.000000000000000082E-05 ), #4202, 'distance_accuracy_value', 'NONE');
#78 = EDGE_CURVE ( 'NONE', #4558, #2789, #3681, .T. ) ;
#79 = ORIENTED_EDGE ( 'NONE', *, *, #2042, .F. ) ;
#80 = EDGE_CURVE ( 'NONE', #8903, #4986, #1588, .T. ) ;
#81 = ORIENTED_EDGE ( 'NONE', *, *, #5340, .F. ) ;
#82 = VECTOR ( 'NONE', #5740, 1000.000000000000114 ) ;
#83 = CARTESIAN_POINT ( 'NONE',  ( -30.64999999999999503, 0.5000000000000012212, -5.289204187421996828 ) ) ;
#84 = ORIENTED_EDGE ( 'NONE', *, *, #5439, .F. ) ;
#85 = LINE ( 'NONE', #212, #3110 ) ;
#86 = ORIENTED_EDGE ( 'NONE', *, *, #7271, .T. ) ;
#87 = LINE ( 'NONE', #809, #664 ) ;
#88 = EDGE_CURVE ( 'NONE', #6577, #6919, #2956, .T. ) ;
#89 = CARTESIAN_POINT ( 'NONE',  ( 27.75272768192940731, 9.063707895694099292, 0.02881219719121953793 ) ) ;
#90 = LINE ( 'NONE', #5016, #7104 ) ;
#91 = ADVANCED_FACE ( 'NONE', ( #6525 ), #8123, .F. ) ;
#92 = PLANE ( 'NONE',  #7193 ) ;
#93 = ADVANCED_FACE ( 'NONE', ( #4649 ), #1792, .F. ) ;
#94 = EDGE_LOOP ( 'NONE', ( #6253, #867, #1048, #7386, #5254 ) ) ;
#95 = CARTESIAN_POINT ( 'NONE',  ( 28.24999999999999645, 12.66767569974110152, -5.999999999999993783 ) ) ;
#96 = CARTESIAN_POINT ( 'NONE',  ( 27.49999999999999645, 9.361408879023397134, -3.700000000000392308 ) ) ;
#97 = ORIENTED_EDGE ( 'NONE', *, *, #5996, .F. ) ;
#98 = DIRECTION ( 'NONE',  ( -1.000000000000000000, 6.162975822039154730E-33, -5.669937756276022351E-31 ) ) ;
#99 = VERTEX_POINT ( 'NONE', #4786 ) ;
#100 = DIRECTION ( 'NONE',  ( 0.000000000000000000, 2.220446049250313574E-16, 1.000000000000000000 ) ) ;
#101 = LINE ( 'NONE', #5707, #4082 ) ;
#102 = ORIENTED_EDGE ( 'NONE', *, *, #3739, .T. ) ;
#103 = DIRECTION ( 'NONE',  ( -1.000000000000000000, -6.162975822039154730E-33, -2.465190328815661892E-32 ) ) ;
#104 = FACE_OUTER_BOUND ( 'NONE', #8322, .T. ) ;
#105 = VECTOR ( 'NONE', #6197, 1000.000000000000000 ) ;
#106 = DIRECTION ( 'NONE',  ( 6.162975822039150624E-33, -1.000000000000000000, 2.220446049250313574E-16 ) ) ;
#107 = ORIENTED_EDGE ( 'NONE', *, *, #2785, .T. ) ;
#108 = AXIS2_PLACEMENT_3D ( 'NONE', #7914, #8499, #4484 ) ;
#109 = DIRECTION ( 'NONE',  ( -3.335559729097691015E-32, 1.000000000000000000, -3.943844354434941479E-48 ) ) ;
#110 = CARTESIAN_POINT ( 'NONE',  ( -27.88438694352350566, 10.67656721185510094, -0.4916019335323481565 ) ) ;
#111 = DIRECTION ( 'NONE',  ( 0.000000000000000000, 0.000000000000000000, -1.000000000000000000 ) ) ;
#112 = VECTOR ( 'NONE', #8191, 1000.000000000000114 ) ;
#113 = VECTOR ( 'NONE', #6704, 1000.000000000000000 ) ;
#114 = STYLED_ITEM ( 'NONE', ( #997 ), #3904 ) ;
#115 = DIRECTION ( 'NONE',  ( -1.000000000000000000, -6.162975822039154730E-33, -2.449293598294709866E-16 ) ) ;
#116 = CARTESIAN_POINT ( 'NONE',  ( 29.67999999999999972, 12.59999999999999964, -1.299999999999992051 ) ) ;
#117 = LINE ( 'NONE', #7008, #5461 ) ;
#118 = EDGE_LOOP ( 'NONE', ( #7820, #6531, #7640, #102, #7525 ) ) ;
#119 = VECTOR ( 'NONE', #6542, 1000.000000000000000 ) ;
#120 = VERTEX_POINT ( 'NONE', #5968 ) ;
#121 = SURFACE_STYLE_FILL_AREA ( #7744 ) ;
#122 = VECTOR ( 'NONE', #6202, 1000.000000000000000 ) ;
#123 = PLANE ( 'NONE',  #2583 ) ;
#124 = VECTOR ( 'NONE', #1602, 1000.000000000000000 ) ;
#125 = EDGE_LOOP ( 'NONE', ( #8678, #5587, #7419, #3367 ) ) ;
#126 = CARTESIAN_POINT ( 'NONE',  ( 26.59999999999969233, 12.27953959747759782, -3.999999999999993339 ) ) ;
#127 = VERTEX_POINT ( 'NONE', #7438 ) ;
#128 = MECHANICAL_DESIGN_GEOMETRIC_PRESENTATION_REPRESENTATION (  '', ( #5709 ), #9061 ) ;
#129 = ORIENTED_EDGE ( 'NONE', *, *, #7830, .F. ) ;
#130 = ADVANCED_FACE ( 'NONE', ( #2662 ), #2483, .F. ) ;
#131 = DIRECTION ( 'NONE',  ( -6.162975822039150624E-33, 1.000000000000000000, -2.220446049250313574E-16 ) ) ;
#132 = LINE ( 'NONE', #2205, #8291 ) ;
#133 = AXIS2_PLACEMENT_3D ( 'NONE', #8392, #6744, #5613 ) ;
#134 = DIRECTION ( 'NONE',  ( 1.000000000000000000, 6.162975822039154730E-33, 2.465190328815661892E-32 ) ) ;
#135 = CARTESIAN_POINT ( 'NONE',  ( -28.45559282582510363, 12.11559414379859767, -3.906056750494397267 ) ) ;
#136 = DIRECTION ( 'NONE',  ( -1.000000000000000000, -6.162975822039154730E-33, -2.465190328815661892E-32 ) ) ;
#137 = EDGE_CURVE ( 'NONE', #120, #7119, #2615, .T. ) ;
#138 = VECTOR ( 'NONE', #2022, 1000.000000000000227 ) ;
#139 = CIRCLE ( 'NONE', #8209, 0.2107958125779989811 ) ;
#140 = ORIENTED_EDGE ( 'NONE', *, *, #8274, .F. ) ;
#141 = FACE_OUTER_BOUND ( 'NONE', #1265, .T. ) ;
#142 = PLANE ( 'NONE',  #3237 ) ;
#143 = EDGE_CURVE ( 'NONE', #6584, #8287, #8251, .T. ) ;
#144 = ORIENTED_EDGE ( 'NONE', *, *, #6926, .F. ) ;
#145 = DIRECTION ( 'NONE',  ( -0.9961946980917455452, -0.08715574274765815199, 1.935246246535164504E-17 ) ) ;
#146 = EDGE_LOOP ( 'NONE', ( #8799, #81, #5841, #3642 ) ) ;
#147 = EDGE_CURVE ( 'NONE', #8781, #1927, #4125, .T. ) ;
#148 = CARTESIAN_POINT ( 'NONE',  ( 27.17999999999999616, 9.197444395117798877, -4.099999999999990763 ) ) ;
#149 = CARTESIAN_POINT ( 'NONE',  ( 29.50000000000000000, -0.4999999999999996669, 1.299999999999652101 ) ) ;
#150 = STYLED_ITEM ( 'NONE', ( #2952 ), #7492 ) ;
#151 = EDGE_CURVE ( 'NONE', #6772, #1939, #2217, .T. ) ;
#152 = FACE_OUTER_BOUND ( 'NONE', #2993, .T. ) ;
#153 = EDGE_CURVE ( 'NONE', #6742, #1161, #3221, .T. ) ;
#154 = ORIENTED_EDGE ( 'NONE', *, *, #6679, .F. ) ;
#155 = CARTESIAN_POINT ( 'NONE',  ( 26.99999999999999645, 7.439997600000002542, 0.2399975999999911513 ) ) ;
#156 = AXIS2_PLACEMENT_3D ( 'NONE', #4357, #6484, #5781 ) ;
#157 = CARTESIAN_POINT ( 'NONE',  ( 26.59195636819680786, 12.35106456213360282, -3.988974507423893812 ) ) ;
#158 = CARTESIAN_POINT ( 'NONE',  ( -28.39999999999999503, 12.29201746504349835, -4.000000000000000000 ) ) ;
#159 = FACE_OUTER_BOUND ( 'NONE', #8554, .T. ) ;
#160 = ORIENTED_EDGE ( 'NONE', *, *, #4231, .F. ) ;
#161 = LINE ( 'NONE', #2923, #8360 ) ;
#162 = DIRECTION ( 'NONE',  ( 6.162975822039150624E-33, -1.000000000000000000, 2.220446049250313574E-16 ) ) ;
#163 = LINE ( 'NONE', #4944, #4212 ) ;
#164 = LINE ( 'NONE', #5769, #5788 ) ;
#165 = DIRECTION ( 'NONE',  ( 0.9961946980917455452, -0.08715574274765815199, -1.479114197289397135E-31 ) ) ;
#166 = CARTESIAN_POINT ( 'NONE',  ( -30.75000000000000000, 8.049116928532391821E-16, -9.312129131822700856 ) ) ;
#167 = ORIENTED_EDGE ( 'NONE', *, *, #5337, .T. ) ;
#168 = EDGE_LOOP ( 'NONE', ( #3090, #3211, #7220, #6635 ) ) ;
#169 = MANIFOLD_SOLID_BREP ( 'Split1[4]', #8216 ) ;
#170 = FACE_OUTER_BOUND ( 'NONE', #3338, .T. ) ;
#171 = CYLINDRICAL_SURFACE ( 'NONE', #4054, 1.500000000000000222 ) ;
#172 = ORIENTED_EDGE ( 'NONE', *, *, #5509, .F. ) ;
#173 = VERTEX_POINT ( 'NONE', #6113 ) ;
#174 = DIRECTION ( 'NONE',  ( 0.2963826122724679824, 0.2471901214333620811, 0.9225260923184273043 ) ) ;
#175 = CARTESIAN_POINT ( 'NONE',  ( 28.55000000000659810, 8.896334529550600223, 3.337980045503610160 ) ) ;
#176 = DIRECTION ( 'NONE',  ( 0.2563072973150510303, -0.9665953493282771758, 2.460158735894685368E-16 ) ) ;
#177 = DIRECTION ( 'NONE',  ( 3.610187651973074301E-33, 0.7071067811865470176, 0.7071067811865479058 ) ) ;
#178 = ORIENTED_EDGE ( 'NONE', *, *, #8240, .T. ) ;
#179 = FACE_OUTER_BOUND ( 'NONE', #7136, .T. ) ;
#180 = EDGE_LOOP ( 'NONE', ( #655, #6701, #1801, #5959 ) ) ;
#181 = DIRECTION ( 'NONE',  ( 3.610187651973074301E-33, 0.7071067811865470176, 0.7071067811865479058 ) ) ;
#182 = EDGE_CURVE ( 'NONE', #7314, #4182, #2077, .T. ) ;
#183 = ORIENTED_EDGE ( 'NONE', *, *, #6623, .T. ) ;
#184 = LINE ( 'NONE', #5069, #5018 ) ;
#185 = LINE ( 'NONE', #2122, #5843 ) ;
#186 = EDGE_CURVE ( 'NONE', #4961, #1147, #8210, .T. ) ;
#187 = DIRECTION ( 'NONE',  ( -1.000000000000000000, 3.281431208448924614E-17, -1.224646799147350249E-16 ) ) ;
#188 = ORIENTED_EDGE ( 'NONE', *, *, #3293, .T. ) ;
#189 = DIRECTION ( 'NONE',  ( -6.162975822039150624E-33, -1.000000000000000000, 2.220446049250313574E-16 ) ) ;
#190 = CARTESIAN_POINT ( 'NONE',  ( 25.94672983080223716, 10.66863707979277009, 1.955133692238852916 ) ) ;
#191 = EDGE_CURVE ( 'NONE', #694, #8718, #7521, .T. ) ;
#192 = EDGE_CURVE ( 'NONE', #4662, #8169, #6845, .T. ) ;
#193 = CARTESIAN_POINT ( 'NONE',  ( 29.99231021794560093, 8.873144392711099115, -0.3307384549113504546 ) ) ;
#194 = ORIENTED_EDGE ( 'NONE', *, *, #7159, .F. ) ;
#195 = CARTESIAN_POINT ( 'NONE',  ( 29.86999999999999389, 9.443391120976400543, -3.499999999999991118 ) ) ;
#196 = FACE_OUTER_BOUND ( 'NONE', #8798, .T. ) ;
#197 = DIRECTION ( 'NONE',  ( 6.162975822039150624E-33, 1.000000000000000000, -2.220446049250313574E-16 ) ) ;
#198 = EDGE_CURVE ( 'NONE', #459, #1686, #539, .T. ) ;
#199 = DIRECTION ( 'NONE',  ( 1.000000000000000000, 6.162975822039154730E-33, 2.449293598294709866E-16 ) ) ;
#200 = CARTESIAN_POINT ( 'NONE',  ( 30.75000000000000000, 6.800000000000001599, 6.000000000000008882 ) ) ;
#201 = EDGE_CURVE ( 'NONE', #4171, #6741, #5124, .T. ) ;
#202 = ORIENTED_EDGE ( 'NONE', *, *, #5391, .F. ) ;
#203 = CARTESIAN_POINT ( 'NONE',  ( -30.64999999999999503, 2.223807899774399299, -4.055156287094595413 ) ) ;
#204 = ORIENTED_EDGE ( 'NONE', *, *, #4294, .F. ) ;
#205 = CARTESIAN_POINT ( 'NONE',  ( 27.68208637139639450, 7.999999999999497291, -0.4999999999999917843 ) ) ;
#206 = CARTESIAN_POINT ( 'NONE',  ( -29.25000000000001066, 12.66767569974110152, -6.000000000000000888 ) ) ;
#207 = DIRECTION ( 'NONE',  ( -8.377077475369021191E-17, -0.9396926207856847180, 0.3420201433262831658 ) ) ;
#208 = VECTOR ( 'NONE', #4076, 1000.000000000000000 ) ;
#209 = VERTEX_POINT ( 'NONE', #830 ) ;
#210 = DIRECTION ( 'NONE',  ( -8.659560562354906974E-17, 0.7071067811865481278, 0.7071067811865469066 ) ) ;
#211 = VERTEX_POINT ( 'NONE', #195 ) ;
#212 = CARTESIAN_POINT ( 'NONE',  ( 26.20000000000230500, 11.50000000000000000, -5.999999999999993783 ) ) ;
#213 = VECTOR ( 'NONE', #8398, 1000.000000000000000 ) ;
#214 = LINE ( 'NONE', #2389, #2949 ) ;
#215 = CARTESIAN_POINT ( 'NONE',  ( -28.00000000000001066, 9.443391120976400543, -3.499999999999997780 ) ) ;
#216 = CARTESIAN_POINT ( 'NONE',  ( 29.67999999999999972, 9.443391120976400543, -3.499999999999991118 ) ) ;
#217 = FACE_OUTER_BOUND ( 'NONE', #2603, .T. ) ;
#218 = VECTOR ( 'NONE', #4743, 1000.000000000000000 ) ;
#219 = VERTEX_POINT ( 'NONE', #1479 ) ;
#220 = ORIENTED_EDGE ( 'NONE', *, *, #8049, .T. ) ;
#221 = DIRECTION ( 'NONE',  ( -2.465190328815661345E-32, 6.137086701989279675E-49, 1.000000000000000000 ) ) ;
#222 = PLANE ( 'NONE',  #725 ) ;
#223 = CARTESIAN_POINT ( 'NONE',  ( -30.75000000000000000, 3.174991473819701593, -4.323565720717696514 ) ) ;
#224 = CARTESIAN_POINT ( 'NONE',  ( 28.24999999999999645, 12.28524271247460220, -3.999999999999993339 ) ) ;
#225 = ORIENTED_EDGE ( 'NONE', *, *, #4527, .F. ) ;
#226 = CARTESIAN_POINT ( 'NONE',  ( 28.35000000000000142, 8.719111102545099357, -3.499999999999991118 ) ) ;
#227 = EDGE_LOOP ( 'NONE', ( #6416, #3122, #2117, #2950 ) ) ;
#228 = DIRECTION ( 'NONE',  ( 1.000000000000000000, 0.000000000000000000, 0.000000000000000000 ) ) ;
#229 = DIRECTION ( 'NONE',  ( 0.000000000000000000, 0.000000000000000000, 1.000000000000000000 ) ) ;
#230 = CARTESIAN_POINT ( 'NONE',  ( 30.59999999999999787, 9.054972578080400680, 3.745027421919750577 ) ) ;
#231 = CARTESIAN_POINT ( 'NONE',  ( -27.20000000000000284, 9.294435844492799248, 0.3000000000000033751 ) ) ;
#232 = FACE_OUTER_BOUND ( 'NONE', #6433, .T. ) ;
#233 = VERTEX_POINT ( 'NONE', #2230 ) ;
#234 = VECTOR ( 'NONE', #8406, 1000.000000000000114 ) ;
#235 = FACE_OUTER_BOUND ( 'NONE', #4601, .T. ) ;
#236 = DIRECTION ( 'NONE',  ( 6.162975822039150624E-33, -1.000000000000000000, 2.220446049250313574E-16 ) ) ;
#237 = CARTESIAN_POINT ( 'NONE',  ( 30.24858099162150538, 9.055845581400097544, 0.01755675158052714957 ) ) ;
#238 = EDGE_LOOP ( 'NONE', ( #7449, #8229, #7898, #3587, #1218 ) ) ;
#239 = CARTESIAN_POINT ( 'NONE',  ( 26.54187027574099389, 8.864047594714101308, -0.3559867545351192430 ) ) ;
#240 = LINE ( 'NONE', #7379, #7735 ) ;
#241 = ADVANCED_FACE ( 'NONE', ( #4087 ), #7920, .T. ) ;
#242 = DIRECTION ( 'NONE',  ( -3.610187651973906322E-33, -0.7071067811864790720, 0.7071067811866160735 ) ) ;
#243 = EDGE_CURVE ( 'NONE', #1575, #5800, #6642, .T. ) ;
#244 = VERTEX_POINT ( 'NONE', #8588 ) ;
#245 = CARTESIAN_POINT ( 'NONE',  ( -27.26512006566829527, 9.032920430454296934, -0.01639595547556736699 ) ) ;
#246 = FACE_OUTER_BOUND ( 'NONE', #7689, .T. ) ;
#247 = CARTESIAN_POINT ( 'NONE',  ( 27.56352800510297740, 8.707534283254600993, -0.4999999999999922284 ) ) ;
#248 = AXIS2_PLACEMENT_3D ( 'NONE', #8308, #2811, #2637 ) ;
#249 = VERTEX_POINT ( 'NONE', #5036 ) ;
#250 = ADVANCED_FACE ( 'NONE', ( #3015 ), #6417, .F. ) ;
#251 = EDGE_CURVE ( 'NONE', #7834, #6229, #2061, .T. ) ;
#252 = CARTESIAN_POINT ( 'NONE',  ( 28.63865640099376364, 8.559871567362209888, -0.3786495085142862482 ) ) ;
#253 = ORIENTED_EDGE ( 'NONE', *, *, #1211, .F. ) ;
#254 = AXIS2_PLACEMENT_3D ( 'NONE', #4160, #5545, #488 ) ;
#255 = DIRECTION ( 'NONE',  ( -6.162975822039150624E-33, 1.000000000000000000, -2.220446049250313574E-16 ) ) ;
#256 = CARTESIAN_POINT ( 'NONE',  ( 27.79341302354519527, 9.195486711043500350, 0.1952019328198672521 ) ) ;
#257 = AXIS2_PLACEMENT_3D ( 'NONE', #788, #7733, #4201 ) ;
#258 = CARTESIAN_POINT ( 'NONE',  ( 29.50000000000000000, 7.439997600000002542, 0.2399975999999911513 ) ) ;
#259 = DIRECTION ( 'NONE',  ( -3.335559729097691015E-32, 1.000000000000000000, -3.943844354434941479E-48 ) ) ;
#260 = EDGE_CURVE ( 'NONE', #4346, #4947, #161, .T. ) ;
#261 = EDGE_CURVE ( 'NONE', #8948, #1880, #2972, .T. ) ;
#262 = VECTOR ( 'NONE', #8106, 1000.000000000000000 ) ;
#263 = ORIENTED_EDGE ( 'NONE', *, *, #8125, .F. ) ;
#264 = PLANE ( 'NONE',  #3648 ) ;
#265 = ORIENTED_EDGE ( 'NONE', *, *, #1707, .F. ) ;
#266 = VECTOR ( 'NONE', #6921, 1000.000000000000000 ) ;
#267 = CARTESIAN_POINT ( 'NONE',  ( -26.81515993673659537, 8.049116928532391821E-16, -0.4999999999999970024 ) ) ;
#268 = LINE ( 'NONE', #5969, #6557 ) ;
#269 = CARTESIAN_POINT ( 'NONE',  ( 29.75882086191949938, -0.4999999999999996669, 2.945883038380621599 ) ) ;
#270 = UNCERTAINTY_MEASURE_WITH_UNIT (LENGTH_MEASURE( 1.000000000000000082E-05 ), #555, 'distance_accuracy_value', 'NONE');
#271 = ORIENTED_EDGE ( 'NONE', *, *, #989, .T. ) ;
#272 = CIRCLE ( 'NONE', #7580, 0.2107958125779209047 ) ;
#273 = EDGE_LOOP ( 'NONE', ( #204, #7912, #5893, #8150, #631, #4581, #2504, #8383, #7464, #7983 ) ) ;
#274 = CARTESIAN_POINT ( 'NONE',  ( 26.20000000000000284, 11.05175435324722244, -0.1164147921402719221 ) ) ;
#275 = LINE ( 'NONE', #5934, #8345 ) ;
#276 =( GEOMETRIC_REPRESENTATION_CONTEXT ( 3 ) GLOBAL_UNCERTAINTY_ASSIGNED_CONTEXT ( ( #6529 ) ) GLOBAL_UNIT_ASSIGNED_CONTEXT ( ( #3832, #5838, #2994 ) ) REPRESENTATION_CONTEXT ( 'NONE', 'WORKASPACE' ) );
#277 = ORIENTED_EDGE ( 'NONE', *, *, #5530, .F. ) ;
#278 = VECTOR ( 'NONE', #1767, 1000.000000000000114 ) ;
#279 = ORIENTED_EDGE ( 'NONE', *, *, #5277, .T. ) ;
#280 = CARTESIAN_POINT ( 'NONE',  ( -28.45825756949539453, 11.99780271866330139, -3.499999999999999556 ) ) ;
#281 = LINE ( 'NONE', #1706, #3247 ) ;
#282 = AXIS2_PLACEMENT_3D ( 'NONE', #6411, #7724, #6364 ) ;
#283 = VECTOR ( 'NONE', #6083, 1000.000000000000000 ) ;
#284 = DIRECTION ( 'NONE',  ( 1.000000000000000000, 6.162975822039154730E-33, 2.465190328815661892E-32 ) ) ;
#285 = MANIFOLD_SOLID_BREP ( 'Split1[5]', #1771 ) ;
#286 = ORIENTED_EDGE ( 'NONE', *, *, #4137, .F. ) ;
#287 = LINE ( 'NONE', #328, #7618 ) ;
#288 = CARTESIAN_POINT ( 'NONE',  ( 25.89999999999999147, 9.054972578080199952, 3.745027421919528532 ) ) ;
#289 = VECTOR ( 'NONE', #1465, 1000.000000000000000 ) ;
#290 = CYLINDRICAL_SURFACE ( 'NONE', #3767, 0.1580968594335841193 ) ;
#291 = ORIENTED_EDGE ( 'NONE', *, *, #2736, .F. ) ;
#292 = CARTESIAN_POINT ( 'NONE',  ( 26.74526673221100381, 8.832146868583398813, -0.4583607072373308555 ) ) ;
#293 = CARTESIAN_POINT ( 'NONE',  ( 29.50000000000000000, 7.400624110387701293, 2.321944453947189846 ) ) ;
#294 = CARTESIAN_POINT ( 'NONE',  ( -30.64999999999999503, 0.9831053856220991483, -4.323565720717695626 ) ) ;
#295 = AXIS2_PLACEMENT_3D ( 'NONE', #1360, #4135, #6895 ) ;
#296 = ORIENTED_EDGE ( 'NONE', *, *, #8119, .T. ) ;
#297 = ADVANCED_FACE ( 'NONE', ( #4828 ), #5765, .F. ) ;
#298 = CARTESIAN_POINT ( 'NONE',  ( -28.41828515572320057, -2.571216600396099672, 5.990002399999610816 ) ) ;
#299 = ORIENTED_EDGE ( 'NONE', *, *, #4652, .F. ) ;
#300 = ORIENTED_EDGE ( 'NONE', *, *, #919, .T. ) ;
#301 = ADVANCED_FACE ( 'NONE', ( #7194 ), #6243, .T. ) ;
#302 = CARTESIAN_POINT ( 'NONE',  ( -30.75000000000000000, 0.7107958125781029812, -5.289204187421996828 ) ) ;
#303 = CARTESIAN_POINT ( 'NONE',  ( 27.44635046624320651, 8.861320472512399959, -0.3639060635994822435 ) ) ;
#304 = CYLINDRICAL_SURFACE ( 'NONE', #3598, 1.500000000000000222 ) ;
#305 = EDGE_CURVE ( 'NONE', #1064, #2819, #785, .T. ) ;
#306 = CIRCLE ( 'NONE', #5472, 0.4567242605855179605 ) ;
#307 = VERTEX_POINT ( 'NONE', #8105 ) ;
#308 = CARTESIAN_POINT ( 'NONE',  ( 29.67999999999999972, 6.890273209732502124, 0.4172889630133774230 ) ) ;
#309 = CARTESIAN_POINT ( 'NONE',  ( -27.63000000000000256, -8.550409999999999400, 7.200002400000002467 ) ) ;
#310 = ORIENTED_EDGE ( 'NONE', *, *, #6871, .T. ) ;
#311 = EDGE_CURVE ( 'NONE', #7065, #8794, #2836, .T. ) ;
#312 = ADVANCED_FACE ( 'NONE', ( #5464 ), #1952, .T. ) ;
#313 = EDGE_LOOP ( 'NONE', ( #7797, #7844, #1714, #1999 ) ) ;
#314 = LINE ( 'NONE', #5927, #3337 ) ;
#315 = LINE ( 'NONE', #4415, #2263 ) ;
#316 = LINE ( 'NONE', #5300, #8605 ) ;
#317 = EDGE_CURVE ( 'NONE', #8091, #6640, #306, .T. ) ;
#318 = ORIENTED_EDGE ( 'NONE', *, *, #4028, .F. ) ;
#319 = EDGE_LOOP ( 'NONE', ( #756, #1141, #8397, #6859 ) ) ;
#320 = LINE ( 'NONE', #906, #5433 ) ;
#321 = CARTESIAN_POINT ( 'NONE',  ( -28.47098844496180448, 10.36808542494920005, -6.000000000000000888 ) ) ;
#322 = CARTESIAN_POINT ( 'NONE',  ( 27.17999999999999616, 11.50000000000000000, -4.099999999999992539 ) ) ;
#323 = ORIENTED_EDGE ( 'NONE', *, *, #6390, .T. ) ;
#324 = VERTEX_POINT ( 'NONE', #4890 ) ;
#325 = CARTESIAN_POINT ( 'NONE',  ( 29.67999999999999972, 7.903781086372598352, -0.5962189136269214762 ) ) ;
#326 = DIRECTION ( 'NONE',  ( -0.3373301319857319736, -0.6656607176537041592, -0.6656607176537040482 ) ) ;
#327 = ORIENTED_EDGE ( 'NONE', *, *, #4351, .F. ) ;
#328 = CARTESIAN_POINT ( 'NONE',  ( 29.86999999999999389, 12.66767569974110152, -5.999999999999993783 ) ) ;
#329 = CARTESIAN_POINT ( 'NONE',  ( -29.25000000000001066, 12.28524271247460220, -3.800000000000001155 ) ) ;
#330 = LINE ( 'NONE', #5857, #3909 ) ;
#331 = ORIENTED_EDGE ( 'NONE', *, *, #1103, .T. ) ;
#332 = CARTESIAN_POINT ( 'NONE',  ( 29.50000000000000000, 9.717157287525500564, 2.517157287525060294 ) ) ;
#333 = CARTESIAN_POINT ( 'NONE',  ( 25.75000000000115463, 9.197444395117798877, -4.099999999999992539 ) ) ;
#334 = CARTESIAN_POINT ( 'NONE',  ( -27.40582648974869429, 8.911989682365298648, -0.2358567776433190821 ) ) ;
#335 = DIRECTION ( 'NONE',  ( -5.669937756276022351E-31, 6.137086701989316138E-49, 1.000000000000000000 ) ) ;
#336 = EDGE_LOOP ( 'NONE', ( #2908, #1994 ) ) ;
#337 = CARTESIAN_POINT ( 'NONE',  ( 26.05000000000000426, 10.53798004549439860, 1.696334529555780124 ) ) ;
#338 = VERTEX_POINT ( 'NONE', #5706 ) ;
#339 = DIRECTION ( 'NONE',  ( -1.000000000000000000, -6.162975822039154730E-33, -2.465190328815661892E-32 ) ) ;
#340 = CARTESIAN_POINT ( 'NONE',  ( -29.25000000000001066, 13.10000000000000142, -1.299999999999999156 ) ) ;
#341 = CARTESIAN_POINT ( 'NONE',  ( 27.78643029728310054, 9.158030092237201103, 0.1516280025332886749 ) ) ;
#342 = PLANE ( 'NONE',  #5372 ) ;
#343 = UNCERTAINTY_MEASURE_WITH_UNIT (LENGTH_MEASURE( 1.000000000000000082E-05 ), #3641, 'distance_accuracy_value', 'NONE');
#344 = ADVANCED_FACE ( 'NONE', ( #8492 ), #6991, .T. ) ;
#345 = AXIS2_PLACEMENT_3D ( 'NONE', #5198, #1692, #6633 ) ;
#346 = VECTOR ( 'NONE', #5569, 1000.000000000000114 ) ;
#347 = ORIENTED_EDGE ( 'NONE', *, *, #2680, .F. ) ;
#348 = CARTESIAN_POINT ( 'NONE',  ( -28.00000000000001066, 7.400624110387701293, 2.321944453947183185 ) ) ;
#349 = CARTESIAN_POINT ( 'NONE',  ( 26.20000000000000284, 9.294435844495099630, 0.3000000000000068723 ) ) ;
#350 = VERTEX_POINT ( 'NONE', #2958 ) ;
#351 = FACE_OUTER_BOUND ( 'NONE', #3170, .T. ) ;
#352 = SURFACE_STYLE_USAGE ( .BOTH. , #6763 ) ;
#353 = CARTESIAN_POINT ( 'NONE',  ( -27.81999999999999673, 13.10000000000000142, -1.799999999999999600 ) ) ;
#354 = DIRECTION ( 'NONE',  ( 0.000000000000000000, -0.7071067811865476838, 0.7071067811865473507 ) ) ;
#355 = VECTOR ( 'NONE', #7463, 1000.000000000000000 ) ;
#356 = SURFACE_SIDE_STYLE ('',( #8035 ) ) ;
#357 = EDGE_CURVE ( 'NONE', #2563, #1186, #184, .T. ) ;
#358 = EDGE_CURVE ( 'NONE', #1745, #1763, #7720, .T. ) ;
#359 = VERTEX_POINT ( 'NONE', #7084 ) ;
#360 = ORIENTED_EDGE ( 'NONE', *, *, #1080, .F. ) ;
#361 = DIRECTION ( 'NONE',  ( 0.000000000000000000, 0.000000000000000000, 1.000000000000000000 ) ) ;
#362 = CARTESIAN_POINT ( 'NONE',  ( -28.70168268788570032, 8.990477150924501615, -0.08445946488660864560 ) ) ;
#363 = DIRECTION ( 'NONE',  ( -0.2456180623827269593, -0.9693666836813378263, 2.152426423055105252E-16 ) ) ;
#364 = FILL_AREA_STYLE_COLOUR ( '', #7728 ) ;
#365 = VECTOR ( 'NONE', #6194, 1000.000000000000000 ) ;
#366 = ORIENTED_EDGE ( 'NONE', *, *, #2042, .T. ) ;
#367 = ADVANCED_FACE ( 'NONE', ( #8358 ), #7672, .F. ) ;
#368 = EDGE_CURVE ( 'NONE', #2534, #4258, #1796, .T. ) ;
#369 = ORIENTED_EDGE ( 'NONE', *, *, #4879, .F. ) ;
#370 = DIRECTION ( 'NONE',  ( -0.9486832980503371315, -0.2236067977503532478, -0.2236067977503540805 ) ) ;
#371 = PLANE ( 'NONE',  #8127 ) ;
#372 = DIRECTION ( 'NONE',  ( -2.465190328815661618E-32, 2.220446049250313574E-16, 1.000000000000000000 ) ) ;
#373 = CARTESIAN_POINT ( 'NONE',  ( 26.25000000000000355, -7.703719777548943412E-31, 0.01364251303455105493 ) ) ;
#374 =( BOUNDED_CURVE ( )  B_SPLINE_CURVE ( 3, ( #5143, #2143, #5010, #6709 ),
 .UNSPECIFIED., .F., .T. ) 
 B_SPLINE_CURVE_WITH_KNOTS ( ( 4, 4 ),
 ( 6.138161162879808508, 6.428209451479363956 ),
 .UNSPECIFIED. ) 
 CURVE ( )  GEOMETRIC_REPRESENTATION_ITEM ( )  RATIONAL_B_SPLINE_CURVE ( ( 1.000000000000000000, 0.9930016112769610714, 0.9930016112769610714, 1.000000000000000000 ) ) 
 REPRESENTATION_ITEM ( '' )  );
#375 = AXIS2_PLACEMENT_3D ( 'NONE', #2835, #7838, #800 ) ;
#376 = EDGE_CURVE ( 'NONE', #5782, #4656, #1556, .T. ) ;
#377 = FACE_OUTER_BOUND ( 'NONE', #498, .T. ) ;
#378 = VERTEX_POINT ( 'NONE', #3510 ) ;
#379 = CARTESIAN_POINT ( 'NONE',  ( -30.64999999999999503, 1.430721185162600717, -3.786746853471398389 ) ) ;
#380 = LINE ( 'NONE', #6780, #1586 ) ;
#381 = AXIS2_PLACEMENT_3D ( 'NONE', #6924, #4088, #628 ) ;
#382 = CARTESIAN_POINT ( 'NONE',  ( 30.29758011631989945, 9.234412138041101059, 0.2378231711086306044 ) ) ;
#383 = CARTESIAN_POINT ( 'NONE',  ( 27.05772747935460032, 8.821801823924001695, -0.4980452020267537305 ) ) ;
#384 = ORIENTED_EDGE ( 'NONE', *, *, #6497, .F. ) ;
#385 = CARTESIAN_POINT ( 'NONE',  ( 26.62675071235739921, 8.847006307348900478, -0.4075909618376106214 ) ) ;
#386 = FACE_OUTER_BOUND ( 'NONE', #4052, .T. ) ;
#387 = CARTESIAN_POINT ( 'NONE',  ( -25.31999999999999673, 11.50000000000000000, 1.299999999999280842 ) ) ;
#388 = ORIENTED_EDGE ( 'NONE', *, *, #421, .F. ) ;
#389 = CARTESIAN_POINT ( 'NONE',  ( -27.31786014058939926, 8.971150376205102361, -0.1181604213273002718 ) ) ;
#390 = PLANE ( 'NONE',  #1761 ) ;
#391 = ORIENTED_EDGE ( 'NONE', *, *, #6729, .T. ) ;
#392 = CARTESIAN_POINT ( 'NONE',  ( -29.25000000000001066, 11.09999999999999787, -0.06816914538748837515 ) ) ;
#393 = PLANE ( 'NONE',  #7994 ) ;
#394 = ORIENTED_EDGE ( 'NONE', *, *, #3637, .T. ) ;
#395 = CARTESIAN_POINT ( 'NONE',  ( 29.38438694352349501, 10.67656721185510094, -0.4916019335323412176 ) ) ;
#396 = CARTESIAN_POINT ( 'NONE',  ( 29.50000000000000000, 0.3000000000000024869, 1.299999999999662537 ) ) ;
#397 = DIRECTION ( 'NONE',  ( 2.465190328815661892E-32, -6.137086701989279675E-49, -1.000000000000000000 ) ) ;
#398 = SURFACE_STYLE_USAGE ( .BOTH. , #533 ) ;
#399 = VERTEX_POINT ( 'NONE', #820 ) ;
#400 = LINE ( 'NONE', #8611, #1576 ) ;
#401 = VECTOR ( 'NONE', #4034, 1000.000000000000114 ) ;
#402 = FACE_OUTER_BOUND ( 'NONE', #8122, .T. ) ;
#403 = LINE ( 'NONE', #5344, #4048 ) ;
#404 = ORIENTED_EDGE ( 'NONE', *, *, #7157, .T. ) ;
#405 = CARTESIAN_POINT ( 'NONE',  ( -30.75000000000000000, 8.049116928532391821E-16, 5.739098000000004696 ) ) ;
#406 = AXIS2_PLACEMENT_3D ( 'NONE', #1970, #7565, #1271 ) ;
#407 = CARTESIAN_POINT ( 'NONE',  ( 26.99999999999999645, 7.439997600000002542, 0.2399975999999911513 ) ) ;
#408 = DIRECTION ( 'NONE',  ( 1.000000000000000000, 6.162975822039154730E-33, 2.465190328815661892E-32 ) ) ;
#409 = CARTESIAN_POINT ( 'NONE',  ( 26.99999999999999645, 11.50000000000000000, -3.700000000000394085 ) ) ;
#410 = CIRCLE ( 'NONE', #8741, 0.1580968594334991317 ) ;
#411 = ORIENTED_EDGE ( 'NONE', *, *, #3701, .F. ) ;
#412 = ORIENTED_EDGE ( 'NONE', *, *, #8435, .F. ) ;
#413 = DIRECTION ( 'NONE',  ( 3.610187651973059248E-33, 0.7071067811865475727, 0.7071067811865474617 ) ) ;
#414 = CARTESIAN_POINT ( 'NONE',  ( -28.68213985941110877, 8.971150376205702770, -0.1181604213263496433 ) ) ;
#415 = CARTESIAN_POINT ( 'NONE',  ( 30.52499982991761485, 8.975651939522721889, 3.541504706581580564 ) ) ;
#416 = ADVANCED_FACE ( 'NONE', ( #1510 ), #7038, .T. ) ;
#417 = VERTEX_POINT ( 'NONE', #4323 ) ;
#418 = LINE ( 'NONE', #6349, #708 ) ;
#419 = AXIS2_PLACEMENT_3D ( 'NONE', #4889, #2909, #1378 ) ;
#420 = EDGE_LOOP ( 'NONE', ( #394, #7186, #1171, #5606 ) ) ;
#421 = EDGE_CURVE ( 'NONE', #1160, #2270, #6318, .T. ) ;
#422 = VECTOR ( 'NONE', #221, 1000.000000000000000 ) ;
#423 = ORIENTED_EDGE ( 'NONE', *, *, #4870, .F. ) ;
#424 = CARTESIAN_POINT ( 'NONE',  ( -28.96999999999999886, -1.973616114660898813, 1.298245903370923493 ) ) ;
#425 = CARTESIAN_POINT ( 'NONE',  ( -27.62499999999999645, 8.049116928532395765E-16, 0.5799083837662315499 ) ) ;
#426 = DIRECTION ( 'NONE',  ( -6.162975822039150624E-33, 1.000000000000000000, -2.220446049250313574E-16 ) ) ;
#427 = PLANE ( 'NONE',  #7631 ) ;
#428 = EDGE_CURVE ( 'NONE', #3408, #838, #11, .T. ) ;
#429 = LINE ( 'NONE', #4930, #6686 ) ;
#430 = ORIENTED_EDGE ( 'NONE', *, *, #7782, .T. ) ;
#431 = ORIENTED_EDGE ( 'NONE', *, *, #6382, .F. ) ;
#432 = VECTOR ( 'NONE', #4582, 1000.000000000000000 ) ;
#433 = CARTESIAN_POINT ( 'NONE',  ( -26.75000000000001066, 8.049116928532391821E-16, -2.899999999999996358 ) ) ;
#434 = EDGE_CURVE ( 'NONE', #4656, #7654, #6474, .T. ) ;
#435 = DIRECTION ( 'NONE',  ( 5.291399422828629572E-32, 0.7071067811865479058, -0.7071067811865470176 ) ) ;
#436 = CIRCLE ( 'NONE', #5445, 0.1580968594334401511 ) ;
#437 = DIRECTION ( 'NONE',  ( -0.9914448613738103822, -0.1305261922200520452, -2.138513184186363619E-16 ) ) ;
#438 = EDGE_CURVE ( 'NONE', #8913, #6094, #5754, .T. ) ;
#439 = AXIS2_PLACEMENT_3D ( 'NONE', #2850, #5649, #8433 ) ;
#440 = VERTEX_POINT ( 'NONE', #6408 ) ;
#441 = VECTOR ( 'NONE', #3473, 1000.000000000000000 ) ;
#442 = CARTESIAN_POINT ( 'NONE',  ( -27.33935118245540963, 8.953175398964601683, -0.1513540303560278466 ) ) ;
#443 = PLANE ( 'NONE',  #3678 ) ;
#444 = ORIENTED_EDGE ( 'NONE', *, *, #2059, .F. ) ;
#445 = CARTESIAN_POINT ( 'NONE',  ( 27.17999999999999616, 12.59999999999999964, -1.299999999999992051 ) ) ;
#446 = ORIENTED_EDGE ( 'NONE', *, *, #8003, .F. ) ;
#447 = DIRECTION ( 'NONE',  ( 2.465190328815661345E-32, -6.137086701989279675E-49, -1.000000000000000000 ) ) ;
#448 = SURFACE_STYLE_FILL_AREA ( #8202 ) ;
#449 =( GEOMETRIC_REPRESENTATION_CONTEXT ( 3 ) GLOBAL_UNCERTAINTY_ASSIGNED_CONTEXT ( ( #5155 ) ) GLOBAL_UNIT_ASSIGNED_CONTEXT ( ( #5745, #3098, #1698 ) ) REPRESENTATION_CONTEXT ( 'NONE', 'WORKASPACE' ) );
#450 = ORIENTED_EDGE ( 'NONE', *, *, #8715, .T. ) ;
#451 = VECTOR ( 'NONE', #8407, 1000.000000000000000 ) ;
#452 = CARTESIAN_POINT ( 'NONE',  ( -28.37499999999999645, -2.629463045522899112, 1.089999999999650804 ) ) ;
#453 = CARTESIAN_POINT ( 'NONE',  ( -29.25000000000001066, 10.36808542494920005, -6.000000000000000888 ) ) ;
#454 = ORIENTED_EDGE ( 'NONE', *, *, #8990, .F. ) ;
#455 = DIRECTION ( 'NONE',  ( -1.000000000000000000, -6.162975822039154730E-33, -2.465190328815661892E-32 ) ) ;
#456 = CIRCLE ( 'NONE', #8508, 0.5000000000000000000 ) ;
#457 = VECTOR ( 'NONE', #8503, 1000.000000000000114 ) ;
#458 = ORIENTED_EDGE ( 'NONE', *, *, #4660, .T. ) ;
#459 = VERTEX_POINT ( 'NONE', #1062 ) ;
#460 = DIRECTION ( 'NONE',  ( -1.000000000000000000, -6.162975822039154730E-33, -2.465190328815661892E-32 ) ) ;
#461 = CARTESIAN_POINT ( 'NONE',  ( -28.75659650966830228, 9.071773227855999266, 0.04007362281263117387 ) ) ;
#462 = DIRECTION ( 'NONE',  ( 0.3247417700539127483, 0.3434293095983873001, 0.8812485983484040775 ) ) ;
#463 = ORIENTED_EDGE ( 'NONE', *, *, #3635, .T. ) ;
#464 = EDGE_LOOP ( 'NONE', ( #8474, #8883, #4245, #444, #2145, #4865, #4004, #8816, #2298 ) ) ;
#465 = LINE ( 'NONE', #5528, #4041 ) ;
#466 = APPLICATION_PROTOCOL_DEFINITION ( 'draft international standard', 'automotive_design', 1998, #2854 ) ;
#467 = EDGE_CURVE ( 'NONE', #593, #7905, #5117, .T. ) ;
#468 = ORIENTED_EDGE ( 'NONE', *, *, #2000, .F. ) ;
#469 = DIRECTION ( 'NONE',  ( -2.465190328815661618E-32, 2.220446049250313574E-16, 1.000000000000000000 ) ) ;
#470 = PLANE ( 'NONE',  #1306 ) ;
#471 = DIRECTION ( 'NONE',  ( 2.465190328815661345E-32, -6.137086701989279675E-49, -1.000000000000000000 ) ) ;
#472 = CARTESIAN_POINT ( 'NONE',  ( 27.17999999999999616, -2.900000000000399591, -3.490000000000388791 ) ) ;
#473 = CARTESIAN_POINT ( 'NONE',  ( -28.65541998903470144, 6.890273209732502124, 0.4172889630133704841 ) ) ;
#474 = VERTEX_POINT ( 'NONE', #1104 ) ;
#475 = EDGE_LOOP ( 'NONE', ( #2291, #183, #4886, #8137 ) ) ;
#476 = PRODUCT_DEFINITION ( 'UNKNOWN', '', #5302, #5437 ) ;
#477 = CARTESIAN_POINT ( 'NONE',  ( 26.99999999999999645, -0.4999999999999996669, -3.200000000000390088 ) ) ;
#478 = PLANE ( 'NONE',  #2501 ) ;
#479 = ADVANCED_FACE ( 'NONE', ( #3925 ), #3784, .F. ) ;
#480 = ADVANCED_FACE ( 'NONE', ( #7957 ), #3146, .T. ) ;
#481 = ORIENTED_EDGE ( 'NONE', *, *, #8822, .T. ) ;
#482 = CARTESIAN_POINT ( 'NONE',  ( -27.77269520722520824, 8.829752859918102104, -0.4671634206134689937 ) ) ;
#483 = DIRECTION ( 'NONE',  ( 0.9961946980917455452, -0.08715574274765815199, -1.479114197289397135E-31 ) ) ;
#484 = VERTEX_POINT ( 'NONE', #5939 ) ;
#485 = DIRECTION ( 'NONE',  ( -2.465190328815661345E-32, 6.137086701989279675E-49, 1.000000000000000000 ) ) ;
#486 = ORIENTED_EDGE ( 'NONE', *, *, #5929, .F. ) ;
#487 = ADVANCED_FACE ( 'NONE', ( #8679 ), #371, .T. ) ;
#488 = DIRECTION ( 'NONE',  ( 2.465190328815661345E-32, -6.137086701989279675E-49, -1.000000000000000000 ) ) ;
#489 = EDGE_CURVE ( 'NONE', #6741, #6640, #7674, .T. ) ;
#490 = CARTESIAN_POINT ( 'NONE',  ( 26.88999999999999702, 13.10000000000000142, -1.799999999999992495 ) ) ;
#491 = ADVANCED_FACE ( 'NONE', ( #916 ), #8752, .T. ) ;
#492 = ORIENTED_EDGE ( 'NONE', *, *, #1488, .T. ) ;
#493 = CARTESIAN_POINT ( 'NONE',  ( 28.02499969013390313, 8.975651791689100989, 3.541504327257845031 ) ) ;
#494 = CARTESIAN_POINT ( 'NONE',  ( 29.13934416960320561, 8.844938938200597178, -0.4142339225302310024 ) ) ;
#495 = EDGE_LOOP ( 'NONE', ( #3878, #7100, #8709, #8964 ) ) ;
#496 = CARTESIAN_POINT ( 'NONE',  ( -27.14396487591871931, 8.565243927529882839, -0.3787303874231104928 ) ) ;
#497 = PLANE ( 'NONE',  #6973 ) ;
#498 = EDGE_LOOP ( 'NONE', ( #911, #1350, #8909, #6293 ) ) ;
#499 = ORIENTED_EDGE ( 'NONE', *, *, #4652, .T. ) ;
#500 = CARTESIAN_POINT ( 'NONE',  ( -30.75000000000000000, 3.289204187422301029, -5.499999999999999112 ) ) ;
#501 = CARTESIAN_POINT ( 'NONE',  ( -28.39819595095570293, 8.851283482270801528, -0.3940040888031990374 ) ) ;
#502 = ORIENTED_EDGE ( 'NONE', *, *, #8988, .T. ) ;
#503 = CARTESIAN_POINT ( 'NONE',  ( -28.79999999999770210, 11.50000000000000000, 1.299999999999280842 ) ) ;
#504 = AXIS2_PLACEMENT_3D ( 'NONE', #7795, #4306, #7107 ) ;
#505 = EDGE_LOOP ( 'NONE', ( #2480, #4023, #6026, #5024 ) ) ;
#506 = LINE ( 'NONE', #4177, #3615 ) ;
#507 = CARTESIAN_POINT ( 'NONE',  ( 0.000000000000000000, 0.000000000000000000, 0.000000000000000000 ) ) ;
#508 = AXIS2_PLACEMENT_3D ( 'NONE', #4545, #5229, #8019 ) ;
#509 = AXIS2_PLACEMENT_3D ( 'NONE', #2650, #5469, #4031 ) ;
#510 = ORIENTED_EDGE ( 'NONE', *, *, #7947, .F. ) ;
#511 = PLANE ( 'NONE',  #3519 ) ;
#512 = CARTESIAN_POINT ( 'NONE',  ( -27.63000000000000256, 12.66767569974110152, -6.000000000000000888 ) ) ;
#513 = FACE_BOUND ( 'NONE', #7017, .T. ) ;
#514 = CARTESIAN_POINT ( 'NONE',  ( -28.43540081502850114, 12.42221567410090088, -3.945869750848301383 ) ) ;
#515 = DIRECTION ( 'NONE',  ( 3.610187651973906322E-33, 0.7071067811864790720, -0.7071067811866160735 ) ) ;
#516 = ORIENTED_EDGE ( 'NONE', *, *, #928, .T. ) ;
#517 = ORIENTED_EDGE ( 'NONE', *, *, #2898, .T. ) ;
#518 = CARTESIAN_POINT ( 'NONE',  ( 26.25588130646619334, 9.048147215588098646, 0.006252880978397865053 ) ) ;
#519 = CARTESIAN_POINT ( 'NONE',  ( 28.83374433176300045, 12.59999999999999964, -1.299999999999992051 ) ) ;
#520 = VECTOR ( 'NONE', #7745, 1000.000000000000000 ) ;
#521 = DIRECTION ( 'NONE',  ( 1.000000000000000000, 6.162975822039154730E-33, 2.449293598294709866E-16 ) ) ;
#522 = VERTEX_POINT ( 'NONE', #7369 ) ;
#523 = CARTESIAN_POINT ( 'NONE',  ( -27.56542885562179990, 8.858593335528398782, -0.3718254155903270020 ) ) ;
#524 = VECTOR ( 'NONE', #6415, 1000.000000000000000 ) ;
#525 = EDGE_CURVE ( 'NONE', #3263, #5957, #6086, .T. ) ;
#526 = CARTESIAN_POINT ( 'NONE',  ( -28.17999999999999616, -0.4999999999999996669, 1.509999999999661391 ) ) ;
#527 = ORIENTED_EDGE ( 'NONE', *, *, #3253, .F. ) ;
#528 = CARTESIAN_POINT ( 'NONE',  ( -27.50000000000001066, 9.197444395117798877, -4.099999999999997868 ) ) ;
#529 = EDGE_CURVE ( 'NONE', #5945, #6165, #7760, .T. ) ;
#530 = LINE ( 'NONE', #5473, #7840 ) ;
#531 = AXIS2_PLACEMENT_3D ( 'NONE', #4361, #1459, #7756 ) ;
#532 = ADVANCED_FACE ( 'NONE', ( #3737 ), #8093, .F. ) ;
#533 = SURFACE_SIDE_STYLE ('',( #8074 ) ) ;
#534 = VERTEX_POINT ( 'NONE', #230 ) ;
#535 = DIRECTION ( 'NONE',  ( 6.162975822039150624E-33, -1.000000000000000000, 2.220446049250313574E-16 ) ) ;
#536 = EDGE_CURVE ( 'NONE', #7065, #4626, #8689, .T. ) ;
#537 = CARTESIAN_POINT ( 'NONE',  ( 29.38484518503349463, 8.823255851435597208, -0.4921945867926418861 ) ) ;
#538 = ORIENTED_EDGE ( 'NONE', *, *, #5638, .F. ) ;
#539 = LINE ( 'NONE', #879, #8800 ) ;
#540 = CYLINDRICAL_SURFACE ( 'NONE', #5237, 0.5000000000000000000 ) ;
#541 = EDGE_CURVE ( 'NONE', #4520, #694, #2361, .T. ) ;
#542 = CARTESIAN_POINT ( 'NONE',  ( 29.71343266143339079, 8.828732845407399665, -0.4710035661612907987 ) ) ;
#543 = CYLINDRICAL_SURFACE ( 'NONE', #7614, 0.2000000000000000944 ) ;
#544 = EDGE_CURVE ( 'NONE', #1626, #1322, #1151, .T. ) ;
#545 = ORIENTED_EDGE ( 'NONE', *, *, #29, .F. ) ;
#546 = ORIENTED_EDGE ( 'NONE', *, *, #858, .T. ) ;
#547 = LINE ( 'NONE', #2489, #2336 ) ;
#548 = CARTESIAN_POINT ( 'NONE',  ( -28.60310134950820427, 8.916689370469899956, -0.2256127492949264735 ) ) ;
#549 = ORIENTED_EDGE ( 'NONE', *, *, #7042, .F. ) ;
#550 = AXIS2_PLACEMENT_3D ( 'NONE', #48, #908, #5023 ) ;
#551 = ORIENTED_EDGE ( 'NONE', *, *, #5977, .F. ) ;
#552 = CARTESIAN_POINT ( 'NONE',  ( -30.75000000000000000, 1.670670136135498751, -3.786746853471398389 ) ) ;
#553 = CARTESIAN_POINT ( 'NONE',  ( -27.20000000000000284, 10.84008786613549802, 1.450517191627422431 ) ) ;
#554 = VECTOR ( 'NONE', #6743, 1000.000000000000000 ) ;
#555 =( LENGTH_UNIT ( ) NAMED_UNIT ( * ) SI_UNIT ( .MILLI., .METRE. ) );
#556 = VECTOR ( 'NONE', #3623, 1000.000000000000000 ) ;
#557 = ORIENTED_EDGE ( 'NONE', *, *, #630, .F. ) ;
#558 = FACE_OUTER_BOUND ( 'NONE', #7791, .T. ) ;
#559 = CARTESIAN_POINT ( 'NONE',  ( 27.11561305647650144, 10.67656721185510094, -0.4916019335323412176 ) ) ;
#560 = CARTESIAN_POINT ( 'NONE',  ( -30.64999999999999503, 2.649814791730800145, 0.9871951405570831284 ) ) ;
#561 = VECTOR ( 'NONE', #4971, 1000.000000000000000 ) ;
#562 = CARTESIAN_POINT ( 'NONE',  ( 26.12800749259799815, 8.049116928532395765E-16, -8.499999999999486633 ) ) ;
#563 = DIRECTION ( 'NONE',  ( -6.162975822039150624E-33, 1.000000000000000000, -2.220446049250313574E-16 ) ) ;
#564 = ORIENTED_EDGE ( 'NONE', *, *, #7108, .T. ) ;
#565 = VERTEX_POINT ( 'NONE', #601 ) ;
#566 = CARTESIAN_POINT ( 'NONE',  ( 26.48584662674820223, 8.879910313775297936, -0.3128999174198208166 ) ) ;
#567 = LINE ( 'NONE', #8147, #3499 ) ;
#568 = CARTESIAN_POINT ( 'NONE',  ( 28.24999999999999645, 11.50000000000000000, -4.099999999999992539 ) ) ;
#569 = ORIENTED_EDGE ( 'NONE', *, *, #4963, .T. ) ;
#570 = DIRECTION ( 'NONE',  ( -2.301583120455694130E-16, -0.3420201433256735979, 0.9396926207859066515 ) ) ;
#571 = DIRECTION ( 'NONE',  ( 0.000000000000000000, 0.000000000000000000, -1.000000000000000000 ) ) ;
#572 = CARTESIAN_POINT ( 'NONE',  ( 28.54999999999999361, 8.976854444284400714, 3.823145555715345090 ) ) ;
#573 = AXIS2_PLACEMENT_3D ( 'NONE', #424, #3380, #5494 ) ;
#574 = DIRECTION ( 'NONE',  ( 3.157997194805338088E-31, 0.3792829471100740424, 0.9252807390362650652 ) ) ;
#575 = VERTEX_POINT ( 'NONE', #5492 ) ;
#576 = PLANE ( 'NONE',  #5259 ) ;
#577 = DIRECTION ( 'NONE',  ( 6.162975822039154730E-33, -0.7071067811865469066, 0.7071067811865481278 ) ) ;
#578 =( NAMED_UNIT ( * ) SI_UNIT ( $, .STERADIAN. ) SOLID_ANGLE_UNIT ( ) );
#579 = AXIS2_PLACEMENT_3D ( 'NONE', #2409, #3150, #7187 ) ;
#580 = VECTOR ( 'NONE', #8107, 1000.000000000000000 ) ;
#581 = ADVANCED_FACE ( 'NONE', ( #1236 ), #2630, .T. ) ;
#582 = ORIENTED_EDGE ( 'NONE', *, *, #4296, .T. ) ;
#583 = CARTESIAN_POINT ( 'NONE',  ( -28.95000000000000284, 7.225050937922400607, 1.666696453860480931 ) ) ;
#584 = DIRECTION ( 'NONE',  ( 2.465190328815661345E-32, -6.137086701989279675E-49, -1.000000000000000000 ) ) ;
#585 = EDGE_LOOP ( 'NONE', ( #8108, #3741, #3704, #4042, #8704, #3760 ) ) ;
#586 = DIRECTION ( 'NONE',  ( -1.000000000000000000, -6.162975822039154730E-33, -2.465190328815661345E-32 ) ) ;
#587 = VECTOR ( 'NONE', #7246, 1000.000000000000114 ) ;
#588 = CARTESIAN_POINT ( 'NONE',  ( -27.63000000000000256, 12.28524271247460220, -3.800000000000001155 ) ) ;
#589 = DIRECTION ( 'NONE',  ( 0.000000000000000000, 0.000000000000000000, 1.000000000000000000 ) ) ;
#590 = CARTESIAN_POINT ( 'NONE',  ( 29.57212481995619058, 8.822091372997002523, -0.4968726694431924717 ) ) ;
#591 = EDGE_CURVE ( 'NONE', #522, #4126, #465, .T. ) ;
#592 = VECTOR ( 'NONE', #3586, 1000.000000000000114 ) ;
#593 = VERTEX_POINT ( 'NONE', #6032 ) ;
#594 = EDGE_CURVE ( 'NONE', #7164, #8337, #6812, .T. ) ;
#595 = ORIENTED_EDGE ( 'NONE', *, *, #5820, .F. ) ;
#596 = DIRECTION ( 'NONE',  ( 1.000000000000000000, 6.162975822039154730E-33, 2.465190328815661892E-32 ) ) ;
#597 = CARTESIAN_POINT ( 'NONE',  ( -28.79758011632009485, 9.234412138042397800, 0.2378231711100530776 ) ) ;
#598 = EDGE_CURVE ( 'NONE', #2839, #5819, #1892, .T. ) ;
#599 = ORIENTED_EDGE ( 'NONE', *, *, #1779, .F. ) ;
#600 = ADVANCED_FACE ( 'NONE', ( #8303 ), #2541, .T. ) ;
#601 = CARTESIAN_POINT ( 'NONE',  ( -30.75000000000000000, 0.9831053856220991483, -4.165468861284299606 ) ) ;
#602 = EDGE_CURVE ( 'NONE', #3083, #5371, #5693, .T. ) ;
#603 = EDGE_LOOP ( 'NONE', ( #2493, #8680, #940, #3837, #6559, #265, #3294, #4644, #4422, #7260, #3607, #7693, #3893 ) ) ;
#604 = DIRECTION ( 'NONE',  ( -0.3162277660173681282, 0.6708203932498120192, 0.6708203932498119082 ) ) ;
#605 = CYLINDRICAL_SURFACE ( 'NONE', #9067, 0.5000000000000000000 ) ;
#606 = CARTESIAN_POINT ( 'NONE',  ( 29.50000000000000000, 7.260769515458562751, 1.799999999999649436 ) ) ;
#607 = AXIS2_PLACEMENT_3D ( 'NONE', #588, #4337, #5671 ) ;
#608 = CYLINDRICAL_SURFACE ( 'NONE', #3017, 0.9511835740451989318 ) ;
#609 = ORIENTED_EDGE ( 'NONE', *, *, #7877, .T. ) ;
#610 = CARTESIAN_POINT ( 'NONE',  ( 26.31786014058709711, 8.971150376207202015, -0.1181604213236018414 ) ) ;
#611 = LINE ( 'NONE', #3431, #112 ) ;
#612 = STYLED_ITEM ( 'NONE', ( #770 ), #4818 ) ;
#613 = EDGE_LOOP ( 'NONE', ( #1486, #2987, #8135, #5364 ) ) ;
#614 = DIRECTION ( 'NONE',  ( 0.2456180623827268206, 1.513738179920851070E-33, 0.9693666836813378263 ) ) ;
#615 = CYLINDRICAL_SURFACE ( 'NONE', #7857, 0.2107958125779213487 ) ;
#616 = LINE ( 'NONE', #6831, #5072 ) ;
#617 = ORIENTED_EDGE ( 'NONE', *, *, #4356, .F. ) ;
#618 = CARTESIAN_POINT ( 'NONE',  ( 29.87500000000000000, 8.049116928532395765E-16, 1.370452515831711793 ) ) ;
#619 =( NAMED_UNIT ( * ) SI_UNIT ( $, .STERADIAN. ) SOLID_ANGLE_UNIT ( ) );
#620 = DIRECTION ( 'NONE',  ( -5.801957056841933239E-32, 0.7071067811866160735, 0.7071067811864790720 ) ) ;
#621 = CARTESIAN_POINT ( 'NONE',  ( -30.64999999999999503, 3.174991473819601229, -5.000185169558795550 ) ) ;
#622 = CARTESIAN_POINT ( 'NONE',  ( -28.11000000000003851, 13.10000000000000142, -1.507106781186546840 ) ) ;
#623 = ORIENTED_EDGE ( 'NONE', *, *, #2333, .F. ) ;
#624 = CARTESIAN_POINT ( 'NONE',  ( -30.64999999999999503, 3.016894614386000484, -4.165468861284097990 ) ) ;
#625 = FACE_OUTER_BOUND ( 'NONE', #8936, .T. ) ;
#626 = EDGE_LOOP ( 'NONE', ( #154, #3859, #7234, #3544, #6656 ) ) ;
#627 = DIRECTION ( 'NONE',  ( -2.465190328815661345E-32, -6.137086701989279675E-49, -1.000000000000000000 ) ) ;
#628 = DIRECTION ( 'NONE',  ( 2.465190328815661345E-32, -6.137086701989279675E-49, -1.000000000000000000 ) ) ;
#629 = CARTESIAN_POINT ( 'NONE',  ( 29.84784149670720410, 8.843018263682100866, -0.4205632591584937963 ) ) ;
#630 = EDGE_CURVE ( 'NONE', #7314, #1453, #90, .T. ) ;
#631 = ORIENTED_EDGE ( 'NONE', *, *, #6101, .F. ) ;
#632 = ORIENTED_EDGE ( 'NONE', *, *, #2559, .T. ) ;
#633 = CARTESIAN_POINT ( 'NONE',  ( 28.24999999999999645, 12.09205754721679860, -3.851763809020494200 ) ) ;
#634 = ORIENTED_EDGE ( 'NONE', *, *, #797, .F. ) ;
#635 = EDGE_CURVE ( 'NONE', #4309, #5910, #2851, .T. ) ;
#636 = CARTESIAN_POINT ( 'NONE',  ( -28.40144913082780320, 12.25688578964470210, -3.998060433057001095 ) ) ;
#637 = ADVANCED_FACE ( 'NONE', ( #9022 ), #2946, .T. ) ;
#638 = EDGE_CURVE ( 'NONE', #2098, #3796, #3006, .T. ) ;
#639 = VERTEX_POINT ( 'NONE', #6352 ) ;
#640 =( NAMED_UNIT ( * ) PLANE_ANGLE_UNIT ( ) SI_UNIT ( $, .RADIAN. ) );
#641 = DIRECTION ( 'NONE',  ( 1.000000000000000000, 0.000000000000000000, 0.000000000000000000 ) ) ;
#642 = CONICAL_SURFACE ( 'NONE', #2115, 1.500000000000001776, 0.5235987755982987046 ) ;
#643 = EDGE_CURVE ( 'NONE', #338, #359, #3497, .T. ) ;
#644 = ORIENTED_EDGE ( 'NONE', *, *, #8060, .F. ) ;
#645 = CARTESIAN_POINT ( 'NONE',  ( -28.29600850144760216, -3.500000000000399680, -5.999999999999989342 ) ) ;
#646 = CARTESIAN_POINT ( 'NONE',  ( -25.31999999999999673, 10.34519578245819993, -1.299999999999997380 ) ) ;
#647 = CARTESIAN_POINT ( 'NONE',  ( 25.74999999999999645, 13.10000000000000142, -1.799999999999992495 ) ) ;
#648 = EDGE_CURVE ( 'NONE', #2307, #6919, #6305, .T. ) ;
#649 = CIRCLE ( 'NONE', #4175, 0.5000000000000000000 ) ;
#650 = ORIENTED_EDGE ( 'NONE', *, *, #4778, .F. ) ;
#651 = DIRECTION ( 'NONE',  ( 0.000000000000000000, 0.000000000000000000, 1.000000000000000000 ) ) ;
#652 = FACE_OUTER_BOUND ( 'NONE', #1227, .T. ) ;
#653 = AXIS2_PLACEMENT_3D ( 'NONE', #1132, #3951, #6759 ) ;
#654 = CARTESIAN_POINT ( 'NONE',  ( -20.32000000000000384, 11.50000000000000000, -5.126471437761198402 ) ) ;
#655 = ORIENTED_EDGE ( 'NONE', *, *, #7442, .F. ) ;
#656 = DIRECTION ( 'NONE',  ( 3.610187651973059248E-33, 0.7071067811865475727, 0.7071067811865474617 ) ) ;
#657 = VECTOR ( 'NONE', #1344, 1000.000000000000114 ) ;
#658 = CARTESIAN_POINT ( 'NONE',  ( 27.37499999999999645, -0.8445942863764986930, -3.910000000000392273 ) ) ;
#659 = DIRECTION ( 'NONE',  ( 0.000000000000000000, 0.000000000000000000, -1.000000000000000000 ) ) ;
#660 = ORIENTED_EDGE ( 'NONE', *, *, #4358, .T. ) ;
#661 = CARTESIAN_POINT ( 'NONE',  ( -30.75000000000000000, 2.223807899774399299, -4.055156287094595413 ) ) ;
#662 = CARTESIAN_POINT ( 'NONE',  ( 27.80000000000000426, 10.84008786613549802, 1.450517191627418878 ) ) ;
#663 = ORIENTED_EDGE ( 'NONE', *, *, #1701, .F. ) ;
#664 = VECTOR ( 'NONE', #2891, 1000.000000000000000 ) ;
#665 = CARTESIAN_POINT ( 'NONE',  ( -26.31999999999999673, 11.50000000000000000, 1.299999999999280842 ) ) ;
#666 = CARTESIAN_POINT ( 'NONE',  ( 29.64355752392930299, 8.824422934783498818, -0.4875364722500430958 ) ) ;
#667 = ORIENTED_EDGE ( 'NONE', *, *, #4033, .F. ) ;
#668 = VERTEX_POINT ( 'NONE', #5741 ) ;
#669 = CARTESIAN_POINT ( 'NONE',  ( -30.64999999999999503, 2.223807899774399299, -4.055156287094595413 ) ) ;
#670 = ORIENTED_EDGE ( 'NONE', *, *, #1212, .F. ) ;
#671 = DIRECTION ( 'NONE',  ( 0.000000000000000000, 0.000000000000000000, 1.000000000000000000 ) ) ;
#672 = CARTESIAN_POINT ( 'NONE',  ( 29.67999999999999972, -0.7705369544777969093, 1.089999999999650360 ) ) ;
#673 = EDGE_CURVE ( 'NONE', #5778, #4947, #6419, .T. ) ;
#674 = VECTOR ( 'NONE', #8141, 1000.000000000000227 ) ;
#675 = EDGE_LOOP ( 'NONE', ( #2623, #8742, #3331, #2265 ) ) ;
#676 = CARTESIAN_POINT ( 'NONE',  ( -30.64999999999999503, 0.9831053856220991483, -5.158282028992294599 ) ) ;
#677 = PLANE ( 'NONE',  #1456 ) ;
#678 = ORIENTED_EDGE ( 'NONE', *, *, #1712, .T. ) ;
#679 = LINE ( 'NONE', #4229, #7422 ) ;
#680 = EDGE_CURVE ( 'NONE', #7202, #2963, #1476, .T. ) ;
#681 = CARTESIAN_POINT ( 'NONE',  ( -30.64999999999999503, 0.5000000000000012212, -2.710795812577996511 ) ) ;
#682 = AXIS2_PLACEMENT_3D ( 'NONE', #5389, #3313, #4006 ) ;
#683 = DIRECTION ( 'NONE',  ( 1.307364598815785821E-32, 0.7071067811865480168, -0.7071067811865471286 ) ) ;
#684 = CARTESIAN_POINT ( 'NONE',  ( -28.47641132046970114, 12.09205754721679860, -3.851763809020500862 ) ) ;
#685 = VECTOR ( 'NONE', #5070, 1000.000000000000000 ) ;
#686 = ADVANCED_FACE ( 'NONE', ( #2070 ), #3548, .F. ) ;
#687 = STYLED_ITEM ( 'NONE', ( #7052 ), #3234 ) ;
#688 = VERTEX_POINT ( 'NONE', #3874 ) ;
#689 = PLANE ( 'NONE',  #6017 ) ;
#690 = LINE ( 'NONE', #1342, #5536 ) ;
#691 = EDGE_CURVE ( 'NONE', #1222, #6186, #315, .T. ) ;
#692 = ADVANCED_FACE ( 'NONE', ( #4565 ), #642, .F. ) ;
#693 = CARTESIAN_POINT ( 'NONE',  ( 29.50000000000000000, 9.999999999999998224, 2.799999999999891021 ) ) ;
#694 = VERTEX_POINT ( 'NONE', #952 ) ;
#695 = CARTESIAN_POINT ( 'NONE',  ( -27.50000000000001066, 9.412986905950605276, -3.574172684965881697 ) ) ;
#696 = CIRCLE ( 'NONE', #2915, 0.5000000000000004441 ) ;
#697 = EDGE_CURVE ( 'NONE', #7444, #3277, #3093, .T. ) ;
#698 = VECTOR ( 'NONE', #1799, 1000.000000000000000 ) ;
#699 = FACE_OUTER_BOUND ( 'NONE', #3595, .T. ) ;
#700 = CARTESIAN_POINT ( 'NONE',  ( -30.64999999999999503, 3.016894614386100848, -5.000185169558795550 ) ) ;
#701 = CARTESIAN_POINT ( 'NONE',  ( -27.05000000000000426, 11.02314555571559929, 1.776854444283803680 ) ) ;
#702 = VECTOR ( 'NONE', #3850, 1000.000000000000000 ) ;
#703 = VERTEX_POINT ( 'NONE', #5831 ) ;
#704 = CARTESIAN_POINT ( 'NONE',  ( 28.87906996040150176, 8.926074539750798564, -0.2051556597973316354 ) ) ;
#705 = ORIENTED_EDGE ( 'NONE', *, *, #1889, .F. ) ;
#706 = PRODUCT ( '1990012', '1990012', '', ( #3329 ) ) ;
#707 = CARTESIAN_POINT ( 'NONE',  ( 26.24320775699649744, 8.049116928532395765E-16, -4.291792243003789586 ) ) ;
#708 = VECTOR ( 'NONE', #4174, 1000.000000000000000 ) ;
#709 =( BOUNDED_CURVE ( )  B_SPLINE_CURVE ( 3, ( #1948, #3891, #3198, #5991 ),
 .UNSPECIFIED., .F., .T. ) 
 B_SPLINE_CURVE_WITH_KNOTS ( ( 4, 4 ),
 ( 4.712388980384689674, 6.283185307179586232 ),
 .UNSPECIFIED. ) 
 CURVE ( )  GEOMETRIC_REPRESENTATION_ITEM ( )  RATIONAL_B_SPLINE_CURVE ( ( 1.000000000000000000, 0.8047378541243649375, 0.8047378541243649375, 1.000000000000000000 ) ) 
 REPRESENTATION_ITEM ( '' )  );
#710 = VECTOR ( 'NONE', #6512, 1000.000000000000000 ) ;
#711 = DIRECTION ( 'NONE',  ( 6.162975822039150624E-33, -1.000000000000000000, 2.220446049250313574E-16 ) ) ;
#712 = AXIS2_PLACEMENT_3D ( 'NONE', #765, #7896, #8434 ) ;
#713 = ORIENTED_EDGE ( 'NONE', *, *, #2735, .F. ) ;
#714 = ORIENTED_EDGE ( 'NONE', *, *, #8669, .F. ) ;
#715 = DIRECTION ( 'NONE',  ( -1.000000000000000000, -6.162975822039154730E-33, -2.465190328815661892E-32 ) ) ;
#716 = VECTOR ( 'NONE', #7864, 1000.000000000000000 ) ;
#717 = VERTEX_POINT ( 'NONE', #2392 ) ;
#718 = CARTESIAN_POINT ( 'NONE',  ( 27.32182729484640404, 8.839454479074099424, -0.4325519150857725648 ) ) ;
#719 = VERTEX_POINT ( 'NONE', #7985 ) ;
#720 = DIRECTION ( 'NONE',  ( -1.000000000000000000, -6.162975822039154730E-33, -2.465190328815661892E-32 ) ) ;
#721 = CARTESIAN_POINT ( 'NONE',  ( -29.25000000000001066, 12.28524271247460220, -4.000000000000000000 ) ) ;
#722 = CARTESIAN_POINT ( 'NONE',  ( -28.42869899087539665, 12.16175902527009889, -3.957326981139698052 ) ) ;
#723 = LINE ( 'NONE', #7803, #6611 ) ;
#724 = AXIS2_PLACEMENT_3D ( 'NONE', #1846, #1237, #3927 ) ;
#725 = AXIS2_PLACEMENT_3D ( 'NONE', #1653, #1550, #3779 ) ;
#726 = EDGE_LOOP ( 'NONE', ( #2338, #3054, #5749, #7769 ) ) ;
#727 = DIRECTION ( 'NONE',  ( 1.232595164407830946E-32, -0.9659258262890682012, 0.2588190451025211281 ) ) ;
#728 = CARTESIAN_POINT ( 'NONE',  ( 25.74999999999999645, 13.10000000000000142, -1.299999999999992051 ) ) ;
#729 = CARTESIAN_POINT ( 'NONE',  ( -29.25000000000001066, 11.50000000000000000, 0.3318308546125126601 ) ) ;
#730 = ORIENTED_EDGE ( 'NONE', *, *, #7346, .T. ) ;
#731 = CARTESIAN_POINT ( 'NONE',  ( -26.10999760000000336, -3.663797942702598842, 1.190555906808520525 ) ) ;
#732 = VECTOR ( 'NONE', #363, 1000.000000000000114 ) ;
#733 = ORIENTED_EDGE ( 'NONE', *, *, #6985, .F. ) ;
#734 = DIRECTION ( 'NONE',  ( 2.465190328815661345E-32, -6.137086701989279675E-49, -1.000000000000000000 ) ) ;
#735 = EDGE_CURVE ( 'NONE', #3460, #7278, #7169, .T. ) ;
#736 = LINE ( 'NONE', #7086, #4241 ) ;
#737 = ORIENTED_EDGE ( 'NONE', *, *, #983, .T. ) ;
#738 = CARTESIAN_POINT ( 'NONE',  ( 27.37000000000000455, 13.00438885936489797, -3.363696565584394449 ) ) ;
#739 = LINE ( 'NONE', #6913, #5523 ) ;
#740 = CARTESIAN_POINT ( 'NONE',  ( 26.88438694352350566, 10.67656721185510094, -0.4916019335323412176 ) ) ;
#741 = ORIENTED_EDGE ( 'NONE', *, *, #7290, .T. ) ;
#742 = ADVANCED_FACE ( 'NONE', ( #8566 ), #7217, .T. ) ;
#743 = EDGE_CURVE ( 'NONE', #1026, #829, #7944, .T. ) ;
#744 = CARTESIAN_POINT ( 'NONE',  ( 28.24999999999999645, 13.10000000000000142, -3.268085424949194184 ) ) ;
#745 = CARTESIAN_POINT ( 'NONE',  ( 25.74999999999999645, 2.478736584923501685, -1.280417883234959753 ) ) ;
#746 = ORIENTED_EDGE ( 'NONE', *, *, #3812, .T. ) ;
#747 = ADVANCED_FACE ( 'NONE', ( #8877 ), #3223, .T. ) ;
#748 = ADVANCED_FACE ( 'NONE', ( #3577 ), #778, .F. ) ;
#749 = CARTESIAN_POINT ( 'NONE',  ( 28.75588130646619689, 9.048147215588098646, 0.006252880978397865053 ) ) ;
#750 = ORIENTED_EDGE ( 'NONE', *, *, #2608, .T. ) ;
#751 = CARTESIAN_POINT ( 'NONE',  ( -27.67000000000000171, -3.500000000000399680, 1.431008501447222026 ) ) ;
#752 = DIRECTION ( 'NONE',  ( 0.000000000000000000, 0.000000000000000000, -1.000000000000000000 ) ) ;
#753 = CARTESIAN_POINT ( 'NONE',  ( -28.96999999999999886, -2.788157328160499215, 1.509999999999661391 ) ) ;
#754 = ADVANCED_FACE ( 'NONE', ( #2881 ), #2190, .T. ) ;
#755 = ORIENTED_EDGE ( 'NONE', *, *, #5497, .T. ) ;
#756 = ORIENTED_EDGE ( 'NONE', *, *, #4249, .F. ) ;
#757 = FACE_OUTER_BOUND ( 'NONE', #8144, .T. ) ;
#758 = DIRECTION ( 'NONE',  ( 1.000000000000000000, 6.162975822039154730E-33, 2.465190328815661892E-32 ) ) ;
#759 = VERTEX_POINT ( 'NONE', #6428 ) ;
#760 = VECTOR ( 'NONE', #2445, 1000.000000000000000 ) ;
#761 = ORIENTED_EDGE ( 'NONE', *, *, #6334, .F. ) ;
#762 = LINE ( 'NONE', #5784, #1113 ) ;
#763 = CARTESIAN_POINT ( 'NONE',  ( 27.46968960869460119, 8.866953778768799310, -0.3477592312583610012 ) ) ;
#764 = CARTESIAN_POINT ( 'NONE',  ( -28.39999999999999503, 12.27953959747759782, -4.000000000000000000 ) ) ;
#765 = CARTESIAN_POINT ( 'NONE',  ( -28.96999999999999886, 1.699999999999598499, 1.509999999999661391 ) ) ;
#766 = ORIENTED_EDGE ( 'NONE', *, *, #6452, .T. ) ;
#767 = LINE ( 'NONE', #1371, #4234 ) ;
#768 = CARTESIAN_POINT ( 'NONE',  ( -30.75000000000000000, 0.9831053856220991483, -5.158282028992294599 ) ) ;
#769 = CARTESIAN_POINT ( 'NONE',  ( -30.75000000000000000, 3.016894614386100848, -3.944843712904898325 ) ) ;
#770 = PRESENTATION_STYLE_ASSIGNMENT (( #7079 ) ) ;
#771 = ORIENTED_EDGE ( 'NONE', *, *, #6096, .F. ) ;
#772 = CARTESIAN_POINT ( 'NONE',  ( -30.64999999999999503, 2.634710238477500965, -3.855766422117396619 ) ) ;
#773 = ORIENTED_EDGE ( 'NONE', *, *, #5869, .F. ) ;
#774 = SURFACE_STYLE_USAGE ( .BOTH. , #819 ) ;
#775 = AXIS2_PLACEMENT_3D ( 'NONE', #4475, #1658, #3104 ) ;
#776 = DIRECTION ( 'NONE',  ( -1.000000000000000000, -6.162975822039154730E-33, -2.465190328815661892E-32 ) ) ;
#777 = CARTESIAN_POINT ( 'NONE',  ( -25.31999999999999673, 10.67656721185510094, -0.4916019335323446593 ) ) ;
#778 = CONICAL_SURFACE ( 'NONE', #2417, 1.500000000000001776, 0.5235987755982987046 ) ;
#779 = CARTESIAN_POINT ( 'NONE',  ( 28.49680853818448156, 10.60749758526394793, 1.827414554324807039 ) ) ;
#780 = ORIENTED_EDGE ( 'NONE', *, *, #920, .T. ) ;
#781 = DIRECTION ( 'NONE',  ( -0.9961946980917455452, -0.08715574274765815199, 1.935246246535164504E-17 ) ) ;
#782 = CARTESIAN_POINT ( 'NONE',  ( -30.64999999999999503, 1.670670136135498751, -4.165468861284396418 ) ) ;
#783 = DIRECTION ( 'NONE',  ( 2.465190328815661345E-32, -6.137086701989279675E-49, -1.000000000000000000 ) ) ;
#784 = VERTEX_POINT ( 'NONE', #4555 ) ;
#785 = LINE ( 'NONE', #433, #4275 ) ;
#786 = LINE ( 'NONE', #6418, #5549 ) ;
#787 = MECHANICAL_DESIGN_GEOMETRIC_PRESENTATION_REPRESENTATION (  '', ( #3315 ), #1978 ) ;
#788 = CARTESIAN_POINT ( 'NONE',  ( -31.14896202359039634, 17.06074899999999772, -4.099999999999999645 ) ) ;
#789 = DIRECTION ( 'NONE',  ( -2.465190328815661345E-32, 6.137086701989279675E-49, 1.000000000000000000 ) ) ;
#790 = CIRCLE ( 'NONE', #6543, 0.4567242605854620052 ) ;
#791 = DIRECTION ( 'NONE',  ( 0.3247461304922956704, -0.3434588883340428112, -0.8812354638543686836 ) ) ;
#792 = EDGE_CURVE ( 'NONE', #1798, #4993, #7349, .T. ) ;
#793 = CARTESIAN_POINT ( 'NONE',  ( 29.67999999999999972, -0.4999999999999996669, 1.089999999999650360 ) ) ;
#794 = ORIENTED_EDGE ( 'NONE', *, *, #1832, .T. ) ;
#795 = CARTESIAN_POINT ( 'NONE',  ( 28.70658697645470170, 9.195486711044500439, 0.1952019328209774751 ) ) ;
#796 = ORIENTED_EDGE ( 'NONE', *, *, #6674, .F. ) ;
#797 = EDGE_CURVE ( 'NONE', #6037, #4715, #5215, .T. ) ;
#798 = DIRECTION ( 'NONE',  ( -1.936050386532797621E-31, 0.7071067811865475727, 0.7071067811865474617 ) ) ;
#799 = AXIS2_PLACEMENT_3D ( 'NONE', #1299, #4072, #8281 ) ;
#800 = DIRECTION ( 'NONE',  ( 0.000000000000000000, 0.000000000000000000, 1.000000000000000000 ) ) ;
#801 = ADVANCED_FACE ( 'NONE', ( #1636 ), #304, .F. ) ;
#802 = EDGE_CURVE ( 'NONE', #8794, #8145, #1042, .T. ) ;
#803 = ORIENTED_EDGE ( 'NONE', *, *, #7946, .T. ) ;
#804 = CARTESIAN_POINT ( 'NONE',  ( 26.59784120564300025, 12.25130659246780063, -3.997099821813395515 ) ) ;
#805 = AXIS2_PLACEMENT_3D ( 'NONE', #2069, #2804, #1362 ) ;
#806 = ORIENTED_EDGE ( 'NONE', *, *, #8700, .F. ) ;
#807 = EDGE_CURVE ( 'NONE', #6919, #3432, #7414, .T. ) ;
#808 = ORIENTED_EDGE ( 'NONE', *, *, #243, .T. ) ;
#809 = CARTESIAN_POINT ( 'NONE',  ( -28.30000000000050520, 13.59999999999999787, -4.099999999999999645 ) ) ;
#810 = CARTESIAN_POINT ( 'NONE',  ( 29.50000000000000000, 8.049116928532395765E-16, 1.299999999999652101 ) ) ;
#811 = LINE ( 'NONE', #5106, #4706 ) ;
#812 = EDGE_CURVE ( 'NONE', #7752, #7654, #3863, .T. ) ;
#813 = ORIENTED_EDGE ( 'NONE', *, *, #2515, .T. ) ;
#814 = DIRECTION ( 'NONE',  ( 0.000000000000000000, 0.000000000000000000, 1.000000000000000000 ) ) ;
#815 = CARTESIAN_POINT ( 'NONE',  ( -27.62499999999999645, 8.049116928532395765E-16, 1.509999999999661391 ) ) ;
#816 = EDGE_LOOP ( 'NONE', ( #1530, #3730, #1285, #3448 ) ) ;
#817 = LINE ( 'NONE', #8488, #3323 ) ;
#818 = ORIENTED_EDGE ( 'NONE', *, *, #2005, .T. ) ;
#819 = SURFACE_SIDE_STYLE ('',( #8490 ) ) ;
#820 = CARTESIAN_POINT ( 'NONE',  ( 28.70000000000229434, 11.50000000000000000, 0.3318308546125195990 ) ) ;
#821 = CARTESIAN_POINT ( 'NONE',  ( 28.93004630313433978, 8.704888543804756296, -0.4999999999999923395 ) ) ;
#822 = CARTESIAN_POINT ( 'NONE',  ( -29.25000000000001066, 13.10000000000000142, -3.268085424949201290 ) ) ;
#823 = CARTESIAN_POINT ( 'NONE',  ( -27.63000000000000256, 13.00438885936489797, -3.363696565584401554 ) ) ;
#824 = ORIENTED_EDGE ( 'NONE', *, *, #6049, .T. ) ;
#825 = PLANE ( 'NONE',  #8924 ) ;
#826 = AXIS2_PLACEMENT_3D ( 'NONE', #960, #8838, #6075 ) ;
#827 = CYLINDRICAL_SURFACE ( 'NONE', #5154, 0.2000000000000000944 ) ;
#828 = CARTESIAN_POINT ( 'NONE',  ( -28.00000000000001066, 9.443391120976400543, -3.499999999999997780 ) ) ;
#829 = VERTEX_POINT ( 'NONE', #943 ) ;
#830 = CARTESIAN_POINT ( 'NONE',  ( 26.62499999999999645, -2.900000000000399591, -3.490000000000388791 ) ) ;
#831 = LINE ( 'NONE', #7868, #8599 ) ;
#832 = PLANE ( 'NONE',  #257 ) ;
#833 = CIRCLE ( 'NONE', #5990, 0.2000000000000000944 ) ;
#834 = CIRCLE ( 'NONE', #5834, 0.5000000000000004441 ) ;
#835 = STYLED_ITEM ( 'NONE', ( #3225 ), #3803 ) ;
#836 = DIRECTION ( 'NONE',  ( -1.000000000000000000, -6.162975822039154730E-33, -2.465190328815661345E-32 ) ) ;
#837 = DIRECTION ( 'NONE',  ( -6.162975822039150624E-33, 1.000000000000000000, -2.220446049250313574E-16 ) ) ;
#838 = VERTEX_POINT ( 'NONE', #5094 ) ;
#839 = DIRECTION ( 'NONE',  ( -5.801957056841932144E-32, 0.7071067811866160735, 0.7071067811864790720 ) ) ;
#840 = CARTESIAN_POINT ( 'NONE',  ( 28.81112746305700156, 8.977446171828200150, -0.1069672005106301477 ) ) ;
#841 = ORIENTED_EDGE ( 'NONE', *, *, #8476, .T. ) ;
#842 = DIRECTION ( 'NONE',  ( 1.000000000000000000, 6.162975822039154730E-33, 2.465190328815661892E-32 ) ) ;
#843 = PLANE ( 'NONE',  #8843 ) ;
#844 = VECTOR ( 'NONE', #8884, 1000.000000000000000 ) ;
#845 = EDGE_CURVE ( 'NONE', #7182, #350, #5920, .T. ) ;
#846 = LINE ( 'NONE', #5190, #1008 ) ;
#847 = VERTEX_POINT ( 'NONE', #6571 ) ;
#848 = CARTESIAN_POINT ( 'NONE',  ( -30.75000000000000000, 2.634710238477601774, -4.254546152071798204 ) ) ;
#849 = EDGE_LOOP ( 'NONE', ( #3010, #6865, #3805, #4369 ) ) ;
#850 = VECTOR ( 'NONE', #4156, 1000.000000000000114 ) ;
#851 = ORIENTED_EDGE ( 'NONE', *, *, #5817, .T. ) ;
#852 = CARTESIAN_POINT ( 'NONE',  ( -28.45825756949539453, 9.443391120976400543, -3.499999999999997780 ) ) ;
#853 = FACE_OUTER_BOUND ( 'NONE', #7694, .T. ) ;
#854 = LINE ( 'NONE', #3875, #1284 ) ;
#855 = ADVANCED_FACE ( 'NONE', ( #4505 ), #342, .F. ) ;
#856 = EDGE_CURVE ( 'NONE', #5045, #4901, #6237, .T. ) ;
#857 = VECTOR ( 'NONE', #1981, 1000.000000000000114 ) ;
#858 = EDGE_CURVE ( 'NONE', #8169, #6186, #5879, .T. ) ;
#859 = VECTOR ( 'NONE', #1514, 1000.000000000000000 ) ;
#860 = ORIENTED_EDGE ( 'NONE', *, *, #3637, .F. ) ;
#861 = DIRECTION ( 'NONE',  ( 5.669937756276022351E-31, 6.137086701989316138E-49, 1.000000000000000000 ) ) ;
#862 = CARTESIAN_POINT ( 'NONE',  ( 26.05000000000000426, 5.170765814495903001, -5.999999999999992006 ) ) ;
#863 = DIRECTION ( 'NONE',  ( 6.162975822039150624E-33, 1.000000000000000000, -2.220446049250313574E-16 ) ) ;
#864 = ORIENTED_EDGE ( 'NONE', *, *, #1832, .F. ) ;
#865 = LINE ( 'NONE', #3694, #8997 ) ;
#866 = ADVANCED_FACE ( 'NONE', ( #8513 ), #843, .F. ) ;
#867 = ORIENTED_EDGE ( 'NONE', *, *, #8269, .F. ) ;
#868 = DIRECTION ( 'NONE',  ( 0.000000000000000000, 0.000000000000000000, 1.000000000000000000 ) ) ;
#869 = VECTOR ( 'NONE', #4633, 1000.000000000000000 ) ;
#870 = EDGE_CURVE ( 'NONE', #7427, #7202, #3815, .T. ) ;
#871 = DIRECTION ( 'NONE',  ( -2.465190328815661618E-32, 2.220446049250313574E-16, 1.000000000000000000 ) ) ;
#872 = ORIENTED_EDGE ( 'NONE', *, *, #1195, .F. ) ;
#873 = CARTESIAN_POINT ( 'NONE',  ( 29.87500000000000000, -0.4999999999999996669, 1.089999999999650360 ) ) ;
#874 = VECTOR ( 'NONE', #2412, 1000.000000000000000 ) ;
#875 = CARTESIAN_POINT ( 'NONE',  ( 26.65098844496180419, 10.36808542494920005, -5.999999999999993783 ) ) ;
#876 = CARTESIAN_POINT ( 'NONE',  ( 28.54999999999999361, 18.23431457504869968, -5.999999999999995559 ) ) ;
#877 = CARTESIAN_POINT ( 'NONE',  ( -28.81427904558379893, 8.481544069577299894, -0.4999999999999987232 ) ) ;
#878 = ORIENTED_EDGE ( 'NONE', *, *, #2736, .T. ) ;
#879 = CARTESIAN_POINT ( 'NONE',  ( -27.62499999999999645, -2.900000000000399591, -0.9999999999999900080 ) ) ;
#880 = DIRECTION ( 'NONE',  ( -2.465190328815661618E-32, 2.220446049250313574E-16, 1.000000000000000000 ) ) ;
#881 = DIRECTION ( 'NONE',  ( -0.000000000000000000, 1.000000000000000000, -0.000000000000000000 ) ) ;
#882 = AXIS2_PLACEMENT_3D ( 'NONE', #8615, #2345, #3037 ) ;
#883 = DIRECTION ( 'NONE',  ( 0.000000000000000000, 0.000000000000000000, 1.000000000000000000 ) ) ;
#884 = CARTESIAN_POINT ( 'NONE',  ( 30.25679224300349901, 8.049116928532395765E-16, 1.891792243003152185 ) ) ;
#885 = DIRECTION ( 'NONE',  ( 0.000000000000000000, 0.000000000000000000, 1.000000000000000000 ) ) ;
#886 = DIRECTION ( 'NONE',  ( -1.000000000000000000, -6.162975822039154730E-33, -2.465190328815661892E-32 ) ) ;
#887 = ORIENTED_EDGE ( 'NONE', *, *, #3632, .F. ) ;
#888 = CARTESIAN_POINT ( 'NONE',  ( 28.81786014058709711, 8.971150376207202015, -0.1181604213236018414 ) ) ;
#889 = EDGE_LOOP ( 'NONE', ( #8496, #7070, #4591, #5242 ) ) ;
#890 = LINE ( 'NONE', #941, #6432 ) ;
#891 = CARTESIAN_POINT ( 'NONE',  ( -30.64999999999999503, 2.223807899774399299, -4.055156287094595413 ) ) ;
#892 = LINE ( 'NONE', #1578, #5525 ) ;
#893 = ORIENTED_EDGE ( 'NONE', *, *, #1369, .T. ) ;
#894 = CARTESIAN_POINT ( 'NONE',  ( 26.58254307547279538, 12.18876292563680153, -3.975190327163692139 ) ) ;
#895 = CARTESIAN_POINT ( 'NONE',  ( 30.17999999999999972, -3.500000000000399680, -3.568991498552789743 ) ) ;
#896 = ORIENTED_EDGE ( 'NONE', *, *, #4975, .F. ) ;
#897 = DIRECTION ( 'NONE',  ( -0.3162277660173681282, 0.6708203932498120192, 0.6708203932498119082 ) ) ;
#898 = DIRECTION ( 'NONE',  ( 0.000000000000000000, -0.7071067811865470176, 0.7071067811865479058 ) ) ;
#899 = DIRECTION ( 'NONE',  ( 2.465190328815661892E-32, -6.137086701989279675E-49, -1.000000000000000000 ) ) ;
#900 = AXIS2_PLACEMENT_3D ( 'NONE', #8400, #4374, #3646 ) ;
#901 = FACE_OUTER_BOUND ( 'NONE', #4854, .T. ) ;
#902 = CARTESIAN_POINT ( 'NONE',  ( -26.74999999999885247, 8.673617379884035472E-16, 6.000000000000005329 ) ) ;
#903 = DIRECTION ( 'NONE',  ( 6.162975822039150624E-33, -1.000000000000000000, 2.220446049250313574E-16 ) ) ;
#904 = ORIENTED_EDGE ( 'NONE', *, *, #2169, .T. ) ;
#905 = EDGE_LOOP ( 'NONE', ( #7257, #6974, #4762, #6072 ) ) ;
#906 = CARTESIAN_POINT ( 'NONE',  ( 27.17999999999999616, 13.10000000000000142, -3.268085424949194184 ) ) ;
#907 = CARTESIAN_POINT ( 'NONE',  ( -28.08646395437179422, 8.822479418890399216, -0.4953137648716788299 ) ) ;
#908 = DIRECTION ( 'NONE',  ( 1.000000000000000000, 6.162975822039154730E-33, 2.465190328815661345E-32 ) ) ;
#909 = CARTESIAN_POINT ( 'NONE',  ( -27.05000000000000426, 7.225050937922400607, 1.666696453860480931 ) ) ;
#910 = EDGE_CURVE ( 'NONE', #5339, #2441, #7154, .T. ) ;
#911 = ORIENTED_EDGE ( 'NONE', *, *, #7959, .F. ) ;
#912 = DIRECTION ( 'NONE',  ( 3.647563707725548394E-33, 0.9252807390362649542, -0.3792829471100741534 ) ) ;
#913 = VERTEX_POINT ( 'NONE', #2982 ) ;
#914 = DIRECTION ( 'NONE',  ( 1.000000000000000000, 6.162975822039154730E-33, 2.465190328815661892E-32 ) ) ;
#915 = EDGE_CURVE ( 'NONE', #3014, #5401, #649, .T. ) ;
#916 = FACE_OUTER_BOUND ( 'NONE', #7551, .T. ) ;
#917 = CARTESIAN_POINT ( 'NONE',  ( -27.81999999999999673, 7.999999999999497291, -0.4999999999999987232 ) ) ;
#918 = CARTESIAN_POINT ( 'NONE',  ( -27.99999999999999645, -0.4999999999999996669, 1.299999999999652545 ) ) ;
#919 = EDGE_CURVE ( 'NONE', #2839, #8030, #4600, .T. ) ;
#920 = EDGE_CURVE ( 'NONE', #2124, #8300, #4915, .T. ) ;
#921 = ORIENTED_EDGE ( 'NONE', *, *, #6228, .F. ) ;
#922 = CARTESIAN_POINT ( 'NONE',  ( 27.49999999999999645, 9.412986905950605276, -3.574172684965875035 ) ) ;
#923 = DIRECTION ( 'NONE',  ( 0.000000000000000000, -0.7071067811865476838, 0.7071067811865473507 ) ) ;
#924 = FACE_OUTER_BOUND ( 'NONE', #5772, .T. ) ;
#925 = EDGE_CURVE ( 'NONE', #2963, #1409, #2274, .T. ) ;
#926 = CARTESIAN_POINT ( 'NONE',  ( 30.12093003959799731, 8.926074539750500136, -0.2051556597979595775 ) ) ;
#927 = EDGE_LOOP ( 'NONE', ( #6820, #4068, #3733, #6360 ) ) ;
#928 = EDGE_CURVE ( 'NONE', #4612, #1473, #1865, .T. ) ;
#929 = EDGE_CURVE ( 'NONE', #6071, #6923, #5289, .T. ) ;
#930 = CARTESIAN_POINT ( 'NONE',  ( -30.75000000000000000, 3.016894614386100848, -4.323565720717696514 ) ) ;
#931 = DIRECTION ( 'NONE',  ( -1.000000000000000000, -6.162975822039154730E-33, -2.465190328815661892E-32 ) ) ;
#932 = ORIENTED_EDGE ( 'NONE', *, *, #2741, .T. ) ;
#933 = DIRECTION ( 'NONE',  ( 1.000000000000000000, 6.162975822039154730E-33, 2.465190328815661892E-32 ) ) ;
#934 = DIRECTION ( 'NONE',  ( -6.162975822039150624E-33, 1.000000000000000000, -2.220446049250313574E-16 ) ) ;
#935 = CARTESIAN_POINT ( 'NONE',  ( 27.80600310657639795, 8.489055053478896440, -0.4999999999999917843 ) ) ;
#936 = CARTESIAN_POINT ( 'NONE',  ( 26.62499999999999645, -0.4999999999999996669, 3.599999999999312195 ) ) ;
#937 = VERTEX_POINT ( 'NONE', #6102 ) ;
#938 = VECTOR ( 'NONE', #2991, 1000.000000000000114 ) ;
#939 = CARTESIAN_POINT ( 'NONE',  ( 29.38438694352349501, 10.67656721185510094, -0.4916019335323412176 ) ) ;
#940 = ORIENTED_EDGE ( 'NONE', *, *, #3417, .T. ) ;
#941 = CARTESIAN_POINT ( 'NONE',  ( -28.95000000000000284, 8.049116928532391821E-16, 8.557359312876911872 ) ) ;
#942 = CARTESIAN_POINT ( 'NONE',  ( 27.69527761075529781, 8.983961659688697310, -0.09571333561370250209 ) ) ;
#943 = CARTESIAN_POINT ( 'NONE',  ( -28.37499999999999645, -2.555405713625399589, 1.509999999999661391 ) ) ;
#944 = CARTESIAN_POINT ( 'NONE',  ( -30.64999999999999503, 3.289204187422301029, -2.499999999999995115 ) ) ;
#945 = VECTOR ( 'NONE', #4037, 1000.000000000000000 ) ;
#946 = VERTEX_POINT ( 'NONE', #2525 ) ;
#947 = PLANE ( 'NONE',  #6167 ) ;
#948 = ORIENTED_EDGE ( 'NONE', *, *, #8435, .T. ) ;
#949 = COLOUR_RGB ( '',0.9490196078431372140, 0.9490196078431372140, 1.000000000000000000 ) ;
#950 = FACE_OUTER_BOUND ( 'NONE', #849, .T. ) ;
#951 = CARTESIAN_POINT ( 'NONE',  ( 30.40409038026501776, 8.635475316570968118, -0.2593048600779255808 ) ) ;
#952 = CARTESIAN_POINT ( 'NONE',  ( 25.75000000000115463, 11.50000000000000000, 1.299999999999277511 ) ) ;
#953 = LINE ( 'NONE', #3827, #1142 ) ;
#954 =( BOUNDED_CURVE ( )  B_SPLINE_CURVE ( 3, ( #2678, #8982, #8307, #6263 ),
 .UNSPECIFIED., .F., .T. ) 
 B_SPLINE_CURVE_WITH_KNOTS ( ( 4, 4 ),
 ( 5.398241945003406705, 5.535600957510587783 ),
 .UNSPECIFIED. ) 
 CURVE ( )  GEOMETRIC_REPRESENTATION_ITEM ( )  RATIONAL_B_SPLINE_CURVE ( ( 1.000000000000000000, 0.9984283264015851866, 0.9984283264015851866, 1.000000000000000000 ) ) 
 REPRESENTATION_ITEM ( '' )  );
#955 = VECTOR ( 'NONE', #8364, 1000.000000000000114 ) ;
#956 = ORIENTED_EDGE ( 'NONE', *, *, #4240, .F. ) ;
#957 = ORIENTED_EDGE ( 'NONE', *, *, #5824, .F. ) ;
#958 = PLANE ( 'NONE',  #2178 ) ;
#959 = DIRECTION ( 'NONE',  ( 1.224646799147350249E-16, 1.410381911693479320E-49, -1.000000000000000000 ) ) ;
#960 = CARTESIAN_POINT ( 'NONE',  ( 26.99999999999999645, 9.999999999999998224, 2.799999999999551292 ) ) ;
#961 = EDGE_LOOP ( 'NONE', ( #1102, #6310, #1786, #896 ) ) ;
#962 = ORIENTED_EDGE ( 'NONE', *, *, #7276, .F. ) ;
#963 = DIRECTION ( 'NONE',  ( -1.000000000000000000, -6.162975822039154730E-33, -2.465190328815661892E-32 ) ) ;
#964 = CARTESIAN_POINT ( 'NONE',  ( 26.33374433176299689, 12.59999999999999964, -1.299999999999992051 ) ) ;
#965 = CIRCLE ( 'NONE', #6118, 1.730940107676021578 ) ;
#966 = CARTESIAN_POINT ( 'NONE',  ( -31.14896202359039634, 17.06074899999999772, -4.099999999999999645 ) ) ;
#967 = EDGE_CURVE ( 'NONE', #4947, #7752, #1782, .T. ) ;
#968 = DIRECTION ( 'NONE',  ( 6.162975822039150624E-33, -1.000000000000000000, 2.220446049250313574E-16 ) ) ;
#969 = EDGE_CURVE ( 'NONE', #1147, #6767, #7516, .T. ) ;
#970 = ORIENTED_EDGE ( 'NONE', *, *, #5977, .T. ) ;
#971 = PLANE ( 'NONE',  #579 ) ;
#972 = CARTESIAN_POINT ( 'NONE',  ( -28.40076790824121034, 12.30548111334320360, -3.998973382969398749 ) ) ;
#973 = CARTESIAN_POINT ( 'NONE',  ( 29.95812972425850162, 8.864047594714000056, -0.3559867545354523100 ) ) ;
#974 = ORIENTED_EDGE ( 'NONE', *, *, #6445, .F. ) ;
#975 = LINE ( 'NONE', #3797, #4418 ) ;
#976 = CARTESIAN_POINT ( 'NONE',  ( 26.94227252064460032, 8.821801823924001695, -0.4980452020267120972 ) ) ;
#977 = DIRECTION ( 'NONE',  ( 3.647563707725548394E-33, 0.9252807390362649542, -0.3792829471100741534 ) ) ;
#978 = LINE ( 'NONE', #5767, #1896 ) ;
#979 = EDGE_CURVE ( 'NONE', #6838, #8030, #2654, .T. ) ;
#980 = STYLED_ITEM ( 'NONE', ( #2400 ), #4921 ) ;
#981 = EDGE_CURVE ( 'NONE', #5064, #1843, #530, .T. ) ;
#982 = ORIENTED_EDGE ( 'NONE', *, *, #9035, .F. ) ;
#983 = EDGE_CURVE ( 'NONE', #7749, #7524, #6060, .T. ) ;
#984 = CARTESIAN_POINT ( 'NONE',  ( -27.20000000000000284, 9.294435844492799248, 0.3000000000000033751 ) ) ;
#985 = CARTESIAN_POINT ( 'NONE',  ( 26.99999999999999645, 8.049116928532395765E-16, -3.700000000000390532 ) ) ;
#986 = ORIENTED_EDGE ( 'NONE', *, *, #8222, .F. ) ;
#987 = FILL_AREA_STYLE ('',( #7973 ) ) ;
#988 = EDGE_LOOP ( 'NONE', ( #4396, #7592, #144, #8075, #1677, #7105, #2904, #5294 ) ) ;
#989 = EDGE_CURVE ( 'NONE', #417, #7876, #3384, .T. ) ;
#990 = CIRCLE ( 'NONE', #4220, 0.1580968594336127353 ) ;
#991 = CARTESIAN_POINT ( 'NONE',  ( 26.48636074883573599, 12.06074378829285720, -3.734899269740347805 ) ) ;
#992 = CARTESIAN_POINT ( 'NONE',  ( 27.45812972425849807, 8.864047594714000056, -0.3559867545354523100 ) ) ;
#993 = DIRECTION ( 'NONE',  ( -3.236649337805362286E-31, 0.2588190451025209615, -0.9659258262890682012 ) ) ;
#994 = AXIS2_PLACEMENT_3D ( 'NONE', #7798, #1406, #7750 ) ;
#995 = VECTOR ( 'NONE', #7719, 1000.000000000000000 ) ;
#996 = ORIENTED_EDGE ( 'NONE', *, *, #7042, .T. ) ;
#997 = PRESENTATION_STYLE_ASSIGNMENT (( #5923 ) ) ;
#998 = DIRECTION ( 'NONE',  ( 1.000000000000000000, 6.162975822039154730E-33, 2.465190328815661345E-32 ) ) ;
#999 = VERTEX_POINT ( 'NONE', #5962 ) ;
#1000 = LINE ( 'NONE', #6631, #5529 ) ;
#1001 = CARTESIAN_POINT ( 'NONE',  ( 29.67999999999999972, 9.689337846835098134, -2.899999999999991029 ) ) ;
#1002 = VECTOR ( 'NONE', #5697, 1000.000000000000227 ) ;
#1003 = DIRECTION ( 'NONE',  ( -6.162975822039150624E-33, 1.000000000000000000, -2.220446049250313574E-16 ) ) ;
#1004 = ORIENTED_EDGE ( 'NONE', *, *, #3471, .T. ) ;
#1005 = ORIENTED_EDGE ( 'NONE', *, *, #544, .F. ) ;
#1006 = CARTESIAN_POINT ( 'NONE',  ( -30.64999999999999503, 3.016894614386100848, -5.158282028992295487 ) ) ;
#1007 = DIRECTION ( 'NONE',  ( 6.162975822039150624E-33, -1.000000000000000000, 2.220446049250313574E-16 ) ) ;
#1008 = VECTOR ( 'NONE', #6479, 1000.000000000000114 ) ;
#1009 = ORIENTED_EDGE ( 'NONE', *, *, #3692, .T. ) ;
#1010 = ORIENTED_EDGE ( 'NONE', *, *, #802, .T. ) ;
#1011 = DIRECTION ( 'NONE',  ( 1.000000000000000000, 6.162975822039154730E-33, -5.669937756276022351E-31 ) ) ;
#1012 = CARTESIAN_POINT ( 'NONE',  ( -31.14896202359039634, 17.06074899999999772, -4.099999999999999645 ) ) ;
#1013 = PLANE ( 'NONE',  #7746 ) ;
#1014 = SHAPE_REPRESENTATION_RELATIONSHIP ( 'NONE' , 'NONE' ,  #7585, #4548 ) ;
#1015 = VECTOR ( 'NONE', #3868, 1000.000000000000000 ) ;
#1016 =( BOUNDED_CURVE ( )  B_SPLINE_CURVE ( 3, ( #293, #5999, #5324, #8725 ),
 .UNSPECIFIED., .F., .T. ) 
 B_SPLINE_CURVE_WITH_KNOTS ( ( 4, 4 ),
 ( 6.345691034229638265E-31, 0.6858529646187119244 ),
 .UNSPECIFIED. ) 
 CURVE ( )  GEOMETRIC_REPRESENTATION_ITEM ( )  RATIONAL_B_SPLINE_CURVE ( ( 1.000000000000000000, 0.9611831238882950768, 0.9611831238882950768, 1.000000000000000000 ) ) 
 REPRESENTATION_ITEM ( '' )  );
#1017 = AXIS2_PLACEMENT_3D ( 'NONE', #3977, #7458, #6181 ) ;
#1018 = VECTOR ( 'NONE', #3040, 1000.000000000000000 ) ;
#1019 = ORIENTED_EDGE ( 'NONE', *, *, #5891, .T. ) ;
#1020 = CARTESIAN_POINT ( 'NONE',  ( 26.99999999999999645, 8.821320343559701627, -0.4999999999999917843 ) ) ;
#1021 = DIRECTION ( 'NONE',  ( -5.801957056841932144E-32, 0.7071067811866160735, 0.7071067811864790720 ) ) ;
#1022 = FACE_OUTER_BOUND ( 'NONE', #5013, .T. ) ;
#1023 = AXIS2_PLACEMENT_3D ( 'NONE', #373, #8095, #1805 ) ;
#1024 = AXIS2_PLACEMENT_3D ( 'NONE', #3889, #1616, #8759 ) ;
#1025 = FACE_OUTER_BOUND ( 'NONE', #7512, .T. ) ;
#1026 = VERTEX_POINT ( 'NONE', #4686 ) ;
#1027 = CARTESIAN_POINT ( 'NONE',  ( 26.67817270515170236, 8.839454479074397852, -0.4325519150849121419 ) ) ;
#1028 = DIRECTION ( 'NONE',  ( 0.000000000000000000, 0.000000000000000000, 1.000000000000000000 ) ) ;
#1029 = CARTESIAN_POINT ( 'NONE',  ( 27.80600310657639795, 8.489055053478896440, -0.4999999999999917843 ) ) ;
#1030 = EDGE_CURVE ( 'NONE', #5736, #5753, #8733, .T. ) ;
#1031 = AXIS2_PLACEMENT_3D ( 'NONE', #745, #7645, #1349 ) ;
#1032 = ORIENTED_EDGE ( 'NONE', *, *, #7546, .T. ) ;
#1033 = CARTESIAN_POINT ( 'NONE',  ( -27.53031039130530999, 8.866953778768799310, -0.3477592312583471235 ) ) ;
#1034 = EDGE_LOOP ( 'NONE', ( #3709, #7829, #2793, #1056 ) ) ;
#1035 = ADVANCED_FACE ( 'NONE', ( #1825 ), #7390, .F. ) ;
#1036 = LINE ( 'NONE', #1633, #4493 ) ;
#1037 = CARTESIAN_POINT ( 'NONE',  ( 27.07212481995620479, 8.822091372997002523, -0.4968726694431924717 ) ) ;
#1038 = ORIENTED_EDGE ( 'NONE', *, *, #979, .F. ) ;
#1039 = CARTESIAN_POINT ( 'NONE',  ( 27.80000000000000426, 11.09999999999999787, 0.3000000000000103140 ) ) ;
#1040 = CARTESIAN_POINT ( 'NONE',  ( 27.70775997259120160, 8.997212129574901240, -0.07314534866206291730 ) ) ;
#1041 = ADVANCED_FACE ( 'NONE', ( #4641 ), #3947, .T. ) ;
#1042 = LINE ( 'NONE', #7255, #8558 ) ;
#1043 = EDGE_CURVE ( 'NONE', #2530, #8501, #5260, .T. ) ;
#1044 = EDGE_CURVE ( 'NONE', #1641, #4661, #2826, .T. ) ;
#1045 = VECTOR ( 'NONE', #5621, 1000.000000000000114 ) ;
#1046 = ORIENTED_EDGE ( 'NONE', *, *, #489, .F. ) ;
#1047 = DIRECTION ( 'NONE',  ( 1.000000000000000000, 6.162975822039154730E-33, 2.465190328815661345E-32 ) ) ;
#1048 = ORIENTED_EDGE ( 'NONE', *, *, #7830, .T. ) ;
#1049 = LINE ( 'NONE', #5296, #5570 ) ;
#1050 = DIRECTION ( 'NONE',  ( 1.000000000000000000, 6.162975822039154730E-33, 2.465190328815661892E-32 ) ) ;
#1051 = CARTESIAN_POINT ( 'NONE',  ( 28.10000000000000142, 9.054972578080199952, 3.745027421919528532 ) ) ;
#1052 = EDGE_CURVE ( 'NONE', #7996, #1259, #6826, .T. ) ;
#1053 = DIRECTION ( 'NONE',  ( -6.162975822039150624E-33, 1.000000000000000000, -2.220446049250313574E-16 ) ) ;
#1054 = AXIS2_PLACEMENT_3D ( 'NONE', #2165, #2080, #2218 ) ;
#1055 = ORIENTED_EDGE ( 'NONE', *, *, #191, .F. ) ;
#1056 = ORIENTED_EDGE ( 'NONE', *, *, #812, .T. ) ;
#1057 = SURFACE_STYLE_FILL_AREA ( #3778 ) ;
#1058 = FILL_AREA_STYLE ('',( #7318 ) ) ;
#1059 = CARTESIAN_POINT ( 'NONE',  ( 28.83374433176300045, 12.59999999999999964, -3.768085424949194628 ) ) ;
#1060 = ORIENTED_EDGE ( 'NONE', *, *, #7782, .F. ) ;
#1061 = ORIENTED_EDGE ( 'NONE', *, *, #7121, .T. ) ;
#1062 = CARTESIAN_POINT ( 'NONE',  ( -27.62499999999999645, -2.900000000000399591, 1.509999999999661391 ) ) ;
#1063 = PRODUCT_CONTEXT ( 'NONE', #8021, 'mechanical' ) ;
#1064 = VERTEX_POINT ( 'NONE', #8328 ) ;
#1065 = CARTESIAN_POINT ( 'NONE',  ( -29.25000000000001066, 8.418613096565399800, -6.000000000000000000 ) ) ;
#1066 = LINE ( 'NONE', #5404, #674 ) ;
#1067 = CARTESIAN_POINT ( 'NONE',  ( 29.88584775841189511, 8.849074499528100546, -0.4009453565463529934 ) ) ;
#1068 = VERTEX_POINT ( 'NONE', #1304 ) ;
#1069 = CARTESIAN_POINT ( 'NONE',  ( 26.70473328494120224, 8.836299104498301915, -0.4435170253452944689 ) ) ;
#1070 = CARTESIAN_POINT ( 'NONE',  ( 29.86999999999999389, 13.10000000000000142, -5.999999999999993783 ) ) ;
#1071 = CARTESIAN_POINT ( 'NONE',  ( -28.37499999999999645, 8.049116928532395765E-16, 1.089999999999650804 ) ) ;
#1072 = ORIENTED_EDGE ( 'NONE', *, *, #6776, .T. ) ;
#1073 = CARTESIAN_POINT ( 'NONE',  ( -27.39689865049239970, 8.916689370469597975, -0.2256127492956689351 ) ) ;
#1074 = ORIENTED_EDGE ( 'NONE', *, *, #6880, .T. ) ;
#1075 =( NAMED_UNIT ( * ) PLANE_ANGLE_UNIT ( ) SI_UNIT ( $, .RADIAN. ) );
#1076 = ORIENTED_EDGE ( 'NONE', *, *, #1844, .T. ) ;
#1077 = CARTESIAN_POINT ( 'NONE',  ( 29.37188050450679100, 12.89289321881345174, -1.299999999999992273 ) ) ;
#1078 = FACE_OUTER_BOUND ( 'NONE', #4426, .T. ) ;
#1079 = CARTESIAN_POINT ( 'NONE',  ( 23.85103797640959655, 17.06074899999999772, -4.099999999999992539 ) ) ;
#1080 = EDGE_CURVE ( 'NONE', #7621, #3070, #7987, .T. ) ;
#1081 = EDGE_CURVE ( 'NONE', #3612, #1124, #4859, .T. ) ;
#1082 = VERTEX_POINT ( 'NONE', #2131 ) ;
#1083 = FILL_AREA_STYLE ('',( #3867 ) ) ;
#1084 = DIRECTION ( 'NONE',  ( -1.000000000000000000, -6.162975822039154730E-33, -2.465190328815661892E-32 ) ) ;
#1085 = DIRECTION ( 'NONE',  ( 0.000000000000000000, 0.000000000000000000, 1.000000000000000000 ) ) ;
#1086 = VERTEX_POINT ( 'NONE', #7643 ) ;
#1087 = APPLICATION_CONTEXT ( 'automotive_design' ) ;
#1088 = CARTESIAN_POINT ( 'NONE',  ( 26.28999999999999559, 13.10000000000000142, -5.999999999999993783 ) ) ;
#1089 = AXIS2_PLACEMENT_3D ( 'NONE', #2861, #2813, #1424 ) ;
#1090 = ADVANCED_FACE ( 'NONE', ( #1347 ), #6958, .F. ) ;
#1091 = CARTESIAN_POINT ( 'NONE',  ( 28.24999999999999645, 11.50000000000000000, -2.899999999999992806 ) ) ;
#1092 = EDGE_CURVE ( 'NONE', #6062, #5872, #8901, .T. ) ;
#1093 = ORIENTED_EDGE ( 'NONE', *, *, #4643, .F. ) ;
#1094 = ADVANCED_FACE ( 'NONE', ( #6857 ), #608, .T. ) ;
#1095 = ORIENTED_EDGE ( 'NONE', *, *, #6217, .T. ) ;
#1096 = DIRECTION ( 'NONE',  ( -1.224646799147350249E-16, -1.399777696666349997E-15, 1.000000000000000000 ) ) ;
#1097 = CARTESIAN_POINT ( 'NONE',  ( -28.73487993433219856, 9.032920430455098071, -0.01639595547441898005 ) ) ;
#1098 = CARTESIAN_POINT ( 'NONE',  ( -30.75000000000000000, 0.7107958125781029812, -2.710795812577996511 ) ) ;
#1099 = ADVANCED_FACE ( 'NONE', ( #5363 ), #6781, .F. ) ;
#1100 = AXIS2_PLACEMENT_3D ( 'NONE', #7639, #8862, #2737 ) ;
#1101 = VERTEX_POINT ( 'NONE', #473 ) ;
#1102 = ORIENTED_EDGE ( 'NONE', *, *, #8063, .F. ) ;
#1103 = EDGE_CURVE ( 'NONE', #459, #5308, #8268, .T. ) ;
#1104 = CARTESIAN_POINT ( 'NONE',  ( 27.37499999999999645, -0.7705369544777969093, -3.490000000000388791 ) ) ;
#1105 = PRODUCT_CONTEXT ( 'NONE', #7076, 'mechanical' ) ;
#1106 = AXIS2_PLACEMENT_3D ( 'NONE', #1861, #1998, #3344 ) ;
#1107 = CARTESIAN_POINT ( 'NONE',  ( -30.75000000000000000, 2.223807899774399299, -4.055156287094595413 ) ) ;
#1108 = ORIENTED_EDGE ( 'NONE', *, *, #8703, .F. ) ;
#1109 = DIRECTION ( 'NONE',  ( 6.162975822039150624E-33, -1.000000000000000000, 2.220446049250313574E-16 ) ) ;
#1110 = CARTESIAN_POINT ( 'NONE',  ( 26.56942857740010666, 12.41263209939319800, -3.954181529699691389 ) ) ;
#1111 = LINE ( 'NONE', #3933, #4699 ) ;
#1112 = LINE ( 'NONE', #4759, #8992 ) ;
#1113 = VECTOR ( 'NONE', #5244, 1000.000000000000114 ) ;
#1114 = CARTESIAN_POINT ( 'NONE',  ( 30.03544111968360752, 8.887070465783498463, -0.2945565400528943889 ) ) ;
#1115 = ORIENTED_EDGE ( 'NONE', *, *, #5261, .T. ) ;
#1116 = LINE ( 'NONE', #8687, #1140 ) ;
#1117 = DIRECTION ( 'NONE',  ( -0.000000000000000000, 1.000000000000000000, -0.000000000000000000 ) ) ;
#1118 =( BOUNDED_CURVE ( )  B_SPLINE_CURVE ( 3, ( #1, #2807, #8239, #8192 ),
 .UNSPECIFIED., .F., .T. ) 
 B_SPLINE_CURVE_WITH_KNOTS ( ( 4, 4 ),
 ( 2.574318203148151962, 3.141592653589793116 ),
 .UNSPECIFIED. ) 
 CURVE ( )  GEOMETRIC_REPRESENTATION_ITEM ( )  RATIONAL_B_SPLINE_CURVE ( ( 1.000000000000000000, 0.9733626104681871727, 0.9733626104681871727, 1.000000000000000000 ) ) 
 REPRESENTATION_ITEM ( '' )  );
#1119 = VECTOR ( 'NONE', #6230, 1000.000000000000000 ) ;
#1120 = ORIENTED_EDGE ( 'NONE', *, *, #4419, .T. ) ;
#1121 = CARTESIAN_POINT ( 'NONE',  ( -27.61415224158810133, 8.849074499528100546, -0.4009453565463494962 ) ) ;
#1122 = ORIENTED_EDGE ( 'NONE', *, *, #5540, .F. ) ;
#1123 = FACE_OUTER_BOUND ( 'NONE', #2860, .T. ) ;
#1124 = VERTEX_POINT ( 'NONE', #7503 ) ;
#1125 = DIRECTION ( 'NONE',  ( -6.162975822039150624E-33, 1.000000000000000000, -2.220446049250313574E-16 ) ) ;
#1126 = DIRECTION ( 'NONE',  ( -6.162975822039150624E-33, 1.000000000000000000, -2.220446049250313574E-16 ) ) ;
#1127 = FILL_AREA_STYLE_COLOUR ( '', #1298 ) ;
#1128 = ORIENTED_EDGE ( 'NONE', *, *, #8941, .T. ) ;
#1129 = FACE_OUTER_BOUND ( 'NONE', #2065, .T. ) ;
#1130 = MECHANICAL_DESIGN_GEOMETRIC_PRESENTATION_REPRESENTATION (  '', ( #5678 ), #2753 ) ;
#1131 = FACE_OUTER_BOUND ( 'NONE', #6951, .T. ) ;
#1132 = CARTESIAN_POINT ( 'NONE',  ( -30.75000000000000000, 2.776945663413300291, -3.786746853471398389 ) ) ;
#1133 = ORIENTED_EDGE ( 'NONE', *, *, #5708, .T. ) ;
#1134 = VECTOR ( 'NONE', #7095, 1000.000000000000000 ) ;
#1135 = DIRECTION ( 'NONE',  ( -1.000000000000000000, -6.162975822039154730E-33, -2.465190328815661892E-32 ) ) ;
#1136 = CARTESIAN_POINT ( 'NONE',  ( 27.37000000000000455, 12.09205754721679860, -3.851763809020494200 ) ) ;
#1137 = CARTESIAN_POINT ( 'NONE',  ( 26.99999999999999645, 0.3000000000000024869, -3.700000000000390532 ) ) ;
#1138 = DIRECTION ( 'NONE',  ( 2.465190328815661345E-32, -6.137086701989279675E-49, -1.000000000000000000 ) ) ;
#1139 = EDGE_CURVE ( 'NONE', #1655, #4929, #5405, .T. ) ;
#1140 = VECTOR ( 'NONE', #2549, 1000.000000000000000 ) ;
#1141 = ORIENTED_EDGE ( 'NONE', *, *, #3522, .T. ) ;
#1142 = VECTOR ( 'NONE', #7361, 1000.000000000000000 ) ;
#1143 = VERTEX_POINT ( 'NONE', #2639 ) ;
#1144 = LINE ( 'NONE', #3962, #8627 ) ;
#1145 = CARTESIAN_POINT ( 'NONE',  ( -28.21343266143371054, 8.828732845407399665, -0.4710035661612075319 ) ) ;
#1146 = CARTESIAN_POINT ( 'NONE',  ( 27.95000000000000284, 8.260820357969000938, -0.5808251579691916522 ) ) ;
#1147 = VERTEX_POINT ( 'NONE', #8143 ) ;
#1148 = AXIS2_PLACEMENT_3D ( 'NONE', #3998, #2248, #5829 ) ;
#1149 = EDGE_LOOP ( 'NONE', ( #4473, #7141, #2579, #3846 ) ) ;
#1150 = ADVANCED_FACE ( 'NONE', ( #3245 ), #3934, .T. ) ;
#1151 = LINE ( 'NONE', #4751, #6827 ) ;
#1152 = EDGE_CURVE ( 'NONE', #5478, #7018, #6042, .T. ) ;
#1153 = EDGE_CURVE ( 'NONE', #3206, #8263, #7417, .T. ) ;
#1154 = ORIENTED_EDGE ( 'NONE', *, *, #7121, .F. ) ;
#1155 = CARTESIAN_POINT ( 'NONE',  ( -27.05000000000000426, 10.53798004549439860, 1.696334529555773241 ) ) ;
#1156 = CARTESIAN_POINT ( 'NONE',  ( 26.56214645284900300, 12.42666406871190077, -3.941421356237293505 ) ) ;
#1157 = EDGE_CURVE ( 'NONE', #7532, #946, #4021, .T. ) ;
#1158 = CARTESIAN_POINT ( 'NONE',  ( -28.43057142259990044, 12.41263209939319800, -3.954181529699698494 ) ) ;
#1159 = CARTESIAN_POINT ( 'NONE',  ( 28.10000000000000142, 10.72111025509270377, 2.078889744906690762 ) ) ;
#1160 = VERTEX_POINT ( 'NONE', #2682 ) ;
#1161 = VERTEX_POINT ( 'NONE', #2507 ) ;
#1162 = VECTOR ( 'NONE', #5948, 1000.000000000000000 ) ;
#1163 = CARTESIAN_POINT ( 'NONE',  ( 26.27021929459649741, 9.025582109328897928, -0.02775009080198224953 ) ) ;
#1164 = DIRECTION ( 'NONE',  ( -6.162975822039150624E-33, 1.000000000000000000, -2.220446049250313574E-16 ) ) ;
#1165 = VECTOR ( 'NONE', #2828, 1000.000000000000000 ) ;
#1166 = DIRECTION ( 'NONE',  ( -2.465190328815661618E-32, 2.220446049250313574E-16, 1.000000000000000000 ) ) ;
#1167 = EDGE_CURVE ( 'NONE', #5957, #6313, #1112, .T. ) ;
#1168 = ORIENTED_EDGE ( 'NONE', *, *, #3009, .F. ) ;
#1169 = CIRCLE ( 'NONE', #4400, 0.1580968594332996247 ) ;
#1170 = CARTESIAN_POINT ( 'NONE',  ( -27.58961325986900093, 8.853664842278501368, -0.3867188096481986026 ) ) ;
#1171 = ORIENTED_EDGE ( 'NONE', *, *, #7352, .F. ) ;
#1172 = DIRECTION ( 'NONE',  ( 0.1294283079955639848, -0.9831056027603600755, -0.1294283079955638183 ) ) ;
#1173 = ORIENTED_EDGE ( 'NONE', *, *, #7531, .F. ) ;
#1174 = CARTESIAN_POINT ( 'NONE',  ( 28.69999999999999929, 11.05175435324722777, -0.1164147921402647473 ) ) ;
#1175 = PRESENTATION_STYLE_ASSIGNMENT (( #5547 ) ) ;
#1176 = ORIENTED_EDGE ( 'NONE', *, *, #489, .T. ) ;
#1177 = LINE ( 'NONE', #9056, #3366 ) ;
#1178 = VECTOR ( 'NONE', #7572, 1000.000000000000000 ) ;
#1179 = DIRECTION ( 'NONE',  ( -2.465190328815661345E-32, 6.137086701989279675E-49, 1.000000000000000000 ) ) ;
#1180 = COLOUR_RGB ( '',0.5019607843137254832, 1.000000000000000000, 0.5019607843137254832 ) ;
#1181 = VERTEX_POINT ( 'NONE', #3336 ) ;
#1182 =( NAMED_UNIT ( * ) PLANE_ANGLE_UNIT ( ) SI_UNIT ( $, .RADIAN. ) );
#1183 = FACE_OUTER_BOUND ( 'NONE', #5702, .T. ) ;
#1184 = CARTESIAN_POINT ( 'NONE',  ( 29.75473326778869776, 8.832146868583297561, -0.4583607072374210611 ) ) ;
#1185 = STYLED_ITEM ( 'NONE', ( #5082 ), #285 ) ;
#1186 = VERTEX_POINT ( 'NONE', #6134 ) ;
#1187 = ORIENTED_EDGE ( 'NONE', *, *, #3816, .T. ) ;
#1188 = CARTESIAN_POINT ( 'NONE',  ( 29.87500000000000000, 8.049116928532395765E-16, 1.089999999999650360 ) ) ;
#1189 = CARTESIAN_POINT ( 'NONE',  ( -28.55584807170140493, 8.894833018026401916, -0.2755237566641980385 ) ) ;
#1190 = SURFACE_SIDE_STYLE ('',( #1324 ) ) ;
#1191 = ORIENTED_EDGE ( 'NONE', *, *, #2227, .F. ) ;
#1192 = PLANE ( 'NONE',  #2293 ) ;
#1193 = CARTESIAN_POINT ( 'NONE',  ( 28.24999999999999645, 8.049116928532395765E-16, -3.499999999999989342 ) ) ;
#1194 = FILL_AREA_STYLE ('',( #3886 ) ) ;
#1195 = EDGE_CURVE ( 'NONE', #5780, #18, #8187, .T. ) ;
#1196 = VERTEX_POINT ( 'NONE', #7537 ) ;
#1197 = LINE ( 'NONE', #2543, #7610 ) ;
#1198 = DIRECTION ( 'NONE',  ( 1.000000000000000000, -9.302115961259179889E-16, -1.224646799147348277E-16 ) ) ;
#1199 = CARTESIAN_POINT ( 'NONE',  ( -28.42818107830670371, 12.40773136941109733, -3.958230659249099670 ) ) ;
#1200 = CARTESIAN_POINT ( 'NONE',  ( 26.05000000000000426, 18.23431457504869968, -5.999999999999995559 ) ) ;
#1201 = EDGE_CURVE ( 'NONE', #6313, #6268, #2365, .T. ) ;
#1202 = ORIENTED_EDGE ( 'NONE', *, *, #5454, .T. ) ;
#1203 = ORIENTED_EDGE ( 'NONE', *, *, #4358, .F. ) ;
#1204 = CARTESIAN_POINT ( 'NONE',  ( 26.30472238924429362, 8.983961659689201795, -0.09571333561289065150 ) ) ;
#1205 = LINE ( 'NONE', #6140, #5265 ) ;
#1206 = FACE_OUTER_BOUND ( 'NONE', #675, .T. ) ;
#1207 = ADVANCED_FACE ( 'NONE', ( #3288 ), #5320, .T. ) ;
#1208 = ORIENTED_EDGE ( 'NONE', *, *, #317, .F. ) ;
#1209 = CARTESIAN_POINT ( 'NONE',  ( -27.55364953375681480, 8.861320472512399959, -0.3639060635994891824 ) ) ;
#1210 = LINE ( 'NONE', #8860, #5722 ) ;
#1211 = EDGE_CURVE ( 'NONE', #5780, #8932, #429, .T. ) ;
#1212 = EDGE_CURVE ( 'NONE', #8628, #6703, #6224, .T. ) ;
#1213 = PLANE ( 'NONE',  #3031 ) ;
#1214 = ORIENTED_EDGE ( 'NONE', *, *, #6664, .T. ) ;
#1215 = CARTESIAN_POINT ( 'NONE',  ( -28.95000000000000284, 18.23431457504869968, -6.000000000000002665 ) ) ;
#1216 = DIRECTION ( 'NONE',  ( 2.301583120455696595E-16, 0.3420201433256708223, -0.9396926207859076507 ) ) ;
#1217 = DIRECTION ( 'NONE',  ( 1.000000000000000000, 6.162975822039154730E-33, 2.465190328815661892E-32 ) ) ;
#1218 = ORIENTED_EDGE ( 'NONE', *, *, #9050, .T. ) ;
#1219 = CARTESIAN_POINT ( 'NONE',  ( -30.75000000000000000, 6.800000000000001599, 6.000000000000001776 ) ) ;
#1220 = DIRECTION ( 'NONE',  ( 6.162975822039150624E-33, -1.000000000000000000, 2.220446049250313574E-16 ) ) ;
#1221 = CARTESIAN_POINT ( 'NONE',  ( 29.00768978205389814, 8.873144392711200368, -0.3307384549109618765 ) ) ;
#1222 = VERTEX_POINT ( 'NONE', #4281 ) ;
#1223 =( NAMED_UNIT ( * ) SI_UNIT ( $, .STERADIAN. ) SOLID_ANGLE_UNIT ( ) );
#1224 = DIRECTION ( 'NONE',  ( 0.000000000000000000, 0.000000000000000000, 1.000000000000000000 ) ) ;
#1225 = CARTESIAN_POINT ( 'NONE',  ( 29.55772747935460387, 8.821801823924001695, -0.4980452020267537305 ) ) ;
#1226 = DIRECTION ( 'NONE',  ( -2.465190328815661345E-32, 6.137086701989279675E-49, 1.000000000000000000 ) ) ;
#1227 = EDGE_LOOP ( 'NONE', ( #5544, #4568, #5056, #1046 ) ) ;
#1228 = ORIENTED_EDGE ( 'NONE', *, *, #5701, .T. ) ;
#1229 = DIRECTION ( 'NONE',  ( -6.162975822039150624E-33, 1.000000000000000000, -2.220446049250313574E-16 ) ) ;
#1230 = CARTESIAN_POINT ( 'NONE',  ( -28.59417351025189546, 8.911989682365600629, -0.2358567776425904983 ) ) ;
#1231 = CARTESIAN_POINT ( 'NONE',  ( -30.75000000000000000, 3.016894614386100848, -4.165468861284097990 ) ) ;
#1232 = AXIS2_PLACEMENT_3D ( 'NONE', #6621, #3348, #8245 ) ;
#1233 = VERTEX_POINT ( 'NONE', #6314 ) ;
#1234 = AXIS2_PLACEMENT_3D ( 'NONE', #2496, #3050, #8579 ) ;
#1235 = LINE ( 'NONE', #5527, #2590 ) ;
#1236 = FACE_OUTER_BOUND ( 'NONE', #5475, .T. ) ;
#1237 = DIRECTION ( 'NONE',  ( 0.000000000000000000, 0.000000000000000000, 1.000000000000000000 ) ) ;
#1238 = AXIS2_PLACEMENT_3D ( 'NONE', #1821, #3857, #6007 ) ;
#1239 = VERTEX_POINT ( 'NONE', #4187 ) ;
#1240 = CARTESIAN_POINT ( 'NONE',  ( 29.87500000000000000, -1.700000000000401634, 0.7517031175790431785 ) ) ;
#1241 = DIRECTION ( 'NONE',  ( -1.000000000000000000, -6.162975822039154730E-33, -2.465190328815661892E-32 ) ) ;
#1242 = CARTESIAN_POINT ( 'NONE',  ( -28.79999999999770210, 11.50000000000000000, 0.3318308546125126601 ) ) ;
#1243 = CARTESIAN_POINT ( 'NONE',  ( -28.49534268432020312, 12.59999999999999964, -3.768085424949201734 ) ) ;
#1244 = CARTESIAN_POINT ( 'NONE',  ( 27.37499999999999645, 8.049116928532395765E-16, -3.490000000000388791 ) ) ;
#1245 = ORIENTED_EDGE ( 'NONE', *, *, #7290, .F. ) ;
#1246 = ORIENTED_EDGE ( 'NONE', *, *, #6282, .T. ) ;
#1247 = DIRECTION ( 'NONE',  ( -1.000000000000000000, -6.162975822039154730E-33, -2.465190328815661892E-32 ) ) ;
#1248 = LINE ( 'NONE', #7634, #3065 ) ;
#1249 = CONICAL_SURFACE ( 'NONE', #6398, 1.500000000000001776, 0.5235987755982987046 ) ;
#1250 = ADVANCED_FACE ( 'NONE', ( #2031 ), #1375, .F. ) ;
#1251 = LINE ( 'NONE', #4920, #3974 ) ;
#1252 = EDGE_CURVE ( 'NONE', #4617, #6855, #679, .T. ) ;
#1253 = EDGE_LOOP ( 'NONE', ( #7867, #2380 ) ) ;
#1254 = DIRECTION ( 'NONE',  ( -4.188538737677044767E-17, 0.9396926207859066515, 0.3420201433256735979 ) ) ;
#1255 = DIRECTION ( 'NONE',  ( 0.000000000000000000, 0.000000000000000000, 1.000000000000000000 ) ) ;
#1256 = VECTOR ( 'NONE', #7651, 1000.000000000000114 ) ;
#1257 = PRODUCT_DEFINITION ( 'UNKNOWN', '', #3983, #1931 ) ;
#1258 = CARTESIAN_POINT ( 'NONE',  ( 25.74999999999999645, 8.418613096565399800, -5.999999999999992895 ) ) ;
#1259 = VERTEX_POINT ( 'NONE', #772 ) ;
#1260 = DIRECTION ( 'NONE',  ( 0.000000000000000000, 0.000000000000000000, 1.000000000000000000 ) ) ;
#1261 = EDGE_CURVE ( 'NONE', #7081, #5328, #8, .T. ) ;
#1262 = EDGE_CURVE ( 'NONE', #7182, #5696, #7770, .T. ) ;
#1263 = EDGE_CURVE ( 'NONE', #1082, #4045, #6945, .T. ) ;
#1264 = DIRECTION ( 'NONE',  ( 1.000000000000000000, 6.162975822039154730E-33, 2.465190328815661345E-32 ) ) ;
#1265 = EDGE_LOOP ( 'NONE', ( #2091, #6708, #7083, #2651 ) ) ;
#1266 = ADVANCED_FACE ( 'NONE', ( #1335 ), #3600, .F. ) ;
#1267 = LINE ( 'NONE', #7518, #4541 ) ;
#1268 = CARTESIAN_POINT ( 'NONE',  ( 25.74999999999999645, 12.09205754721679860, -3.851763809020494200 ) ) ;
#1269 = ORIENTED_EDGE ( 'NONE', *, *, #9035, .T. ) ;
#1270 = CARTESIAN_POINT ( 'NONE',  ( 29.86999999999999389, 12.28524271247460220, -3.799999999999994493 ) ) ;
#1271 = DIRECTION ( 'NONE',  ( -8.659560562354920532E-17, 0.7071067811865470176, 0.7071067811865480168 ) ) ;
#1272 = LINE ( 'NONE', #4092, #9004 ) ;
#1273 = EDGE_CURVE ( 'NONE', #913, #8574, #5703, .T. ) ;
#1274 = VECTOR ( 'NONE', #462, 1000.000000000000114 ) ;
#1275 = ORIENTED_EDGE ( 'NONE', *, *, #8422, .F. ) ;
#1276 = EDGE_LOOP ( 'NONE', ( #851, #8343, #4459, #4269, #8662, #6475 ) ) ;
#1277 = CARTESIAN_POINT ( 'NONE',  ( 27.37499999999999645, -2.900000000000399591, 3.599999999999312195 ) ) ;
#1278 = CARTESIAN_POINT ( 'NONE',  ( -28.29526671505890079, 8.836299104498301915, -0.4435170253452597744 ) ) ;
#1279 = ORIENTED_EDGE ( 'NONE', *, *, #1103, .F. ) ;
#1280 = PLANE ( 'NONE',  #8158 ) ;
#1281 = CARTESIAN_POINT ( 'NONE',  ( -30.75000000000000000, 1.272624325729198036, -3.774095203657398034 ) ) ;
#1282 = VECTOR ( 'NONE', #1429, 1000.000000000000000 ) ;
#1283 = STYLED_ITEM ( 'NONE', ( #1489 ), #2961 ) ;
#1284 = VECTOR ( 'NONE', #3276, 1000.000000000000000 ) ;
#1285 = ORIENTED_EDGE ( 'NONE', *, *, #7171, .T. ) ;
#1286 = PLANE ( 'NONE',  #573 ) ;
#1287 = FACE_OUTER_BOUND ( 'NONE', #9058, .T. ) ;
#1288 = LINE ( 'NONE', #1333, #8175 ) ;
#1289 = CARTESIAN_POINT ( 'NONE',  ( 28.00319146181551488, 10.60749758526393904, 1.827414554324808593 ) ) ;
#1290 = EDGE_LOOP ( 'NONE', ( #5224, #7863, #5994, #8425 ) ) ;
#1291 = LINE ( 'NONE', #1855, #6755 ) ;
#1292 = CARTESIAN_POINT ( 'NONE',  ( 26.28074055212929849, 9.011095579586299920, -0.05046751304258086102 ) ) ;
#1293 = DIRECTION ( 'NONE',  ( -4.930380657631324879E-32, -0.9659258262890683122, -0.2588190451025209060 ) ) ;
#1294 = STYLED_ITEM ( 'NONE', ( #7064 ), #6506 ) ;
#1295 = ORIENTED_EDGE ( 'NONE', *, *, #8125, .T. ) ;
#1296 = DIRECTION ( 'NONE',  ( -5.801957056841932144E-32, 0.7071067811866160735, 0.7071067811864790720 ) ) ;
#1297 = DIRECTION ( 'NONE',  ( 1.000000000000000000, 6.162975822039154730E-33, 2.465190328815661892E-32 ) ) ;
#1298 = COLOUR_RGB ( '',0.9490196078431372140, 0.9490196078431372140, 1.000000000000000000 ) ;
#1299 = CARTESIAN_POINT ( 'NONE',  ( -27.99999999999999645, 8.049116928532395765E-16, 1.299999999999652545 ) ) ;
#1300 = ORIENTED_EDGE ( 'NONE', *, *, #3928, .F. ) ;
#1301 = ADVANCED_FACE ( 'NONE', ( #7131 ), #7035, .T. ) ;
#1302 = AXIS2_PLACEMENT_3D ( 'NONE', #8646, #5178, #7288 ) ;
#1303 = LINE ( 'NONE', #7681, #7004 ) ;
#1304 = CARTESIAN_POINT ( 'NONE',  ( 26.62499999999999645, -0.4999999999999996669, -3.490000000000388791 ) ) ;
#1305 = VECTOR ( 'NONE', #3723, 1000.000000000000114 ) ;
#1306 = AXIS2_PLACEMENT_3D ( 'NONE', #7534, #2586, #1198 ) ;
#1307 = PLANE ( 'NONE',  #2422 ) ;
#1308 = FACE_OUTER_BOUND ( 'NONE', #2427, .T. ) ;
#1309 = ADVANCED_FACE ( 'NONE', ( #4321 ), #5619, .F. ) ;
#1310 = ORIENTED_EDGE ( 'NONE', *, *, #1030, .F. ) ;
#1311 = LINE ( 'NONE', #8871, #3804 ) ;
#1312 = CARTESIAN_POINT ( 'NONE',  ( 29.07742717112370201, 8.856045284099799630, -0.3794363394946601575 ) ) ;
#1313 = ORIENTED_EDGE ( 'NONE', *, *, #5162, .T. ) ;
#1314 = EDGE_CURVE ( 'NONE', #3669, #7119, #817, .T. ) ;
#1315 = AXIS2_PLACEMENT_3D ( 'NONE', #7616, #886, #2842 ) ;
#1316 = CARTESIAN_POINT ( 'NONE',  ( 26.95000000000000284, 12.59999999999999964, -7.200002399999990921 ) ) ;
#1317 = CARTESIAN_POINT ( 'NONE',  ( -30.64999999999999503, 2.776945663413300291, -4.323565720717696514 ) ) ;
#1318 = CARTESIAN_POINT ( 'NONE',  ( 29.79526671505840341, 8.836299104498301915, -0.4435170253454228662 ) ) ;
#1319 = EDGE_CURVE ( 'NONE', #5938, #2270, #3506, .T. ) ;
#1320 = VECTOR ( 'NONE', #8531, 1000.000000000000000 ) ;
#1321 = ORIENTED_EDGE ( 'NONE', *, *, #2058, .T. ) ;
#1322 = VERTEX_POINT ( 'NONE', #2214 ) ;
#1323 = CARTESIAN_POINT ( 'NONE',  ( 25.74999999999999645, 12.42666406871190077, -3.941421356237293505 ) ) ;
#1324 = SURFACE_STYLE_FILL_AREA ( #4099 ) ;
#1325 = EDGE_CURVE ( 'NONE', #6988, #1541, #7549, .T. ) ;
#1326 = VERTEX_POINT ( 'NONE', #4887 ) ;
#1327 = CARTESIAN_POINT ( 'NONE',  ( 27.37000000000000455, 12.28524271247460220, -3.799999999999994493 ) ) ;
#1328 = LINE ( 'NONE', #148, #4653 ) ;
#1329 = CARTESIAN_POINT ( 'NONE',  ( 27.80000000000000426, 9.274131101508199748, 0.2796952570154002116 ) ) ;
#1330 = ORIENTED_EDGE ( 'NONE', *, *, #8370, .T. ) ;
#1331 =( NAMED_UNIT ( * ) SI_UNIT ( $, .STERADIAN. ) SOLID_ANGLE_UNIT ( ) );
#1332 = DIRECTION ( 'NONE',  ( 5.801957056841933239E-32, -0.7071067811866160735, -0.7071067811864790720 ) ) ;
#1333 = CARTESIAN_POINT ( 'NONE',  ( -27.63000000000000256, 8.418613096565399800, -6.000000000000000000 ) ) ;
#1334 = VERTEX_POINT ( 'NONE', #8309 ) ;
#1335 = FACE_OUTER_BOUND ( 'NONE', #4213, .T. ) ;
#1336 = VERTEX_POINT ( 'NONE', #7630 ) ;
#1337 = FILL_AREA_STYLE ('',( #6989 ) ) ;
#1338 = CARTESIAN_POINT ( 'NONE',  ( 26.25141900837810027, 9.055845581400799205, 0.01755675158147777803 ) ) ;
#1339 = DIRECTION ( 'NONE',  ( -6.162975822039150624E-33, 1.000000000000000000, -2.220446049250313574E-16 ) ) ;
#1340 = ORIENTED_EDGE ( 'NONE', *, *, #5604, .T. ) ;
#1341 = CARTESIAN_POINT ( 'NONE',  ( 29.67999999999999972, 13.10000000000000142, -3.268085424949194184 ) ) ;
#1342 = CARTESIAN_POINT ( 'NONE',  ( 30.75000000000000000, 5.168169145387501828, -5.999999999999988454 ) ) ;
#1343 = CARTESIAN_POINT ( 'NONE',  ( -29.25000000000001066, 12.09205754721679860, -3.851763809020500862 ) ) ;
#1344 = DIRECTION ( 'NONE',  ( 5.291399422828629572E-32, 0.7071067811865479058, -0.7071067811865470176 ) ) ;
#1345 = EDGE_LOOP ( 'NONE', ( #8161, #8163 ) ) ;
#1346 = CARTESIAN_POINT ( 'NONE',  ( 29.17999999999999616, -3.500000000000399680, 1.168991498552089725 ) ) ;
#1347 = FACE_OUTER_BOUND ( 'NONE', #2309, .T. ) ;
#1348 = DIRECTION ( 'NONE',  ( 1.307364598815785821E-32, 0.7071067811865480168, -0.7071067811865471286 ) ) ;
#1349 = DIRECTION ( 'NONE',  ( -2.465190328815661345E-32, 6.137086701989279675E-49, 1.000000000000000000 ) ) ;
#1350 = ORIENTED_EDGE ( 'NONE', *, *, #8285, .F. ) ;
#1351 = DIRECTION ( 'NONE',  ( 0.3247417700539127483, 0.3434293095983873001, 0.8812485983484040775 ) ) ;
#1352 = DIRECTION ( 'NONE',  ( -1.000000000000000000, -6.162975822039154730E-33, -2.465190328815661892E-32 ) ) ;
#1353 = ORIENTED_EDGE ( 'NONE', *, *, #4091, .F. ) ;
#1354 = CARTESIAN_POINT ( 'NONE',  ( -27.09590961973498580, 8.635475316570971671, -0.2593048600779251922 ) ) ;
#1355 = CARTESIAN_POINT ( 'NONE',  ( 29.50000000000000000, 9.717157287525500564, 2.517157287525060294 ) ) ;
#1356 = EDGE_CURVE ( 'NONE', #7472, #209, #4152, .T. ) ;
#1357 = EDGE_CURVE ( 'NONE', #5322, #913, #9028, .T. ) ;
#1358 = ORIENTED_EDGE ( 'NONE', *, *, #4347, .T. ) ;
#1359 = ORIENTED_EDGE ( 'NONE', *, *, #182, .T. ) ;
#1360 = CARTESIAN_POINT ( 'NONE',  ( 28.95000000000000284, 7.246469138743599103, -0.3861661007111913957 ) ) ;
#1361 = ORIENTED_EDGE ( 'NONE', *, *, #1522, .F. ) ;
#1362 = DIRECTION ( 'NONE',  ( -1.000000000000000000, -6.162975822039154730E-33, -2.465190328815661892E-32 ) ) ;
#1363 = FACE_OUTER_BOUND ( 'NONE', #889, .T. ) ;
#1364 = CARTESIAN_POINT ( 'NONE',  ( -30.75000000000000000, 2.223807899774399299, -4.055156287094595413 ) ) ;
#1365 = CARTESIAN_POINT ( 'NONE',  ( -28.40357991838131468, 12.24013407081690019, -3.995176166926101224 ) ) ;
#1366 = ADVANCED_FACE ( 'NONE', ( #3219 ), #6015, .F. ) ;
#1367 = UNCERTAINTY_MEASURE_WITH_UNIT (LENGTH_MEASURE( 1.000000000000000082E-05 ), #6269, 'distance_accuracy_value', 'NONE');
#1368 = EDGE_CURVE ( 'NONE', #6742, #4976, #1870, .T. ) ;
#1369 = EDGE_CURVE ( 'NONE', #5819, #2557, #5792, .T. ) ;
#1370 = ORIENTED_EDGE ( 'NONE', *, *, #29, .T. ) ;
#1371 = CARTESIAN_POINT ( 'NONE',  ( 25.75000000000115463, 6.800000000000001599, 6.000000000000001776 ) ) ;
#1372 = LINE ( 'NONE', #3502, #7485 ) ;
#1373 = PLANE ( 'NONE',  #6580 ) ;
#1374 = ORIENTED_EDGE ( 'NONE', *, *, #8016, .T. ) ;
#1375 = PLANE ( 'NONE',  #1089 ) ;
#1376 = EDGE_CURVE ( 'NONE', #8030, #6031, #4690, .T. ) ;
#1377 = ORIENTED_EDGE ( 'NONE', *, *, #6445, .T. ) ;
#1378 = DIRECTION ( 'NONE',  ( -1.000000000000000000, -6.162975822039154730E-33, -1.224646799147350249E-16 ) ) ;
#1379 = DIRECTION ( 'NONE',  ( -2.465190328815661345E-32, 6.137086701989279675E-49, 1.000000000000000000 ) ) ;
#1380 = DIRECTION ( 'NONE',  ( 0.000000000000000000, 0.000000000000000000, 1.000000000000000000 ) ) ;
#1381 = VECTOR ( 'NONE', #2477, 1000.000000000000000 ) ;
#1382 = ORIENTED_EDGE ( 'NONE', *, *, #16, .F. ) ;
#1383 = LINE ( 'NONE', #3608, #2041 ) ;
#1384 = FACE_OUTER_BOUND ( 'NONE', #7316, .T. ) ;
#1385 = CARTESIAN_POINT ( 'NONE',  ( -30.75000000000000000, 3.174991473819601229, -5.000185169558795550 ) ) ;
#1386 = VECTOR ( 'NONE', #2722, 1000.000000000000000 ) ;
#1387 = DIRECTION ( 'NONE',  ( 1.000000000000000000, 6.162975822039154730E-33, 2.465190328815661345E-32 ) ) ;
#1388 = ORIENTED_EDGE ( 'NONE', *, *, #2517, .F. ) ;
#1389 = LINE ( 'NONE', #618, #4210 ) ;
#1390 =( LENGTH_UNIT ( ) NAMED_UNIT ( * ) SI_UNIT ( .MILLI., .METRE. ) );
#1391 = DIRECTION ( 'NONE',  ( -2.465190328815661618E-32, 2.220446049250313574E-16, 1.000000000000000000 ) ) ;
#1392 = VECTOR ( 'NONE', #6520, 1000.000000000000000 ) ;
#1393 = DIRECTION ( 'NONE',  ( 1.224646799147350249E-16, 1.410381911693479320E-49, -1.000000000000000000 ) ) ;
#1394 = PLANE ( 'NONE',  #7045 ) ;
#1395 = ORIENTED_EDGE ( 'NONE', *, *, #7335, .T. ) ;
#1396 = CARTESIAN_POINT ( 'NONE',  ( -28.17999999999999616, -0.4999999999999996669, 1.089999999999650804 ) ) ;
#1397 = ORIENTED_EDGE ( 'NONE', *, *, #3371, .F. ) ;
#1398 = DIRECTION ( 'NONE',  ( -2.465190328815661345E-32, 6.137086701989279675E-49, 1.000000000000000000 ) ) ;
#1399 = VECTOR ( 'NONE', #8925, 1000.000000000000000 ) ;
#1400 = CARTESIAN_POINT ( 'NONE',  ( -28.71000000000000085, 13.10000000000000142, -1.799999999999999600 ) ) ;
#1401 = CARTESIAN_POINT ( 'NONE',  ( 26.62499999999999645, 8.049116928532395765E-16, -3.490000000000388791 ) ) ;
#1402 = B_SPLINE_CURVE_WITH_KNOTS ( 'NONE', 3,
 ( #984, #2278, #7870, #3806, #5867, #8690, #2325, #1627, #6561, #2374, #1569, #2928, #5723, #8506, #6610, #2234, #4390, #245, #7199, #4446, #7826, #7970, #1674, #6093, #8910, #6004, #389, #1859, #1818, #442, #4632, #3994, #2520, #1073, #334, #1913, #7470, #8064, #2468, #3208, #7425, #2552, #4679, #8858, #8775, #7339, #1033, #3854, #1209, #523, #5329, #1170, #8109, #1121, #4030, #6654, #3159, #6052, #5954, #3940, #6748, #6791, #3259, #8817, #5369, #482, #8151, #4731, #7382, #3343, #5279, #3295, #8728, #7511, #2598, #6829, #5417, #8195, #6146 ),
 .UNSPECIFIED., .F., .F.,
 ( 4, 3, 3, 3, 3, 3, 3, 3, 3, 3, 3, 3, 3, 3, 3, 3, 3, 3, 3, 3, 3, 3, 3, 3, 3, 3, 4 ),
 ( 2.899926625692220460E-14, 0.08647243886491549902, 0.1732742612942569926, 0.2600113997888559569, 0.3464460503216110210, 0.3895516495351529773, 0.4328109214569459962, 0.4762181371825849885, 0.5196954219172610356, 0.5631682032329330401, 0.6065695393095700272, 0.6929718653016709862, 0.7362055561289549965, 0.7795962930606230579, 0.8230740193816690198, 0.8665618979324599680, 0.9099817193763890533, 0.9532591465840098977, 0.9963831167745759165, 1.039617762303749915, 1.082954839188369878, 1.126325765746819974, 1.169658583468049962, 1.212882065653840158, 1.299236042172589922, 1.342551676894359947, 1.385879582367430141 ),
 .UNSPECIFIED. ) ;
#1403 = ORIENTED_EDGE ( 'NONE', *, *, #6334, .T. ) ;
#1404 = ORIENTED_EDGE ( 'NONE', *, *, #4035, .T. ) ;
#1405 = LINE ( 'NONE', #8594, #3105 ) ;
#1406 = DIRECTION ( 'NONE',  ( -2.428339552025066306E-16, -0.1305261922200518510, 0.9914448613738104932 ) ) ;
#1407 = ORIENTED_EDGE ( 'NONE', *, *, #5762, .T. ) ;
#1408 = CARTESIAN_POINT ( 'NONE',  ( 27.37324928764220289, 8.847006307348900478, -0.4075909618378326660 ) ) ;
#1409 = VERTEX_POINT ( 'NONE', #2529 ) ;
#1410 = CARTESIAN_POINT ( 'NONE',  ( 25.74999999999999645, 12.59999999999999964, -1.799999999999992495 ) ) ;
#1411 = EDGE_CURVE ( 'NONE', #5987, #244, #6103, .T. ) ;
#1412 = CARTESIAN_POINT ( 'NONE',  ( 27.29600850144760216, -3.500000000000399680, -3.568991498552789743 ) ) ;
#1413 = CARTESIAN_POINT ( 'NONE',  ( 26.56214645284900300, 12.42666406871190077, -3.941421356237293505 ) ) ;
#1414 = CARTESIAN_POINT ( 'NONE',  ( 28.84458001096559698, 13.30756217274460163, -5.999999999999993783 ) ) ;
#1415 = CARTESIAN_POINT ( 'NONE',  ( -25.31999999999999673, 11.50000000000000000, -4.099999999999996092 ) ) ;
#1416 = CIRCLE ( 'NONE', #4077, 0.1580968594334401511 ) ;
#1417 = VECTOR ( 'NONE', #3744, 1000.000000000000114 ) ;
#1418 = VERTEX_POINT ( 'NONE', #8575 ) ;
#1419 = CARTESIAN_POINT ( 'NONE',  ( 27.80000000000000426, 11.50000000000000000, 0.3318308546125092184 ) ) ;
#1420 = CARTESIAN_POINT ( 'NONE',  ( -30.75000000000000000, 2.634710238477601774, -4.254546152071798204 ) ) ;
#1421 = LINE ( 'NONE', #2306, #3275 ) ;
#1422 = ADVANCED_FACE ( 'NONE', ( #2564 ), #5113, .T. ) ;
#1423 = ORIENTED_EDGE ( 'NONE', *, *, #88, .F. ) ;
#1424 = DIRECTION ( 'NONE',  ( -1.000000000000000000, -6.162975822039154730E-33, -1.224646799147350249E-16 ) ) ;
#1425 = ORIENTED_EDGE ( 'NONE', *, *, #4347, .F. ) ;
#1426 = ADVANCED_FACE ( 'NONE', ( #7903 ), #6537, .T. ) ;
#1427 = VECTOR ( 'NONE', #3438, 1000.000000000000227 ) ;
#1428 = DIRECTION ( 'NONE',  ( 0.000000000000000000, 0.000000000000000000, 1.000000000000000000 ) ) ;
#1429 = DIRECTION ( 'NONE',  ( 6.162975822039150624E-33, -1.000000000000000000, 2.220446049250313574E-16 ) ) ;
#1430 = EDGE_CURVE ( 'NONE', #219, #2033, #6199, .T. ) ;
#1431 = VECTOR ( 'NONE', #3341, 1000.000000000000000 ) ;
#1432 = ADVANCED_FACE ( 'NONE', ( #2481 ), #5966, .F. ) ;
#1433 = CARTESIAN_POINT ( 'NONE',  ( -29.25000000000001066, 12.09205754721679860, -3.851763809020500862 ) ) ;
#1434 = VERTEX_POINT ( 'NONE', #5293 ) ;
#1435 = DIRECTION ( 'NONE',  ( -6.162975822039150624E-33, 1.000000000000000000, -2.220446049250313574E-16 ) ) ;
#1436 = VECTOR ( 'NONE', #8288, 1000.000000000000000 ) ;
#1437 = PLANE ( 'NONE',  #8286 ) ;
#1438 = ORIENTED_EDGE ( 'NONE', *, *, #2957, .T. ) ;
#1439 = EDGE_CURVE ( 'NONE', #4126, #1239, #6451, .T. ) ;
#1440 = CYLINDRICAL_SURFACE ( 'NONE', #7454, 0.5000000000000004441 ) ;
#1441 =( NAMED_UNIT ( * ) PLANE_ANGLE_UNIT ( ) SI_UNIT ( $, .RADIAN. ) );
#1442 = VECTOR ( 'NONE', #7445, 1000.000000000000000 ) ;
#1443 = CARTESIAN_POINT ( 'NONE',  ( 29.45000000000000284, 12.59999999999999964, -7.200002399999990921 ) ) ;
#1444 = AXIS2_PLACEMENT_3D ( 'NONE', #294, #4585, #4494 ) ;
#1445 = EDGE_LOOP ( 'NONE', ( #1004, #3836, #8448, #5964 ) ) ;
#1446 = CARTESIAN_POINT ( 'NONE',  ( 28.80472238924429362, 8.983961659689201795, -0.09571333561289065150 ) ) ;
#1447 = VERTEX_POINT ( 'NONE', #4606 ) ;
#1448 = CYLINDRICAL_SURFACE ( 'NONE', #6864, 0.5000000000000000000 ) ;
#1449 = CIRCLE ( 'NONE', #7189, 0.5000000000000004441 ) ;
#1450 = VECTOR ( 'NONE', #791, 1000.000000000000000 ) ;
#1451 = DIRECTION ( 'NONE',  ( 0.000000000000000000, -2.220446049250313574E-16, -1.000000000000000000 ) ) ;
#1452 = VECTOR ( 'NONE', #903, 1000.000000000000000 ) ;
#1453 = VERTEX_POINT ( 'NONE', #2257 ) ;
#1454 = EDGE_LOOP ( 'NONE', ( #8515, #8672, #6879, #2521 ) ) ;
#1455 = LINE ( 'NONE', #4265, #7315 ) ;
#1456 = AXIS2_PLACEMENT_3D ( 'NONE', #8353, #2766, #4883 ) ;
#1457 = ORIENTED_EDGE ( 'NONE', *, *, #5996, .T. ) ;
#1458 = VERTEX_POINT ( 'NONE', #1829 ) ;
#1459 = DIRECTION ( 'NONE',  ( 1.000000000000000000, 6.162975822039154730E-33, 2.465190328815661892E-32 ) ) ;
#1460 = CARTESIAN_POINT ( 'NONE',  ( -28.43683763295280897, 12.14544140012709761, -3.943414897858200430 ) ) ;
#1461 = CARTESIAN_POINT ( 'NONE',  ( -26.74999999999885247, 11.50000000000000000, 1.299999999999280842 ) ) ;
#1462 = AXIS2_PLACEMENT_3D ( 'NONE', #6336, #23, #7686 ) ;
#1463 = ORIENTED_EDGE ( 'NONE', *, *, #7111, .T. ) ;
#1464 = CARTESIAN_POINT ( 'NONE',  ( -26.74999999999885247, 9.100000000000399325, -6.000000000000000000 ) ) ;
#1465 = DIRECTION ( 'NONE',  ( -6.162975822039150624E-33, 1.000000000000000000, -2.220446049250313574E-16 ) ) ;
#1466 = CARTESIAN_POINT ( 'NONE',  ( 29.86999999999999389, 12.59999999999999964, -1.799999999999992495 ) ) ;
#1467 = ORIENTED_EDGE ( 'NONE', *, *, #4599, .T. ) ;
#1468 = DIRECTION ( 'NONE',  ( 2.465190328815661345E-32, -6.137086701989279675E-49, -1.000000000000000000 ) ) ;
#1469 = DIRECTION ( 'NONE',  ( -1.000000000000000000, -6.162975822039154730E-33, -2.465190328815661892E-32 ) ) ;
#1470 = PLANE ( 'NONE',  #2473 ) ;
#1471 = EDGE_CURVE ( 'NONE', #9020, #6582, #403, .T. ) ;
#1472 = EDGE_CURVE ( 'NONE', #3206, #45, #4642, .T. ) ;
#1473 = VERTEX_POINT ( 'NONE', #3270 ) ;
#1474 = CARTESIAN_POINT ( 'NONE',  ( -29.25000000000001066, 11.50000000000000000, -3.499999999999999556 ) ) ;
#1475 = CARTESIAN_POINT ( 'NONE',  ( 26.59974067566479761, 12.29877853629260009, -3.999655129639092532 ) ) ;
#1476 =( BOUNDED_CURVE ( )  B_SPLINE_CURVE ( 3, ( #2149, #1498, #6256, #5611 ),
 .UNSPECIFIED., .F., .T. ) 
 B_SPLINE_CURVE_WITH_KNOTS ( ( 4, 4 ),
 ( 5.398241945003406705, 5.535600957510588671 ),
 .UNSPECIFIED. ) 
 CURVE ( )  GEOMETRIC_REPRESENTATION_ITEM ( )  RATIONAL_B_SPLINE_CURVE ( ( 1.000000000000000000, 0.9984283264015851866, 0.9984283264015851866, 1.000000000000000000 ) ) 
 REPRESENTATION_ITEM ( '' )  );
#1477 = CARTESIAN_POINT ( 'NONE',  ( 29.86999999999999389, 12.09205754721679860, -3.851763809020494200 ) ) ;
#1478 = ORIENTED_EDGE ( 'NONE', *, *, #8822, .F. ) ;
#1479 = CARTESIAN_POINT ( 'NONE',  ( 30.30600310657639795, 8.489055053478896440, -0.4999999999999917843 ) ) ;
#1480 = CARTESIAN_POINT ( 'NONE',  ( 30.46999999999999886, -0.6118426718401985820, 1.089999999999650360 ) ) ;
#1481 = ADVANCED_FACE ( 'NONE', ( #6064 ), #7226, .T. ) ;
#1482 = DIRECTION ( 'NONE',  ( 1.224646799147350249E-16, 1.410381911693479320E-49, -1.000000000000000000 ) ) ;
#1483 = EDGE_CURVE ( 'NONE', #2370, #7874, #1553, .T. ) ;
#1484 = EDGE_CURVE ( 'NONE', #4662, #4792, #865, .T. ) ;
#1485 = CARTESIAN_POINT ( 'NONE',  ( 30.00000000000000000, 8.049116928532395765E-16, -2.899999999999989253 ) ) ;
#1486 = ORIENTED_EDGE ( 'NONE', *, *, #8068, .T. ) ;
#1487 = ORIENTED_EDGE ( 'NONE', *, *, #3746, .F. ) ;
#1488 = EDGE_CURVE ( 'NONE', #6994, #7990, #6203, .T. ) ;
#1489 = PRESENTATION_STYLE_ASSIGNMENT (( #7794 ) ) ;
#1490 = LINE ( 'NONE', #7155, #5664 ) ;
#1491 = ORIENTED_EDGE ( 'NONE', *, *, #7700, .F. ) ;
#1492 = CARTESIAN_POINT ( 'NONE',  ( -27.79568012206261329, 7.492889638489399928, -1.007110361510137997 ) ) ;
#1493 = ORIENTED_EDGE ( 'NONE', *, *, #7174, .F. ) ;
#1494 = LINE ( 'NONE', #7165, #6476 ) ;
#1495 = EDGE_LOOP ( 'NONE', ( #6713, #7341, #7989, #1934 ) ) ;
#1496 = DIRECTION ( 'NONE',  ( 2.449293598294709866E-16, 8.957850525376296048E-49, -1.000000000000000000 ) ) ;
#1497 = CARTESIAN_POINT ( 'NONE',  ( 27.74858099162150182, 9.055845581400097544, 0.01755675158052714957 ) ) ;
#1498 = CARTESIAN_POINT ( 'NONE',  ( -26.99680853818448867, 10.60749758526393904, 1.827414554324802376 ) ) ;
#1499 = CARTESIAN_POINT ( 'NONE',  ( -28.41255115739539505, 12.20340878868290346, -3.982491668075200497 ) ) ;
#1500 = DIRECTION ( 'NONE',  ( 2.465190328815661345E-32, -6.137086701989279675E-49, -1.000000000000000000 ) ) ;
#1501 = ORIENTED_EDGE ( 'NONE', *, *, #2829, .F. ) ;
#1502 = LINE ( 'NONE', #5616, #3829 ) ;
#1503 = CARTESIAN_POINT ( 'NONE',  ( -29.25000000000001066, 5.168169145387501828, -5.999999999999999112 ) ) ;
#1504 = CARTESIAN_POINT ( 'NONE',  ( -30.75000000000000000, 2.223807899774399299, -4.511880547680099163 ) ) ;
#1505 = ORIENTED_EDGE ( 'NONE', *, *, #30, .F. ) ;
#1506 = DIRECTION ( 'NONE',  ( -0.1294283079955639848, -0.9831056027603600755, -0.1294283079955638183 ) ) ;
#1507 = CARTESIAN_POINT ( 'NONE',  ( -28.55000000000000426, 7.246469138743599103, -0.3861661007111879540 ) ) ;
#1508 = ORIENTED_EDGE ( 'NONE', *, *, #5439, .T. ) ;
#1509 = CARTESIAN_POINT ( 'NONE',  ( 29.67999999999999972, 11.99780271866330139, -3.499999999999992895 ) ) ;
#1510 = FACE_OUTER_BOUND ( 'NONE', #7475, .T. ) ;
#1511 = CARTESIAN_POINT ( 'NONE',  ( -28.65541998903470144, 7.903781086372598352, -0.5962189136269283596 ) ) ;
#1512 = CARTESIAN_POINT ( 'NONE',  ( -26.64999999999999147, 10.44041172565139952, -1.299999999999997380 ) ) ;
#1513 = ORIENTED_EDGE ( 'NONE', *, *, #6927, .T. ) ;
#1514 = DIRECTION ( 'NONE',  ( -6.162975822039150624E-33, -1.000000000000000000, 2.220446049250313574E-16 ) ) ;
#1515 = CARTESIAN_POINT ( 'NONE',  ( 26.59796237330840185, 12.31885796925670107, -3.997268448603593427 ) ) ;
#1516 = LINE ( 'NONE', #6549, #4576 ) ;
#1517 = PLANE ( 'NONE',  #6252 ) ;
#1518 = EDGE_LOOP ( 'NONE', ( #1830, #9063, #3830, #1187 ) ) ;
#1519 = SURFACE_SIDE_STYLE ('',( #2272 ) ) ;
#1520 = AXIS2_PLACEMENT_3D ( 'NONE', #6184, #8102, #6740 ) ;
#1521 = FACE_OUTER_BOUND ( 'NONE', #7452, .T. ) ;
#1522 = EDGE_CURVE ( 'NONE', #8022, #3307, #7648, .T. ) ;
#1523 = DIRECTION ( 'NONE',  ( -6.162975822039150624E-33, 1.000000000000000000, -2.220446049250313574E-16 ) ) ;
#1524 = VECTOR ( 'NONE', #1352, 1000.000000000000000 ) ;
#1525 = CYLINDRICAL_SURFACE ( 'NONE', #1906, 0.5000000000000000000 ) ;
#1526 = DIRECTION ( 'NONE',  ( 1.000000000000000000, -6.162975822039154730E-33, -2.465190328815661892E-32 ) ) ;
#1527 = VERTEX_POINT ( 'NONE', #6842 ) ;
#1528 = EDGE_CURVE ( 'NONE', #4942, #8062, #8963, .T. ) ;
#1529 = CARTESIAN_POINT ( 'NONE',  ( 28.70241988367999753, 9.234412138042099372, 0.2378231711097789636 ) ) ;
#1530 = ORIENTED_EDGE ( 'NONE', *, *, #5992, .T. ) ;
#1531 = CARTESIAN_POINT ( 'NONE',  ( -28.70999999999997243, 13.10000000000000142, -1.507106781186546840 ) ) ;
#1532 = EDGE_CURVE ( 'NONE', #7876, #5945, #4166, .T. ) ;
#1533 = CARTESIAN_POINT ( 'NONE',  ( 26.99999999999999645, 6.148333950160602690, -2.351666049838894157 ) ) ;
#1534 = ADVANCED_FACE ( 'NONE', ( #625 ), #4825, .T. ) ;
#1535 = VECTOR ( 'NONE', #1451, 1000.000000000000000 ) ;
#1536 = CARTESIAN_POINT ( 'NONE',  ( 26.05000000000000426, 6.619174842030999706, 1.060820357969170402 ) ) ;
#1537 = UNCERTAINTY_MEASURE_WITH_UNIT (LENGTH_MEASURE( 1.000000000000000082E-05 ), #2709, 'distance_accuracy_value', 'NONE');
#1538 = EDGE_CURVE ( 'NONE', #7654, #7876, #6922, .T. ) ;
#1539 = ORIENTED_EDGE ( 'NONE', *, *, #5454, .F. ) ;
#1540 = DIRECTION ( 'NONE',  ( 0.000000000000000000, 0.000000000000000000, 1.000000000000000000 ) ) ;
#1541 = VERTEX_POINT ( 'NONE', #2660 ) ;
#1542 = LINE ( 'NONE', #1740, #6907 ) ;
#1543 = DIRECTION ( 'NONE',  ( -2.465190328815661345E-32, 6.137086701989279675E-49, 1.000000000000000000 ) ) ;
#1544 = DIRECTION ( 'NONE',  ( 1.000000000000000000, -6.162975822039154730E-33, -1.224646799147350249E-16 ) ) ;
#1545 = EDGE_CURVE ( 'NONE', #3144, #3158, #5477, .T. ) ;
#1546 = DIRECTION ( 'NONE',  ( -0.3373301319857319736, -0.6656607176537041592, -0.6656607176537040482 ) ) ;
#1547 =( REPRESENTATION_RELATIONSHIP ('NONE','NONE', #4795, #74 ) REPRESENTATION_RELATIONSHIP_WITH_TRANSFORMATION ( #4966 )SHAPE_REPRESENTATION_RELATIONSHIP( ) );
#1548 = VERTEX_POINT ( 'NONE', #4124 ) ;
#1549 = FACE_OUTER_BOUND ( 'NONE', #2684, .T. ) ;
#1550 = DIRECTION ( 'NONE',  ( -1.479114197289397135E-31, 0.3420201433256648826, -0.9396926207859097602 ) ) ;
#1551 = LINE ( 'NONE', #815, #8090 ) ;
#1552 = ORIENTED_EDGE ( 'NONE', *, *, #2337, .F. ) ;
#1553 = LINE ( 'NONE', #4370, #1982 ) ;
#1554 = EDGE_LOOP ( 'NONE', ( #8365, #1060, #780, #4785 ) ) ;
#1555 =( NAMED_UNIT ( * ) SI_UNIT ( $, .STERADIAN. ) SOLID_ANGLE_UNIT ( ) );
#1556 = LINE ( 'NONE', #3603, #2674 ) ;
#1557 = CARTESIAN_POINT ( 'NONE',  ( 23.85103797640959655, 17.06074899999999772, -4.099999999999992539 ) ) ;
#1558 = EDGE_LOOP ( 'NONE', ( #3285, #1279, #1638, #517 ) ) ;
#1559 = DIRECTION ( 'NONE',  ( -0.9413864148448759517, 0.2385284238256639988, 0.2385284238256637768 ) ) ;
#1560 = COLOUR_RGB ( '',0.9490196078431372140, 0.9490196078431372140, 1.000000000000000000 ) ;
#1561 = CARTESIAN_POINT ( 'NONE',  ( 30.45000000000000284, 8.699502414410101636, -0.1421431015282015875 ) ) ;
#1562 = VECTOR ( 'NONE', #842, 1000.000000000000000 ) ;
#1563 = DIRECTION ( 'NONE',  ( -1.000000000000000000, -6.162975822039154730E-33, -2.465190328815661892E-32 ) ) ;
#1564 = ORIENTED_EDGE ( 'NONE', *, *, #5090, .T. ) ;
#1565 = CARTESIAN_POINT ( 'NONE',  ( 26.99999999999999645, 7.400624110387701293, 2.321944453947189846 ) ) ;
#1566 = CARTESIAN_POINT ( 'NONE',  ( -30.64999999999999503, 1.812905561071200822, -3.855766422117396619 ) ) ;
#1567 = DIRECTION ( 'NONE',  ( 2.465190328815661892E-32, -6.137086701989279675E-49, -1.000000000000000000 ) ) ;
#1568 = AXIS2_PLACEMENT_3D ( 'NONE', #8000, #4476, #7273 ) ;
#1569 = CARTESIAN_POINT ( 'NONE',  ( -27.22908197242739092, 9.104771610286096717, 0.08503146780984398301 ) ) ;
#1570 = PLANE ( 'NONE',  #6161 ) ;
#1571 = DIRECTION ( 'NONE',  ( -3.610187651973074301E-33, -0.7071067811865470176, -0.7071067811865479058 ) ) ;
#1572 = ORIENTED_EDGE ( 'NONE', *, *, #7174, .T. ) ;
#1573 = VECTOR ( 'NONE', #10, 1000.000000000000000 ) ;
#1574 = CARTESIAN_POINT ( 'NONE',  ( 28.91508738057660466, 8.907495253651500633, -0.2459554713667034265 ) ) ;
#1575 = VERTEX_POINT ( 'NONE', #8249 ) ;
#1576 = VECTOR ( 'NONE', #5342, 1000.000000000000000 ) ;
#1577 = DIRECTION ( 'NONE',  ( 2.826209094012968775E-32, 0.7071067811865481278, 0.7071067811865470176 ) ) ;
#1578 = CARTESIAN_POINT ( 'NONE',  ( 30.00000000000000000, 11.50000000000000000, -5.999999999999993783 ) ) ;
#1579 = EDGE_CURVE ( 'NONE', #2033, #4612, #6775, .T. ) ;
#1580 = CARTESIAN_POINT ( 'NONE',  ( -27.81999999999999673, 6.890273209732502124, 0.4172889630133704841 ) ) ;
#1581 = EDGE_CURVE ( 'NONE', #1418, #1259, #790, .T. ) ;
#1582 = VERTEX_POINT ( 'NONE', #2378 ) ;
#1583 = CARTESIAN_POINT ( 'NONE',  ( 26.59909240742079461, 12.26252473043799895, -3.998786659332092874 ) ) ;
#1584 = CYLINDRICAL_SURFACE ( 'NONE', #6607, 0.2000000000000000944 ) ;
#1585 = ORIENTED_EDGE ( 'NONE', *, *, #1724, .T. ) ;
#1586 = VECTOR ( 'NONE', #6691, 1000.000000000000114 ) ;
#1587 = AXIS2_PLACEMENT_3D ( 'NONE', #7558, #1264, #3404 ) ;
#1588 = LINE ( 'NONE', #6578, #7210 ) ;
#1589 = DIRECTION ( 'NONE',  ( 1.479114197289397135E-31, 0.3420201433256648826, -0.9396926207859097602 ) ) ;
#1590 = CYLINDRICAL_SURFACE ( 'NONE', #531, 0.1580968594334401511 ) ;
#1591 = ADVANCED_FACE ( 'NONE', ( #7250 ), #393, .T. ) ;
#1592 = ADVANCED_FACE ( 'NONE', ( #1123 ), #5284, .F. ) ;
#1593 = CARTESIAN_POINT ( 'NONE',  ( -26.64999999999999147, 8.719111102545099357, -3.499999999999997780 ) ) ;
#1594 = EDGE_CURVE ( 'NONE', #1798, #8890, #5550, .T. ) ;
#1595 = VECTOR ( 'NONE', #6732, 1000.000000000000000 ) ;
#1596 =( BOUNDED_CURVE ( )  B_SPLINE_CURVE ( 3, ( #3683, #8565, #1077, #3038 ),
 .UNSPECIFIED., .F., .T. ) 
 B_SPLINE_CURVE_WITH_KNOTS ( ( 4, 4 ),
 ( 3.141592653589793116, 4.712388980384689674 ),
 .UNSPECIFIED. ) 
 CURVE ( )  GEOMETRIC_REPRESENTATION_ITEM ( )  RATIONAL_B_SPLINE_CURVE ( ( 1.000000000000000000, 0.8047378541243649375, 0.8047378541243649375, 1.000000000000000000 ) ) 
 REPRESENTATION_ITEM ( '' )  );
#1597 = AXIS2_PLACEMENT_3D ( 'NONE', #6503, #6597, #8719 ) ;
#1598 = ORIENTED_EDGE ( 'NONE', *, *, #7409, .F. ) ;
#1599 = EDGE_CURVE ( 'NONE', #4073, #6260, #1776, .T. ) ;
#1600 = AXIS2_PLACEMENT_3D ( 'NONE', #8769, #2646, #7509 ) ;
#1601 = ORIENTED_EDGE ( 'NONE', *, *, #4542, .F. ) ;
#1602 = DIRECTION ( 'NONE',  ( 6.162975822039150624E-33, -1.000000000000000000, 2.220446049250313574E-16 ) ) ;
#1603 = CARTESIAN_POINT ( 'NONE',  ( -28.04330544477870291, 8.821609066223302875, -0.4988270391345656640 ) ) ;
#1604 = DIRECTION ( 'NONE',  ( -3.610187651973074301E-33, -0.7071067811865470176, -0.7071067811865479058 ) ) ;
#1605 = EDGE_CURVE ( 'NONE', #8903, #5945, #3900, .T. ) ;
#1606 = LINE ( 'NONE', #8133, #2499 ) ;
#1607 = ORIENTED_EDGE ( 'NONE', *, *, #5585, .T. ) ;
#1608 = CARTESIAN_POINT ( 'NONE',  ( -27.81999999999999673, 12.59999999999999964, -3.768085424949201734 ) ) ;
#1609 =( LENGTH_UNIT ( ) NAMED_UNIT ( * ) SI_UNIT ( .MILLI., .METRE. ) );
#1610 = CARTESIAN_POINT ( 'NONE',  ( 26.28999999999999559, 13.10000000000000142, -1.799999999999992495 ) ) ;
#1611 = DIRECTION ( 'NONE',  ( 1.000000000000000000, 6.162975822039154730E-33, 2.465190328815661892E-32 ) ) ;
#1612 = VECTOR ( 'NONE', #2757, 1000.000000000000114 ) ;
#1613 = DIRECTION ( 'NONE',  ( 1.307364598815785821E-32, 0.7071067811865480168, -0.7071067811865471286 ) ) ;
#1614 = DIRECTION ( 'NONE',  ( -6.162975822039150624E-33, 1.000000000000000000, -2.220446049250313574E-16 ) ) ;
#1615 = ORIENTED_EDGE ( 'NONE', *, *, #6382, .T. ) ;
#1616 = DIRECTION ( 'NONE',  ( -2.178940998026185355E-32, 0.7071067811866160735, 0.7071067811864790720 ) ) ;
#1617 = VECTOR ( 'NONE', #7582, 1000.000000000000114 ) ;
#1618 = CARTESIAN_POINT ( 'NONE',  ( 30.52499999999999858, 9.757417244889499131, 2.759740042635490553 ) ) ;
#1619 = CARTESIAN_POINT ( 'NONE',  ( 25.99680853818447801, 10.60749758526394615, 1.827414554324803930 ) ) ;
#1620 = STYLED_ITEM ( 'NONE', ( #3176 ), #169 ) ;
#1621 = CARTESIAN_POINT ( 'NONE',  ( 30.26433081391899904, 9.087896905887998145, 0.06258671926748053671 ) ) ;
#1622 = VERTEX_POINT ( 'NONE', #8819 ) ;
#1623 = CARTESIAN_POINT ( 'NONE',  ( 26.80043951455370177, 8.827712827613797941, -0.4748437240681500082 ) ) ;
#1624 = CARTESIAN_POINT ( 'NONE',  ( -29.25000000000001066, 12.59999999999999964, -1.799999999999999600 ) ) ;
#1625 = LINE ( 'NONE', #4444, #4103 ) ;
#1626 = VERTEX_POINT ( 'NONE', #5134 ) ;
#1627 = CARTESIAN_POINT ( 'NONE',  ( -27.21356970271690656, 9.158030092237201103, 0.1516280025332921721 ) ) ;
#1628 = DIRECTION ( 'NONE',  ( 0.000000000000000000, 0.000000000000000000, 1.000000000000000000 ) ) ;
#1629 = DIRECTION ( 'NONE',  ( -1.000000000000000000, -6.162975822039154730E-33, -2.465190328815661892E-32 ) ) ;
#1630 = DIRECTION ( 'NONE',  ( -1.000000000000000000, -6.162975822039154730E-33, -2.465190328815661892E-32 ) ) ;
#1631 = PRESENTATION_LAYER_ASSIGNMENT (  '', '', ( #612 ) ) ;
#1632 = ORIENTED_EDGE ( 'NONE', *, *, #4491, .F. ) ;
#1633 = CARTESIAN_POINT ( 'NONE',  ( -27.62499999999999645, 8.049116928532395765E-16, 1.089999999999650804 ) ) ;
#1634 = ORIENTED_EDGE ( 'NONE', *, *, #2570, .F. ) ;
#1635 = DIRECTION ( 'NONE',  ( 1.307364598815785821E-32, 0.7071067811865480168, -0.7071067811865471286 ) ) ;
#1636 = FACE_OUTER_BOUND ( 'NONE', #3491, .T. ) ;
#1637 = DIRECTION ( 'NONE',  ( 1.224646799147350249E-16, 1.410381911693479320E-49, -1.000000000000000000 ) ) ;
#1638 = ORIENTED_EDGE ( 'NONE', *, *, #5487, .T. ) ;
#1639 = DIRECTION ( 'NONE',  ( 2.465190328815661892E-32, -6.137086701989279675E-49, -1.000000000000000000 ) ) ;
#1640 = DIRECTION ( 'NONE',  ( -0.9363291775690447682, -0.2482817665807340590, -0.2482817665806859586 ) ) ;
#1641 = VERTEX_POINT ( 'NONE', #4549 ) ;
#1642 = CARTESIAN_POINT ( 'NONE',  ( -28.00000000000001066, 9.717157287525500564, 2.517157287525053189 ) ) ;
#1643 = EDGE_CURVE ( 'NONE', #8277, #2007, #7343, .T. ) ;
#1644 = DIRECTION ( 'NONE',  ( 0.9961946980917455452, -0.08715574274765815199, -1.479114197289397135E-31 ) ) ;
#1645 = CARTESIAN_POINT ( 'NONE',  ( -28.37499999999999645, 8.049116928532395765E-16, 0.5799083837662315499 ) ) ;
#1646 = B_SPLINE_CURVE_WITH_KNOTS ( 'NONE', 3,
 ( #6080, #4144, #8179, #6813, #6033, #3328, #8224, #4665, #1942, #4752, #5061, #135, #7074, #7849, #2107, #6937, #1460, #7026, #722, #8391, #2852, #43, #6440, #7663, #1499, #8348, #4273, #4314, #6257, #1365, #7122, #636, #3498, #2207, #6306, #764, #2893 ),
 .UNSPECIFIED., .F., .F.,
 ( 4, 3, 3, 3, 3, 3, 3, 3, 3, 3, 3, 3, 4 ),
 ( 0.000000000000000000, 0.01711168294148380023, 0.03424506083140199664, 0.05144923776152109801, 0.06867805834562869249, 0.1029961684339380096, 0.1372984743995279977, 0.1716089881446269949, 0.1886986446325109867, 0.2058223087029760201, 0.2400180158523030072, 0.2571168774770110077, 0.2742096523501720284 ),
 .UNSPECIFIED. ) ;
#1647 = DIRECTION ( 'NONE',  ( -0.000000000000000000, 1.000000000000000000, -0.000000000000000000 ) ) ;
#1648 = EDGE_CURVE ( 'NONE', #999, #522, #1036, .T. ) ;
#1649 = UNCERTAINTY_MEASURE_WITH_UNIT (LENGTH_MEASURE( 1.000000000000000082E-05 ), #3562, 'distance_accuracy_value', 'NONE');
#1650 = VERTEX_POINT ( 'NONE', #4452 ) ;
#1651 = ORIENTED_EDGE ( 'NONE', *, *, #3619, .F. ) ;
#1652 = CARTESIAN_POINT ( 'NONE',  ( -27.62499999999999645, 2.299999999998401545, -0.9999999999998616662 ) ) ;
#1653 = CARTESIAN_POINT ( 'NONE',  ( 30.46999999999999886, -1.282735425143100461, 0.9035750026408426727 ) ) ;
#1654 =( NAMED_UNIT ( * ) PLANE_ANGLE_UNIT ( ) SI_UNIT ( $, .RADIAN. ) );
#1655 = VERTEX_POINT ( 'NONE', #337 ) ;
#1656 = VERTEX_POINT ( 'NONE', #939 ) ;
#1657 = EDGE_CURVE ( 'NONE', #5778, #7573, #3762, .T. ) ;
#1658 = DIRECTION ( 'NONE',  ( -3.335559729097691015E-32, 1.000000000000000000, -3.943844354434941479E-48 ) ) ;
#1659 = SURFACE_STYLE_FILL_AREA ( #8534 ) ;
#1660 = ADVANCED_FACE ( 'NONE', ( #5184 ), #3398, .T. ) ;
#1661 = EDGE_CURVE ( 'NONE', #5483, #1101, #6231, .T. ) ;
#1662 =( BOUNDED_CURVE ( )  B_SPLINE_CURVE ( 3, ( #7007, #622, #6238, #9005 ),
 .UNSPECIFIED., .F., .T. ) 
 B_SPLINE_CURVE_WITH_KNOTS ( ( 4, 4 ),
 ( 3.141592653589793116, 4.712388980384689674 ),
 .UNSPECIFIED. ) 
 CURVE ( )  GEOMETRIC_REPRESENTATION_ITEM ( )  RATIONAL_B_SPLINE_CURVE ( ( 1.000000000000000000, 0.8047378541243649375, 0.8047378541243649375, 1.000000000000000000 ) ) 
 REPRESENTATION_ITEM ( '' )  );
#1663 = CARTESIAN_POINT ( 'NONE',  ( -28.15374433176300073, 12.59999999999999964, -3.224224127923200900 ) ) ;
#1664 = EDGE_CURVE ( 'NONE', #7980, #5467, #4857, .T. ) ;
#1665 = ORIENTED_EDGE ( 'NONE', *, *, #8160, .T. ) ;
#1666 = DIRECTION ( 'NONE',  ( 2.465190328815661345E-32, -6.137086701989279675E-49, -1.000000000000000000 ) ) ;
#1667 = DIRECTION ( 'NONE',  ( -1.000000000000000000, -6.162975822039154730E-33, -2.465190328815661892E-32 ) ) ;
#1668 = CARTESIAN_POINT ( 'NONE',  ( 30.23965622573350487, 9.040448556987598749, -0.005051419538762078054 ) ) ;
#1669 = ORIENTED_EDGE ( 'NONE', *, *, #8601, .T. ) ;
#1670 = CARTESIAN_POINT ( 'NONE',  ( 26.85644247607049806, 8.824422934783498818, -0.4875364722500118986 ) ) ;
#1671 = CARTESIAN_POINT ( 'NONE',  ( 29.50000000000000000, 7.260769515458562751, 1.799999999999649436 ) ) ;
#1672 = DIRECTION ( 'NONE',  ( -1.000000000000000000, -6.162975822039154730E-33, -2.465190328815661892E-32 ) ) ;
#1673 = ORIENTED_EDGE ( 'NONE', *, *, #7289, .F. ) ;
#1674 = CARTESIAN_POINT ( 'NONE',  ( -27.29224002741090160, 8.997212129572398354, -0.07314534866620890641 ) ) ;
#1675 = LINE ( 'NONE', #7871, #1450 ) ;
#1676 = DIRECTION ( 'NONE',  ( 0.9914448613738103822, 0.1305261922200520452, 5.621430652769214101E-31 ) ) ;
#1677 = ORIENTED_EDGE ( 'NONE', *, *, #5887, .T. ) ;
#1678 = PLANE ( 'NONE',  #5861 ) ;
#1679 = AXIS2_PLACEMENT_3D ( 'NONE', #3439, #1391, #8368 ) ;
#1680 = DIRECTION ( 'NONE',  ( -2.465190328815661892E-31, -0.3420201433256708778, -0.9396926207859076507 ) ) ;
#1681 = VECTOR ( 'NONE', #4710, 1000.000000000000000 ) ;
#1682 = ORIENTED_EDGE ( 'NONE', *, *, #3870, .F. ) ;
#1683 = CARTESIAN_POINT ( 'NONE',  ( 26.49268207687354248, 12.02792326038781567, -3.612411392067505833 ) ) ;
#1684 = CARTESIAN_POINT ( 'NONE',  ( 27.78992166274689524, 9.176758414153697530, 0.1734149822335984692 ) ) ;
#1685 = VECTOR ( 'NONE', #7395, 1000.000000000000000 ) ;
#1686 = VERTEX_POINT ( 'NONE', #4682 ) ;
#1687 = CARTESIAN_POINT ( 'NONE',  ( 26.99999999999999645, 0.3000000000000024869, -4.200000000000390976 ) ) ;
#1688 = ORIENTED_EDGE ( 'NONE', *, *, #3126, .F. ) ;
#1689 = CIRCLE ( 'NONE', #1106, 0.2283621302927940910 ) ;
#1690 = VERTEX_POINT ( 'NONE', #6279 ) ;
#1691 = CARTESIAN_POINT ( 'NONE',  ( -28.80000000000000782, 11.09999999999999787, 0.3000000000000033751 ) ) ;
#1692 = DIRECTION ( 'NONE',  ( -1.000000000000000000, -6.162975822039154730E-33, -2.465190328815661345E-32 ) ) ;
#1693 =( LENGTH_UNIT ( ) NAMED_UNIT ( * ) SI_UNIT ( .MILLI., .METRE. ) );
#1694 = AXIS2_PLACEMENT_3D ( 'NONE', #7400, #2484, #2391 ) ;
#1695 = VERTEX_POINT ( 'NONE', #4811 ) ;
#1696 = EDGE_LOOP ( 'NONE', ( #188, #4768, #569, #4803, #5163, #7204, #3573, #404, #492, #279, #3930, #3318, #7715, #2640 ) ) ;
#1697 = DIRECTION ( 'NONE',  ( 0.000000000000000000, -2.220446049250313574E-16, -1.000000000000000000 ) ) ;
#1698 =( NAMED_UNIT ( * ) SI_UNIT ( $, .STERADIAN. ) SOLID_ANGLE_UNIT ( ) );
#1699 = LINE ( 'NONE', #3141, #3349 ) ;
#1700 = EDGE_LOOP ( 'NONE', ( #8961, #1720, #7192, #430, #5054, #2015, #1965 ) ) ;
#1701 = EDGE_CURVE ( 'NONE', #4942, #8489, #6097, .T. ) ;
#1702 = ORIENTED_EDGE ( 'NONE', *, *, #7545, .F. ) ;
#1703 = PRESENTATION_STYLE_ASSIGNMENT (( #6683 ) ) ;
#1704 = AXIS2_PLACEMENT_3D ( 'NONE', #6276, #15, #3474 ) ;
#1705 = LINE ( 'NONE', #2311, #2763 ) ;
#1706 = CARTESIAN_POINT ( 'NONE',  ( 27.95000000000000284, 6.619174842030999706, 1.060820357969170402 ) ) ;
#1707 = EDGE_CURVE ( 'NONE', #1977, #6412, #5379, .T. ) ;
#1708 = EDGE_LOOP ( 'NONE', ( #7381, #4405, #546, #7852, #7433 ) ) ;
#1709 = PLANE ( 'NONE',  #2500 ) ;
#1710 = CARTESIAN_POINT ( 'NONE',  ( 26.58287271867590462, 12.38081005133379797, -3.975689737160094328 ) ) ;
#1711 = CARTESIAN_POINT ( 'NONE',  ( -28.40522286141479569, 12.33841225875979752, -3.992916900840300709 ) ) ;
#1712 = EDGE_CURVE ( 'NONE', #7876, #1927, #616, .T. ) ;
#1713 = CARTESIAN_POINT ( 'NONE',  ( 30.21925944787029295, 9.011095579585699511, -0.05046751304345169220 ) ) ;
#1714 = ORIENTED_EDGE ( 'NONE', *, *, #2837, .T. ) ;
#1715 = CARTESIAN_POINT ( 'NONE',  ( -27.70399149855239074, -3.500000000000399680, 1.168991498552090169 ) ) ;
#1716 = CARTESIAN_POINT ( 'NONE',  ( -27.50000000000001066, 9.689337846835098134, -2.899999999999998135 ) ) ;
#1717 = ADVANCED_FACE ( 'NONE', ( #3476 ), #4116, .T. ) ;
#1718 = EDGE_CURVE ( 'NONE', #1853, #2370, #8563, .T. ) ;
#1719 = VECTOR ( 'NONE', #9045, 1000.000000000000000 ) ;
#1720 = ORIENTED_EDGE ( 'NONE', *, *, #2402, .T. ) ;
#1721 = CARTESIAN_POINT ( 'NONE',  ( -28.37499999999999645, -2.900000000000299227, -0.9999999999999900080 ) ) ;
#1722 = LINE ( 'NONE', #8065, #4407 ) ;
#1723 = AXIS2_PLACEMENT_3D ( 'NONE', #379, #3197, #5989 ) ;
#1724 = EDGE_CURVE ( 'NONE', #5271, #7292, #5507, .T. ) ;
#1725 = EDGE_LOOP ( 'NONE', ( #8942, #7539, #39, #6756, #3754 ) ) ;
#1726 = CARTESIAN_POINT ( 'NONE',  ( -28.37499999999999645, 8.049116928532395765E-16, 0.1329537193263609640 ) ) ;
#1727 = CARTESIAN_POINT ( 'NONE',  ( 28.68572095441619751, 8.481544069577299894, -0.4999999999999917843 ) ) ;
#1728 = CARTESIAN_POINT ( 'NONE',  ( 27.22730479277479887, 8.829752859918102104, -0.4671634206134689937 ) ) ;
#1729 = ORIENTED_EDGE ( 'NONE', *, *, #7608, .T. ) ;
#1730 = AXIS2_PLACEMENT_3D ( 'NONE', #4492, #977, #5911 ) ;
#1731 = CARTESIAN_POINT ( 'NONE',  ( 26.54174243050459836, 13.59999999999999787, -3.499999999999992895 ) ) ;
#1732 = CARTESIAN_POINT ( 'NONE',  ( 27.75659650966790082, 9.071773227855100430, 0.04007362281140645910 ) ) ;
#1733 = AXIS2_PLACEMENT_3D ( 'NONE', #302, #3719, #3813 ) ;
#1734 = VECTOR ( 'NONE', #4958, 1000.000000000000114 ) ;
#1735 = VECTOR ( 'NONE', #326, 999.9999999999998863 ) ;
#1736 =( LENGTH_UNIT ( ) NAMED_UNIT ( * ) SI_UNIT ( .MILLI., .METRE. ) );
#1737 = ORIENTED_EDGE ( 'NONE', *, *, #2002, .F. ) ;
#1738 = DIRECTION ( 'NONE',  ( -8.659560562354906974E-17, 0.7071067811865481278, 0.7071067811865469066 ) ) ;
#1739 = ORIENTED_EDGE ( 'NONE', *, *, #6456, .F. ) ;
#1740 = CARTESIAN_POINT ( 'NONE',  ( 29.67999999999999972, 11.50000000000000000, -4.099999999999992539 ) ) ;
#1741 = DIRECTION ( 'NONE',  ( -6.162975822039150624E-33, 1.000000000000000000, -2.220446049250313574E-16 ) ) ;
#1742 = COLOUR_RGB ( '',0.7921568627450980005, 0.8196078431372548767, 0.9333333333333333481 ) ;
#1743 =( NAMED_UNIT ( * ) SI_UNIT ( $, .STERADIAN. ) SOLID_ANGLE_UNIT ( ) );
#1744 = ORIENTED_EDGE ( 'NONE', *, *, #8715, .F. ) ;
#1745 = VERTEX_POINT ( 'NONE', #2602 ) ;
#1746 = LINE ( 'NONE', #1006, #124 ) ;
#1747 = CARTESIAN_POINT ( 'NONE',  ( -30.75000000000000000, 3.500000000000298872, -2.710795812577996511 ) ) ;
#1748 = DIRECTION ( 'NONE',  ( -1.000000000000000000, -6.162975822039154730E-33, -2.465190328815661892E-32 ) ) ;
#1749 = AXIS2_PLACEMENT_3D ( 'NONE', #8943, #4105, #3652 ) ;
#1750 = ORIENTED_EDGE ( 'NONE', *, *, #4489, .T. ) ;
#1751 = VECTOR ( 'NONE', #8726, 1000.000000000000000 ) ;
#1752 = ORIENTED_EDGE ( 'NONE', *, *, #5150, .T. ) ;
#1753 = CARTESIAN_POINT ( 'NONE',  ( 27.37000000000000455, -8.550409999999999400, 7.200002400000009573 ) ) ;
#1754 = VECTOR ( 'NONE', #1808, 1000.000000000000000 ) ;
#1755 = VECTOR ( 'NONE', #5316, 1000.000000000000114 ) ;
#1756 = EDGE_LOOP ( 'NONE', ( #7213, #1095, #8613, #6044 ) ) ;
#1757 = CARTESIAN_POINT ( 'NONE',  ( 27.45463231637890189, 9.461095686746654465, -3.456808778709937080 ) ) ;
#1758 = CARTESIAN_POINT ( 'NONE',  ( 27.96999999999999531, -2.788157328160499215, -3.910000000000392273 ) ) ;
#1759 = CARTESIAN_POINT ( 'NONE',  ( 26.57181892169330339, 12.40773136941109733, -3.958230659249093009 ) ) ;
#1760 = MECHANICAL_DESIGN_GEOMETRIC_PRESENTATION_REPRESENTATION (  '', ( #8923 ), #5580 ) ;
#1761 = AXIS2_PLACEMENT_3D ( 'NONE', #572, #2599, #8110 ) ;
#1762 = CARTESIAN_POINT ( 'NONE',  ( 29.94635046624319230, 8.861320472512399959, -0.3639060635994822435 ) ) ;
#1763 = VERTEX_POINT ( 'NONE', #7513 ) ;
#1764 = CARTESIAN_POINT ( 'NONE',  ( 26.91353604562819868, 8.822479418890399216, -0.4953137648716788299 ) ) ;
#1765 = DIRECTION ( 'NONE',  ( -1.000000000000000000, -6.162975822039154730E-33, -2.465190328815661892E-32 ) ) ;
#1766 = EDGE_CURVE ( 'NONE', #4961, #8417, #5543, .T. ) ;
#1767 = DIRECTION ( 'NONE',  ( -3.157997194805338088E-31, -0.3792829471100740424, -0.9252807390362650652 ) ) ;
#1768 =( BOUNDED_CURVE ( )  B_SPLINE_CURVE ( 3, ( #7140, #5763, #17, #877 ),
 .UNSPECIFIED., .F., .T. ) 
 B_SPLINE_CURVE_WITH_KNOTS ( ( 4, 4 ),
 ( 4.026536015765943333, 4.138558821578612879 ),
 .UNSPECIFIED. ) 
 CURVE ( )  GEOMETRIC_REPRESENTATION_ITEM ( )  RATIONAL_B_SPLINE_CURVE ( ( 1.000000000000000000, 0.9989545142892476415, 0.9989545142892476415, 1.000000000000000000 ) ) 
 REPRESENTATION_ITEM ( '' )  );
#1769 = EDGE_CURVE ( 'NONE', #6741, #565, #3996, .T. ) ;
#1770 = AXIS2_PLACEMENT_3D ( 'NONE', #5256, #370, #6810 ) ;
#1771 = CLOSED_SHELL ( 'NONE', ( #5141, #747, #3187, #2275, #3514, #5085, #4192, #1301, #8929, #4191, #8502, #8546, #3428, #2458, #3082, #2883, #8537, #3860, #3987 ) ) ;
#1772 = CYLINDRICAL_SURFACE ( 'NONE', #508, 0.2000000000000000944 ) ;
#1773 = CARTESIAN_POINT ( 'NONE',  ( 30.75000000000000000, 10.67656721185510094, -0.4916019335323377204 ) ) ;
#1774 = ORIENTED_EDGE ( 'NONE', *, *, #4586, .T. ) ;
#1775 = ADVANCED_FACE ( 'NONE', ( #6954 ), #1213, .T. ) ;
#1776 = LINE ( 'NONE', #7385, #5952 ) ;
#1777 = ORIENTED_EDGE ( 'NONE', *, *, #2062, .F. ) ;
#1778 = CARTESIAN_POINT ( 'NONE',  ( -30.64999999999999503, 2.634710238477601774, -4.254546152071798204 ) ) ;
#1779 = EDGE_CURVE ( 'NONE', #5330, #5177, #6914, .T. ) ;
#1780 = VECTOR ( 'NONE', #2247, 1000.000000000000000 ) ;
#1781 = DIRECTION ( 'NONE',  ( 6.162975822039150624E-33, -1.000000000000000000, 2.220446049250313574E-16 ) ) ;
#1782 = LINE ( 'NONE', #2606, #8411 ) ;
#1783 = EDGE_CURVE ( 'NONE', #4791, #8538, #1689, .T. ) ;
#1784 = EDGE_CURVE ( 'NONE', #5308, #8574, #8242, .T. ) ;
#1785 = PRESENTATION_STYLE_ASSIGNMENT (( #398 ) ) ;
#1786 = ORIENTED_EDGE ( 'NONE', *, *, #8676, .T. ) ;
#1787 = EDGE_CURVE ( 'NONE', #7149, #8182, #8912, .T. ) ;
#1788 = DIRECTION ( 'NONE',  ( 2.465190328815661345E-32, -6.137086701989279675E-49, -1.000000000000000000 ) ) ;
#1789 = DIRECTION ( 'NONE',  ( -1.000000000000000000, -6.162975822039154730E-33, -2.465190328815661892E-32 ) ) ;
#1790 = ORIENTED_EDGE ( 'NONE', *, *, #260, .T. ) ;
#1791 = PLANE ( 'NONE',  #6034 ) ;
#1792 = PLANE ( 'NONE',  #3257 ) ;
#1793 = LINE ( 'NONE', #3039, #7432 ) ;
#1794 = DIRECTION ( 'NONE',  ( 5.621012823832637317E-32, -0.9396926207859064295, 0.3420201433256739865 ) ) ;
#1795 = PLANE ( 'NONE',  #2913 ) ;
#1796 = CIRCLE ( 'NONE', #5603, 0.2107958125779209047 ) ;
#1797 = ORIENTED_EDGE ( 'NONE', *, *, #6338, .F. ) ;
#1798 = VERTEX_POINT ( 'NONE', #3298 ) ;
#1799 = DIRECTION ( 'NONE',  ( -6.162975822039150624E-33, 1.000000000000000000, -2.220446049250313574E-16 ) ) ;
#1800 = CARTESIAN_POINT ( 'NONE',  ( -28.53544111968420083, 8.887070465783796891, -0.2945565400523184607 ) ) ;
#1801 = ORIENTED_EDGE ( 'NONE', *, *, #2953, .F. ) ;
#1802 = VERTEX_POINT ( 'NONE', #4773 ) ;
#1803 = DIRECTION ( 'NONE',  ( 0.000000000000000000, -0.7071067811865470176, 0.7071067811865479058 ) ) ;
#1804 = DIRECTION ( 'NONE',  ( 6.162975822039150624E-33, 1.000000000000000000, -2.220446049250313574E-16 ) ) ;
#1805 = DIRECTION ( 'NONE',  ( 1.000000000000000000, 0.000000000000000000, 0.000000000000000000 ) ) ;
#1806 = ORIENTED_EDGE ( 'NONE', *, *, #8826, .F. ) ;
#1807 = CARTESIAN_POINT ( 'NONE',  ( -27.81999999999999673, 12.59999999999999964, -1.799999999999999600 ) ) ;
#1808 = DIRECTION ( 'NONE',  ( -1.000000000000000000, -6.162975822039154730E-33, -2.465190328815661892E-32 ) ) ;
#1809 = DIRECTION ( 'NONE',  ( 1.000000000000000000, 6.162975822039154730E-33, 2.465190328815661892E-32 ) ) ;
#1810 = DIRECTION ( 'NONE',  ( 0.1294283079955639848, -0.9831056027603600755, 0.1294283079955642901 ) ) ;
#1811 = DIRECTION ( 'NONE',  ( 1.000000000000000000, 6.162975822039154730E-33, 2.465190328815661892E-32 ) ) ;
#1812 = CARTESIAN_POINT ( 'NONE',  ( 30.18213985941239841, 8.971150376206701083, -0.1181604213243928753 ) ) ;
#1813 = ORIENTED_EDGE ( 'NONE', *, *, #1368, .F. ) ;
#1814 = CARTESIAN_POINT ( 'NONE',  ( 26.95669455522130420, 8.821609066223302875, -0.4988270391345726029 ) ) ;
#1815 = DIRECTION ( 'NONE',  ( 1.000000000000000000, 6.162975822039154730E-33, 2.465190328815661892E-32 ) ) ;
#1816 = LINE ( 'NONE', #7423, #4852 ) ;
#1817 = ORIENTED_EDGE ( 'NONE', *, *, #8160, .F. ) ;
#1818 = CARTESIAN_POINT ( 'NONE',  ( -27.33197212081470084, 8.959014901771897854, -0.1403540384552499076 ) ) ;
#1819 = CARTESIAN_POINT ( 'NONE',  ( -30.64999999999999503, 3.289204187422301029, -2.710795812577996511 ) ) ;
#1820 = ORIENTED_EDGE ( 'NONE', *, *, #6674, .T. ) ;
#1821 = CARTESIAN_POINT ( 'NONE',  ( -26.75000000000001066, 9.689337846835098134, -2.899999999999998135 ) ) ;
#1822 = VERTEX_POINT ( 'NONE', #7550 ) ;
#1823 = EDGE_CURVE ( 'NONE', #3299, #784, #6869, .T. ) ;
#1824 = CARTESIAN_POINT ( 'NONE',  ( -28.47641132046970114, 12.09205754721679860, -3.851763809020500862 ) ) ;
#1825 = FACE_OUTER_BOUND ( 'NONE', #313, .T. ) ;
#1826 = ORIENTED_EDGE ( 'NONE', *, *, #2519, .F. ) ;
#1827 =( NAMED_UNIT ( * ) SI_UNIT ( $, .STERADIAN. ) SOLID_ANGLE_UNIT ( ) );
#1828 = PLANE ( 'NONE',  #6317 ) ;
#1829 = CARTESIAN_POINT ( 'NONE',  ( -30.64999999999999503, 0.8250085261886024313, -5.000185169558794662 ) ) ;
#1830 = ORIENTED_EDGE ( 'NONE', *, *, #7441, .F. ) ;
#1831 = EDGE_CURVE ( 'NONE', #8913, #3261, #5668, .T. ) ;
#1832 = EDGE_CURVE ( 'NONE', #4797, #7928, #5804, .T. ) ;
#1833 = DIRECTION ( 'NONE',  ( 0.000000000000000000, 0.000000000000000000, 1.000000000000000000 ) ) ;
#1834 = LINE ( 'NONE', #3774, #4940 ) ;
#1835 = VECTOR ( 'NONE', #5548, 1000.000000000000114 ) ;
#1836 = EDGE_CURVE ( 'NONE', #7980, #4109, #1768, .T. ) ;
#1837 = ORIENTED_EDGE ( 'NONE', *, *, #1357, .F. ) ;
#1838 = ORIENTED_EDGE ( 'NONE', *, *, #2741, .F. ) ;
#1839 = LINE ( 'NONE', #4098, #4981 ) ;
#1840 = CARTESIAN_POINT ( 'NONE',  ( -28.73965622573400225, 9.040448556988399886, -0.005051419537585935537 ) ) ;
#1841 = AXIS2_PLACEMENT_3D ( 'NONE', #3616, #5042, #199 ) ;
#1842 = VECTOR ( 'NONE', #2079, 1000.000000000000000 ) ;
#1843 = VERTEX_POINT ( 'NONE', #5586 ) ;
#1844 = EDGE_CURVE ( 'NONE', #209, #350, #4244, .T. ) ;
#1845 = VERTEX_POINT ( 'NONE', #740 ) ;
#1846 = CARTESIAN_POINT ( 'NONE',  ( 0.000000000000000000, 0.000000000000000000, 0.000000000000000000 ) ) ;
#1847 = VECTOR ( 'NONE', #5561, 999.9999999999998863 ) ;
#1848 = EDGE_LOOP ( 'NONE', ( #6446, #2801, #6768, #3679, #8188, #2358, #178 ) ) ;
#1849 = CARTESIAN_POINT ( 'NONE',  ( 28.35000000000000142, 10.44041172565139952, -1.299999999999990496 ) ) ;
#1850 = PLANE ( 'NONE',  #4851 ) ;
#1851 = LINE ( 'NONE', #7460, #1866 ) ;
#1852 = AXIS2_PLACEMENT_3D ( 'NONE', #6439, #4414, #7894 ) ;
#1853 = VERTEX_POINT ( 'NONE', #6328 ) ;
#1854 = ORIENTED_EDGE ( 'NONE', *, *, #6627, .F. ) ;
#1855 = CARTESIAN_POINT ( 'NONE',  ( 27.17999999999999616, -1.700000000000401634, -3.151703117579691238 ) ) ;
#1856 = CARTESIAN_POINT ( 'NONE',  ( 26.37906996040149821, 8.926074539750798564, -0.2051556597973316354 ) ) ;
#1857 = LINE ( 'NONE', #4726, #7461 ) ;
#1858 = LINE ( 'NONE', #1415, #3238 ) ;
#1859 = CARTESIAN_POINT ( 'NONE',  ( -27.32491612262989733, 8.965082645930200655, -0.1292572171962391159 ) ) ;
#1860 = ORIENTED_EDGE ( 'NONE', *, *, #4871, .T. ) ;
#1861 = CARTESIAN_POINT ( 'NONE',  ( -30.64999999999999503, 2.223807899774399299, -4.055156287094595413 ) ) ;
#1862 = ORIENTED_EDGE ( 'NONE', *, *, #7351, .F. ) ;
#1863 = CARTESIAN_POINT ( 'NONE',  ( -28.45825756949539453, 11.99780271866330139, -3.499999999999999556 ) ) ;
#1864 = FACE_OUTER_BOUND ( 'NONE', #8028, .T. ) ;
#1865 = LINE ( 'NONE', #1921, #3451 ) ;
#1866 = VECTOR ( 'NONE', #8006, 1000.000000000000114 ) ;
#1867 = ORIENTED_EDGE ( 'NONE', *, *, #6051, .T. ) ;
#1868 = CARTESIAN_POINT ( 'NONE',  ( 27.49999999999999645, 11.50000000000000000, -2.899999999999992806 ) ) ;
#1869 = VECTOR ( 'NONE', #6678, 1000.000000000000114 ) ;
#1870 = LINE ( 'NONE', #7436, #6245 ) ;
#1871 = ORIENTED_EDGE ( 'NONE', *, *, #2967, .T. ) ;
#1872 = AXIS2_PLACEMENT_3D ( 'NONE', #5235, #5335, #8600 ) ;
#1873 = CARTESIAN_POINT ( 'NONE',  ( 27.37000000000000455, 12.59999999999999964, -1.799999999999992495 ) ) ;
#1874 = CARTESIAN_POINT ( 'NONE',  ( 27.30000000000050520, 13.59999999999999787, -4.099999999999992539 ) ) ;
#1875 = LINE ( 'NONE', #6634, #8614 ) ;
#1876 = ADVANCED_FACE ( 'NONE', ( #7091 ), #1437, .T. ) ;
#1877 =( GEOMETRIC_REPRESENTATION_CONTEXT ( 3 ) GLOBAL_UNCERTAINTY_ASSIGNED_CONTEXT ( ( #8606 ) ) GLOBAL_UNIT_ASSIGNED_CONTEXT ( ( #2129, #7786, #62 ) ) REPRESENTATION_CONTEXT ( 'NONE', 'WORKASPACE' ) );
#1878 = EDGE_CURVE ( 'NONE', #3278, #5322, #5080, .T. ) ;
#1879 = MECHANICAL_DESIGN_GEOMETRIC_PRESENTATION_REPRESENTATION (  '', ( #687 ), #2775 ) ;
#1880 = VERTEX_POINT ( 'NONE', #6464 ) ;
#1881 = VECTOR ( 'NONE', #535, 1000.000000000000000 ) ;
#1882 = ORIENTED_EDGE ( 'NONE', *, *, #7233, .T. ) ;
#1883 = CARTESIAN_POINT ( 'NONE',  ( 29.67999999999999972, -0.8445942863764986930, 1.509999999999660947 ) ) ;
#1884 = CARTESIAN_POINT ( 'NONE',  ( -28.25473326778900329, 8.832146868583398813, -0.4583607072373100388 ) ) ;
#1885 = FILL_AREA_STYLE_COLOUR ( '', #5414 ) ;
#1886 = ORIENTED_EDGE ( 'NONE', *, *, #6632, .F. ) ;
#1887 = ADVANCED_FACE ( 'NONE', ( #5033 ), #8408, .F. ) ;
#1888 = VECTOR ( 'NONE', #1543, 1000.000000000000000 ) ;
#1889 = EDGE_CURVE ( 'NONE', #4224, #6536, #6112, .T. ) ;
#1890 = ORIENTED_EDGE ( 'NONE', *, *, #6277, .F. ) ;
#1891 = CARTESIAN_POINT ( 'NONE',  ( 27.49999999999999645, 9.197444395117798877, -4.099999999999990763 ) ) ;
#1892 = LINE ( 'NONE', #3376, #3593 ) ;
#1893 = ADVANCED_BREP_SHAPE_REPRESENTATION ( '', ( #3234, #169, #285, #7772 ), #5452 ) ;
#1894 = EDGE_CURVE ( 'NONE', #3095, #1326, #9042, .T. ) ;
#1895 = VECTOR ( 'NONE', #5305, 1000.000000000000000 ) ;
#1896 = VECTOR ( 'NONE', #3156, 1000.000000000000000 ) ;
#1897 = EDGE_LOOP ( 'NONE', ( #8428, #5098 ) ) ;
#1898 = LINE ( 'NONE', #4716, #2344 ) ;
#1899 = CARTESIAN_POINT ( 'NONE',  ( -27.57171403472706928, 9.236883786533354623, -4.003785526045430920 ) ) ;
#1900 = FACE_OUTER_BOUND ( 'NONE', #1708, .T. ) ;
#1901 = ORIENTED_EDGE ( 'NONE', *, *, #6385, .T. ) ;
#1902 = EDGE_LOOP ( 'NONE', ( #1353, #3114, #860, #4453 ) ) ;
#1903 = CIRCLE ( 'NONE', #282, 0.5000000000000000000 ) ;
#1904 = CARTESIAN_POINT ( 'NONE',  ( 26.29831731211200463, 8.990477150926801997, -0.08445946488267082330 ) ) ;
#1905 = CARTESIAN_POINT ( 'NONE',  ( -28.95000000000000284, 10.53798004549439860, 1.696334529555773241 ) ) ;
#1906 = AXIS2_PLACEMENT_3D ( 'NONE', #4341, #7146, #6902 ) ;
#1907 = DIRECTION ( 'NONE',  ( 0.1294283079955640403, -0.9831056027603600755, 0.1294283079955642346 ) ) ;
#1908 = VECTOR ( 'NONE', #177, 1000.000000000000114 ) ;
#1909 = VECTOR ( 'NONE', #5665, 1000.000000000000114 ) ;
#1910 = EDGE_LOOP ( 'NONE', ( #6050, #7619, #4707, #4774, #3464 ) ) ;
#1911 =( BOUNDED_CURVE ( )  B_SPLINE_CURVE ( 3, ( #5933, #274, #6676, #8571 ),
 .UNSPECIFIED., .F., .T. ) 
 B_SPLINE_CURVE_WITH_KNOTS ( ( 4, 4 ),
 ( 4.712388980384691450, 6.138161162879831600 ),
 .UNSPECIFIED. ) 
 CURVE ( )  GEOMETRIC_REPRESENTATION_ITEM ( )  RATIONAL_B_SPLINE_CURVE ( ( 1.000000000000000000, 0.8376516456444745851, 0.8376516456444745851, 1.000000000000000000 ) ) 
 REPRESENTATION_ITEM ( '' )  );
#1912 = AXIS2_PLACEMENT_3D ( 'NONE', #3742, #6548, #8005 ) ;
#1913 = CARTESIAN_POINT ( 'NONE',  ( -27.41508738057710204, 8.907495253651299905, -0.2459554713672585380 ) ) ;
#1914 = CYLINDRICAL_SURFACE ( 'NONE', #7625, 0.2107958125779993974 ) ;
#1915 = ORIENTED_EDGE ( 'NONE', *, *, #2110, .T. ) ;
#1916 = CARTESIAN_POINT ( 'NONE',  ( -28.00000000000001066, 9.999999999999998224, 2.799999999999884359 ) ) ;
#1917 = ORIENTED_EDGE ( 'NONE', *, *, #3759, .T. ) ;
#1918 = PRODUCT ( '1990232', '1990232', '', ( #1105 ) ) ;
#1919 = DIRECTION ( 'NONE',  ( 0.000000000000000000, 0.000000000000000000, 1.000000000000000000 ) ) ;
#1920 = SURFACE_SIDE_STYLE ('',( #448 ) ) ;
#1921 = CARTESIAN_POINT ( 'NONE',  ( 28.70000000000000284, 11.09999999999999787, 0.3000000000000103140 ) ) ;
#1922 = VECTOR ( 'NONE', #6249, 1000.000000000000000 ) ;
#1923 =( NAMED_UNIT ( * ) SI_UNIT ( $, .STERADIAN. ) SOLID_ANGLE_UNIT ( ) );
#1924 = ORIENTED_EDGE ( 'NONE', *, *, #4342, .F. ) ;
#1925 = AXIS2_PLACEMENT_3D ( 'NONE', #5686, #5341, #6107 ) ;
#1926 = CARTESIAN_POINT ( 'NONE',  ( 29.03031039130489432, 8.866953778768900563, -0.3477592312580001788 ) ) ;
#1927 = VERTEX_POINT ( 'NONE', #7730 ) ;
#1928 = DIRECTION ( 'NONE',  ( -6.162975822039150624E-33, -1.000000000000000000, 2.220446049250313574E-16 ) ) ;
#1929 = CARTESIAN_POINT ( 'NONE',  ( -26.74999999999885247, 11.09999999999999787, -0.06816914538748837515 ) ) ;
#1930 = CARTESIAN_POINT ( 'NONE',  ( 29.17000000000000171, -3.500000000000399680, 1.431008501447221581 ) ) ;
#1931 = PRODUCT_DEFINITION_CONTEXT ( 'detailed design', #2854, 'design' ) ;
#1932 =( GEOMETRIC_REPRESENTATION_CONTEXT ( 3 ) GLOBAL_UNCERTAINTY_ASSIGNED_CONTEXT ( ( #7062 ) ) GLOBAL_UNIT_ASSIGNED_CONTEXT ( ( #5807, #9012, #8454 ) ) REPRESENTATION_CONTEXT ( 'NONE', 'WORKASPACE' ) );
#1933 = ORIENTED_EDGE ( 'NONE', *, *, #2785, .F. ) ;
#1934 = ORIENTED_EDGE ( 'NONE', *, *, #648, .T. ) ;
#1935 = CARTESIAN_POINT ( 'NONE',  ( -26.89999999999999503, 9.054972578080199952, 3.745027421919521426 ) ) ;
#1936 = CARTESIAN_POINT ( 'NONE',  ( -28.36065583039690097, 8.844938938200698431, -0.4142339225301789329 ) ) ;
#1937 = SURFACE_STYLE_FILL_AREA ( #8886 ) ;
#1938 = ADVANCED_FACE ( 'NONE', ( #159 ), #6369, .T. ) ;
#1939 = VERTEX_POINT ( 'NONE', #1477 ) ;
#1940 = CARTESIAN_POINT ( 'NONE',  ( -27.05000000000000426, 7.154386422155501357, 1.402972890726323252 ) ) ;
#1941 = ADVANCED_FACE ( 'NONE', ( #3566 ), #1517, .T. ) ;
#1942 = CARTESIAN_POINT ( 'NONE',  ( -28.46167280970680835, 12.10760508984050077, -3.892053162730401361 ) ) ;
#1943 = DIRECTION ( 'NONE',  ( 1.000000000000000000, 0.000000000000000000, 0.000000000000000000 ) ) ;
#1944 = UNCERTAINTY_MEASURE_WITH_UNIT (LENGTH_MEASURE( 1.000000000000000082E-05 ), #2960, 'distance_accuracy_value', 'NONE');
#1945 = EDGE_LOOP ( 'NONE', ( #8361, #2243, #5218, #1837 ) ) ;
#1946 = DIRECTION ( 'NONE',  ( 0.000000000000000000, 0.000000000000000000, -1.000000000000000000 ) ) ;
#1947 = CARTESIAN_POINT ( 'NONE',  ( 26.88999999999999702, 13.10000000000000142, -3.212250064070092836 ) ) ;
#1948 = CARTESIAN_POINT ( 'NONE',  ( 28.83374433176300045, 12.59999999999999964, -1.299999999999992051 ) ) ;
#1949 = CARTESIAN_POINT ( 'NONE',  ( -28.00000000000001066, 6.148333950160602690, -2.351666049838900818 ) ) ;
#1950 = ORIENTED_EDGE ( 'NONE', *, *, #3308, .F. ) ;
#1951 = ORIENTED_EDGE ( 'NONE', *, *, #2105, .T. ) ;
#1952 = PLANE ( 'NONE',  #3412 ) ;
#1953 = ADVANCED_FACE ( 'NONE', ( #3656 ), #4335, .F. ) ;
#1954 = DIRECTION ( 'NONE',  ( 2.465190328815661345E-32, -6.137086701989279675E-49, -1.000000000000000000 ) ) ;
#1955 = FACE_OUTER_BOUND ( 'NONE', #3840, .T. ) ;
#1956 = EDGE_CURVE ( 'NONE', #4791, #6265, #2969, .T. ) ;
#1957 = EDGE_LOOP ( 'NONE', ( #1374, #331, #7636, #1275 ) ) ;
#1958 = CARTESIAN_POINT ( 'NONE',  ( -30.64999999999999503, 1.272624325729198036, -3.786746853471398389 ) ) ;
#1959 = CARTESIAN_POINT ( 'NONE',  ( 26.84625566823700638, 12.59999999999999964, -1.299999999999992051 ) ) ;
#1960 = DIRECTION ( 'NONE',  ( 3.610187651973059248E-33, 0.7071067811865475727, 0.7071067811865474617 ) ) ;
#1961 = EDGE_LOOP ( 'NONE', ( #7068, #7919, #6553, #1950, #5247, #5262, #6915, #1651, #8955, #3268 ) ) ;
#1962 = DIRECTION ( 'NONE',  ( 2.465190328815661345E-32, -6.137086701989279675E-49, -1.000000000000000000 ) ) ;
#1963 = DIRECTION ( 'NONE',  ( -2.465190328815661618E-32, 2.220446049250313574E-16, 1.000000000000000000 ) ) ;
#1964 =( BOUNDED_CURVE ( )  B_SPLINE_CURVE ( 3, ( #559, #8846, #4717, #4063 ),
 .UNSPECIFIED., .F., .T. ) 
 B_SPLINE_CURVE_WITH_KNOTS ( ( 4, 4 ),
 ( 0.1450241442997720343, 1.570796326794896558 ),
 .UNSPECIFIED. ) 
 CURVE ( )  GEOMETRIC_REPRESENTATION_ITEM ( )  RATIONAL_B_SPLINE_CURVE ( ( 1.000000000000000000, 0.8376516456444781378, 0.8376516456444781378, 1.000000000000000000 ) ) 
 REPRESENTATION_ITEM ( '' )  );
#1965 = ORIENTED_EDGE ( 'NONE', *, *, #7954, .T. ) ;
#1966 = LINE ( 'NONE', #7560, #1881 ) ;
#1967 = CARTESIAN_POINT ( 'NONE',  ( 29.23161643048380398, 8.833405360467098788, -0.4537755725750203806 ) ) ;
#1968 = ORIENTED_EDGE ( 'NONE', *, *, #735, .F. ) ;
#1969 = DIRECTION ( 'NONE',  ( 1.000000000000000000, 6.162975822039154730E-33, 2.465190328815661892E-32 ) ) ;
#1970 = CARTESIAN_POINT ( 'NONE',  ( -29.25000000000001066, 11.09999999999999787, -0.06816914538748837515 ) ) ;
#1971 = CARTESIAN_POINT ( 'NONE',  ( -30.75000000000000000, 2.223807899774399299, -4.511880547680099163 ) ) ;
#1972 = CARTESIAN_POINT ( 'NONE',  ( 26.62499999999999645, -0.7705369544777969093, -3.490000000000388791 ) ) ;
#1973 = ORIENTED_EDGE ( 'NONE', *, *, #8437, .T. ) ;
#1974 = ORIENTED_EDGE ( 'NONE', *, *, #1823, .T. ) ;
#1975 = CARTESIAN_POINT ( 'NONE',  ( 29.61561305647650144, 10.67656721185510094, -0.4916019335323412176 ) ) ;
#1976 = CARTESIAN_POINT ( 'NONE',  ( -28.62093003959860482, 8.926074539750899817, -0.2051556597971407880 ) ) ;
#1977 = VERTEX_POINT ( 'NONE', #3708 ) ;
#1978 =( GEOMETRIC_REPRESENTATION_CONTEXT ( 3 ) GLOBAL_UNCERTAINTY_ASSIGNED_CONTEXT ( ( #77 ) ) GLOBAL_UNIT_ASSIGNED_CONTEXT ( ( #4202, #1441, #578 ) ) REPRESENTATION_CONTEXT ( 'NONE', 'WORKASPACE' ) );
#1979 = EDGE_LOOP ( 'NONE', ( #766, #7321, #3808, #5882 ) ) ;
#1980 = LINE ( 'NONE', #8347, #3034 ) ;
#1981 = DIRECTION ( 'NONE',  ( -5.801957056841932144E-32, 0.7071067811866160735, 0.7071067811864790720 ) ) ;
#1982 = VECTOR ( 'NONE', #7180, 1000.000000000000000 ) ;
#1983 = EDGE_CURVE ( 'NONE', #6582, #3143, #2782, .T. ) ;
#1984 = ORIENTED_EDGE ( 'NONE', *, *, #5380, .F. ) ;
#1985 = DIRECTION ( 'NONE',  ( -1.000000000000000000, -6.162975822039154730E-33, -2.465190328815661892E-32 ) ) ;
#1986 = CARTESIAN_POINT ( 'NONE',  ( 29.87500000000000000, -2.555405713625399589, 1.509999999999660947 ) ) ;
#1987 = CARTESIAN_POINT ( 'NONE',  ( 29.87500000000000000, -1.699999999999999289, 1.198657782018809570 ) ) ;
#1988 = CARTESIAN_POINT ( 'NONE',  ( 28.05327016919775573, 10.66863707979276299, 1.955133692238862020 ) ) ;
#1989 = EDGE_LOOP ( 'NONE', ( #4749, #1072, #2942, #6802 ) ) ;
#1990 = CARTESIAN_POINT ( 'NONE',  ( 26.34704498611529999, 8.947567814092598937, -0.1622226193544722972 ) ) ;
#1991 = FACE_OUTER_BOUND ( 'NONE', #94, .T. ) ;
#1992 = EDGE_CURVE ( 'NONE', #324, #69, #3330, .T. ) ;
#1993 = ADVANCED_FACE ( 'NONE', ( #1025 ), #290, .T. ) ;
#1994 = ORIENTED_EDGE ( 'NONE', *, *, #5809, .F. ) ;
#1995 = DIRECTION ( 'NONE',  ( -0.9413864148448759517, 0.2385284238256639988, 0.2385284238256637768 ) ) ;
#1996 = FACE_OUTER_BOUND ( 'NONE', #7225, .T. ) ;
#1997 = AXIS2_PLACEMENT_3D ( 'NONE', #2148, #1496, #4217 ) ;
#1998 = DIRECTION ( 'NONE',  ( -1.000000000000000000, -6.162975822039154730E-33, -2.465190328815661892E-32 ) ) ;
#1999 = ORIENTED_EDGE ( 'NONE', *, *, #4663, .T. ) ;
#2000 = EDGE_CURVE ( 'NONE', #6136, #1650, #330, .T. ) ;
#2001 = LINE ( 'NONE', #1346, #105 ) ;
#2002 = EDGE_CURVE ( 'NONE', #759, #2033, #3138, .T. ) ;
#2003 = DIRECTION ( 'NONE',  ( -1.000000000000000000, -6.162975822039154730E-33, -2.465190328815661892E-32 ) ) ;
#2004 = CARTESIAN_POINT ( 'NONE',  ( 29.84982367735788245, 7.400624110387729715, 2.321944453947179632 ) ) ;
#2005 = EDGE_CURVE ( 'NONE', #8538, #4950, #6925, .T. ) ;
#2006 = CARTESIAN_POINT ( 'NONE',  ( 29.26736669401830326, -3.981382401604799171, 5.990002399999610816 ) ) ;
#2007 = VERTEX_POINT ( 'NONE', #4169 ) ;
#2008 = CARTESIAN_POINT ( 'NONE',  ( 26.99999999999999645, -0.4999999999999996669, -4.200000000000390976 ) ) ;
#2009 = CARTESIAN_POINT ( 'NONE',  ( 29.08961325986859947, 8.853664842278600844, -0.3867188096479314829 ) ) ;
#2010 = ORIENTED_EDGE ( 'NONE', *, *, #591, .T. ) ;
#2011 = LINE ( 'NONE', #3410, #1399 ) ;
#2012 =( BOUNDED_CURVE ( )  B_SPLINE_CURVE ( 3, ( #1863, #4684, #4413, #1824 ),
 .UNSPECIFIED., .F., .T. ) 
 B_SPLINE_CURVE_WITH_KNOTS ( ( 4, 4 ),
 ( 4.300872134316321649, 5.020781744122437829 ),
 .UNSPECIFIED. ) 
 CURVE ( )  GEOMETRIC_REPRESENTATION_ITEM ( )  RATIONAL_B_SPLINE_CURVE ( ( 1.000000000000000000, 0.9572751625268148823, 0.9572751625268148823, 1.000000000000000000 ) ) 
 REPRESENTATION_ITEM ( '' )  );
#2013 = LINE ( 'NONE', #8967, #5386 ) ;
#2014 = COLOUR_RGB ( '',0.9490196078431372140, 0.9490196078431372140, 1.000000000000000000 ) ;
#2015 = ORIENTED_EDGE ( 'NONE', *, *, #967, .T. ) ;
#2016 = ORIENTED_EDGE ( 'NONE', *, *, #3371, .T. ) ;
#2017 = CARTESIAN_POINT ( 'NONE',  ( -28.79922683999290456, 9.254073569775700392, 0.2589467002765810100 ) ) ;
#2018 = FACE_OUTER_BOUND ( 'NONE', #603, .T. ) ;
#2019 = AXIS2_PLACEMENT_3D ( 'NONE', #4439, #7236, #923 ) ;
#2020 = ORIENTED_EDGE ( 'NONE', *, *, #3913, .T. ) ;
#2021 = FACE_OUTER_BOUND ( 'NONE', #4151, .T. ) ;
#2022 = DIRECTION ( 'NONE',  ( 3.236649337805362286E-31, -0.2588190451025209615, 0.9659258262890682012 ) ) ;
#2023 = LINE ( 'NONE', #1193, #6001 ) ;
#2024 = AXIS2_PLACEMENT_3D ( 'NONE', #8314, #4066, #6090 ) ;
#2025 = COLOUR_RGB ( '',0.9490196078431372140, 0.9490196078431372140, 1.000000000000000000 ) ;
#2026 = ORIENTED_EDGE ( 'NONE', *, *, #6116, .F. ) ;
#2027 = FACE_OUTER_BOUND ( 'NONE', #168, .T. ) ;
#2028 = CARTESIAN_POINT ( 'NONE',  ( -27.96119071202452133, 10.67196917591599004, -0.5028190845386552033 ) ) ;
#2029 = CARTESIAN_POINT ( 'NONE',  ( -30.64999999999999503, 0.8250085261886024313, -4.323565720717695626 ) ) ;
#2030 = VECTOR ( 'NONE', #914, 1000.000000000000000 ) ;
#2031 = FACE_OUTER_BOUND ( 'NONE', #8463, .T. ) ;
#2032 = PRESENTATION_LAYER_ASSIGNMENT (  '', '', ( #687 ) ) ;
#2033 = VERTEX_POINT ( 'NONE', #4007 ) ;
#2034 = CARTESIAN_POINT ( 'NONE',  ( 26.20241988367999397, 9.234412138042099372, 0.2378231711097789636 ) ) ;
#2035 = LINE ( 'NONE', #2594, #4371 ) ;
#2036 = VECTOR ( 'NONE', #5443, 1000.000000000000114 ) ;
#2037 = ORIENTED_EDGE ( 'NONE', *, *, #5546, .T. ) ;
#2038 = DIRECTION ( 'NONE',  ( 0.000000000000000000, 0.000000000000000000, 1.000000000000000000 ) ) ;
#2039 = LINE ( 'NONE', #7638, #451 ) ;
#2040 = PLANE ( 'NONE',  #7205 ) ;
#2041 = VECTOR ( 'NONE', #7779, 1000.000000000000000 ) ;
#2042 = EDGE_CURVE ( 'NONE', #668, #378, #4695, .T. ) ;
#2043 = CARTESIAN_POINT ( 'NONE',  ( -27.81999999999999673, 12.59999999999999964, -1.299999999999999156 ) ) ;
#2044 = ORIENTED_EDGE ( 'NONE', *, *, #5708, .F. ) ;
#2045 = CARTESIAN_POINT ( 'NONE',  ( -27.63000000000000256, 10.36808542494920005, -6.000000000000000888 ) ) ;
#2046 = ADVANCED_FACE ( 'NONE', ( #8878 ), #497, .F. ) ;
#2047 = VECTOR ( 'NONE', #5779, 1000.000000000000000 ) ;
#2048 = AXIS2_PLACEMENT_3D ( 'NONE', #3462, #6942, #641 ) ;
#2049 = CARTESIAN_POINT ( 'NONE',  ( 26.99999999999999645, 13.10000000000000142, -3.700000000000394085 ) ) ;
#2050 = EDGE_LOOP ( 'NONE', ( #5643, #3481, #893, #4891, #6341, #3394 ) ) ;
#2051 = DIRECTION ( 'NONE',  ( -2.465190328815661345E-32, 6.137086701989279675E-49, 1.000000000000000000 ) ) ;
#2052 = EDGE_CURVE ( 'NONE', #1527, #4264, #8339, .T. ) ;
#2053 = CARTESIAN_POINT ( 'NONE',  ( 29.10180404903499252, 8.851283482272599201, -0.3940040887976618000 ) ) ;
#2054 = EDGE_LOOP ( 'NONE', ( #1010, #7384, #3423, #5967, #4029, #4688, #2707 ) ) ;
#2055 = VECTOR ( 'NONE', #4507, 1000.000000000000114 ) ;
#2056 = AXIS2_PLACEMENT_3D ( 'NONE', #701, #5555, #8371 ) ;
#2057 = LINE ( 'NONE', #1929, #4086 ) ;
#2058 = EDGE_CURVE ( 'NONE', #6071, #3948, #6968, .T. ) ;
#2059 = EDGE_CURVE ( 'NONE', #2557, #5658, #6162, .T. ) ;
#2060 = CARTESIAN_POINT ( 'NONE',  ( 29.52888341482930201, 8.821416308584499433, -0.4996088759915712774 ) ) ;
#2061 =( BOUNDED_CURVE ( )  B_SPLINE_CURVE ( 3, ( #1565, #8965, #3658, #6466 ),
 .UNSPECIFIED., .F., .T. ) 
 B_SPLINE_CURVE_WITH_KNOTS ( ( 4, 4 ),
 ( 6.345691034229638265E-31, 0.6858529646187068174 ),
 .UNSPECIFIED. ) 
 CURVE ( )  GEOMETRIC_REPRESENTATION_ITEM ( )  RATIONAL_B_SPLINE_CURVE ( ( 1.000000000000000000, 0.9611831238882957429, 0.9611831238882957429, 1.000000000000000000 ) ) 
 REPRESENTATION_ITEM ( '' )  );
#2062 = EDGE_CURVE ( 'NONE', #6016, #8635, #2133, .T. ) ;
#2063 = VECTOR ( 'NONE', #4775, 1000.000000000000000 ) ;
#2064 = ORIENTED_EDGE ( 'NONE', *, *, #1030, .T. ) ;
#2065 = EDGE_LOOP ( 'NONE', ( #8610, #2020, #2203, #4291 ) ) ;
#2066 = CARTESIAN_POINT ( 'NONE',  ( -28.66625566823701021, 12.59999999999999964, -6.000000000000000888 ) ) ;
#2067 = FACE_OUTER_BOUND ( 'NONE', #7615, .T. ) ;
#2068 = ORIENTED_EDGE ( 'NONE', *, *, #8601, .F. ) ;
#2069 = CARTESIAN_POINT ( 'NONE',  ( -28.00000000000001066, 9.443391120976400543, -3.499999999999997780 ) ) ;
#2070 = FACE_OUTER_BOUND ( 'NONE', #5639, .T. ) ;
#2071 = DIRECTION ( 'NONE',  ( 0.000000000000000000, 0.000000000000000000, 1.000000000000000000 ) ) ;
#2072 = VECTOR ( 'NONE', #174, 1000.000000000000114 ) ;
#2073 = ORIENTED_EDGE ( 'NONE', *, *, #7102, .T. ) ;
#2074 = CARTESIAN_POINT ( 'NONE',  ( -27.50000000000001066, 11.50000000000000000, -4.099999999999999645 ) ) ;
#2075 = LINE ( 'NONE', #7767, #7917 ) ;
#2076 = DIRECTION ( 'NONE',  ( -2.465190328815661345E-32, 6.137086701989279675E-49, 1.000000000000000000 ) ) ;
#2077 = CIRCLE ( 'NONE', #3551, 0.5000000000000000000 ) ;
#2078 = ORIENTED_EDGE ( 'NONE', *, *, #983, .F. ) ;
#2079 = DIRECTION ( 'NONE',  ( 1.000000000000000000, 6.162975822039154730E-33, 2.449293598294709866E-16 ) ) ;
#2080 = DIRECTION ( 'NONE',  ( 5.801957056841933239E-32, -0.7071067811866160735, -0.7071067811864790720 ) ) ;
#2081 = DIRECTION ( 'NONE',  ( 1.000000000000000000, 6.162975822039154730E-33, 2.465190328815661892E-32 ) ) ;
#2082 = VERTEX_POINT ( 'NONE', #2618 ) ;
#2083 = CARTESIAN_POINT ( 'NONE',  ( -28.96999999999999886, -1.421564544460798718, 1.299999999999652545 ) ) ;
#2084 = DIRECTION ( 'NONE',  ( 1.000000000000000000, 6.162975822039154730E-33, 2.465190328815661892E-32 ) ) ;
#2085 = ORIENTED_EDGE ( 'NONE', *, *, #4879, .T. ) ;
#2086 = CARTESIAN_POINT ( 'NONE',  ( 29.67999999999999972, -2.900000000000399591, -3.910000000000392273 ) ) ;
#2087 = CARTESIAN_POINT ( 'NONE',  ( 29.87500000000000000, -2.900000000000299227, -0.9999999999999904521 ) ) ;
#2088 = CARTESIAN_POINT ( 'NONE',  ( -30.75000000000000000, 2.223807899774399299, -3.774095203657398034 ) ) ;
#2089 = CARTESIAN_POINT ( 'NONE',  ( 26.99999999999999645, -0.4999999999999996669, -3.700000000000390532 ) ) ;
#2090 = EDGE_CURVE ( 'NONE', #4715, #8091, #4831, .T. ) ;
#2091 = ORIENTED_EDGE ( 'NONE', *, *, #8112, .F. ) ;
#2092 = DIRECTION ( 'NONE',  ( 0.000000000000000000, 0.000000000000000000, -1.000000000000000000 ) ) ;
#2093 = CARTESIAN_POINT ( 'NONE',  ( 27.17999999999999616, 12.59999999999999964, -1.299999999999992051 ) ) ;
#2094 = ORIENTED_EDGE ( 'NONE', *, *, #3855, .T. ) ;
#2095 = CARTESIAN_POINT ( 'NONE',  ( 26.33374433176299689, 12.59999999999999964, -5.999999999999993783 ) ) ;
#2096 = DIRECTION ( 'NONE',  ( -6.162975822039150624E-33, 1.000000000000000000, -2.220446049250313574E-16 ) ) ;
#2097 = EDGE_CURVE ( 'NONE', #5658, #937, #5434, .T. ) ;
#2098 = VERTEX_POINT ( 'NONE', #4049 ) ;
#2099 = EDGE_CURVE ( 'NONE', #6265, #4950, #8427, .T. ) ;
#2100 = ORIENTED_EDGE ( 'NONE', *, *, #1664, .F. ) ;
#2101 = LINE ( 'NONE', #7695, #8072 ) ;
#2102 = CARTESIAN_POINT ( 'NONE',  ( 26.59945430655960408, 12.26818229359989765, -3.999271026773294047 ) ) ;
#2103 = EDGE_LOOP ( 'NONE', ( #5627, #7665, #5874, #8134 ) ) ;
#2104 = LINE ( 'NONE', #6394, #4059 ) ;
#2105 = EDGE_CURVE ( 'NONE', #5526, #2136, #1272, .T. ) ;
#2106 = DIRECTION ( 'NONE',  ( 1.000000000000000000, 6.162975822039154730E-33, 2.449293598294705921E-16 ) ) ;
#2107 = CARTESIAN_POINT ( 'NONE',  ( -28.44515477559929195, 12.13107794979079834, -3.927848713407299464 ) ) ;
#2108 = EDGE_CURVE ( 'NONE', #7483, #7175, #2013, .T. ) ;
#2109 = DIRECTION ( 'NONE',  ( 1.000000000000000000, 6.162975822039154730E-33, 2.465190328815661892E-32 ) ) ;
#2110 = EDGE_CURVE ( 'NONE', #7372, #7743, #7796, .T. ) ;
#2111 = VERTEX_POINT ( 'NONE', #8557 ) ;
#2112 = FACE_OUTER_BOUND ( 'NONE', #8153, .T. ) ;
#2113 = CYLINDRICAL_SURFACE ( 'NONE', #8774, 0.2000000000000000944 ) ;
#2114 = CARTESIAN_POINT ( 'NONE',  ( 26.05000000000000426, 8.260820357969000938, -0.5808251579691916522 ) ) ;
#2115 = AXIS2_PLACEMENT_3D ( 'NONE', #5928, #3685, #354 ) ;
#2116 = PRESENTATION_LAYER_ASSIGNMENT (  '', '', ( #4907 ) ) ;
#2117 = ORIENTED_EDGE ( 'NONE', *, *, #6938, .F. ) ;
#2118 = CARTESIAN_POINT ( 'NONE',  ( 28.24999999999999645, 8.049116928532395765E-16, -3.499999999999989342 ) ) ;
#2119 = VERTEX_POINT ( 'NONE', #5731 ) ;
#2120 =( NAMED_UNIT ( * ) PLANE_ANGLE_UNIT ( ) SI_UNIT ( $, .RADIAN. ) );
#2121 = DIRECTION ( 'NONE',  ( 1.000000000000000000, 6.162975822039154730E-33, 2.465190328815661892E-32 ) ) ;
#2122 = CARTESIAN_POINT ( 'NONE',  ( 27.75679224300349546, 8.049116928532395765E-16, -4.291792243003890839 ) ) ;
#2123 = VECTOR ( 'NONE', #8694, 1000.000000000000000 ) ;
#2124 = VERTEX_POINT ( 'NONE', #4350 ) ;
#2125 = CARTESIAN_POINT ( 'NONE',  ( -30.75000000000000000, 2.223807899774399299, -3.774095203657398034 ) ) ;
#2126 = CARTESIAN_POINT ( 'NONE',  ( -28.39999999999999503, 12.28524271247460220, -4.000000000000000000 ) ) ;
#2127 = DIRECTION ( 'NONE',  ( 3.647563707725548394E-33, 0.9252807390362649542, -0.3792829471100741534 ) ) ;
#2128 = VERTEX_POINT ( 'NONE', #8421 ) ;
#2129 =( LENGTH_UNIT ( ) NAMED_UNIT ( * ) SI_UNIT ( .MILLI., .METRE. ) );
#2130 = CARTESIAN_POINT ( 'NONE',  ( 27.95000000000000284, 5.170765814495903001, -5.999999999999992006 ) ) ;
#2131 = CARTESIAN_POINT ( 'NONE',  ( 26.62499999999999645, -1.700000000000401634, -3.151703117579691238 ) ) ;
#2132 = EDGE_CURVE ( 'NONE', #6229, #4929, #3579, .T. ) ;
#2133 = CIRCLE ( 'NONE', #7556, 1.500000000000000666 ) ;
#2134 = DIRECTION ( 'NONE',  ( 0.000000000000000000, 0.000000000000000000, -1.000000000000000000 ) ) ;
#2135 = ORIENTED_EDGE ( 'NONE', *, *, #8988, .F. ) ;
#2136 = VERTEX_POINT ( 'NONE', #5053 ) ;
#2137 = CIRCLE ( 'NONE', #8008, 0.1580968594334401511 ) ;
#2138 = DIRECTION ( 'NONE',  ( 0.000000000000000000, 0.000000000000000000, -1.000000000000000000 ) ) ;
#2139 = LINE ( 'NONE', #1401, #6699 ) ;
#2140 = ORIENTED_EDGE ( 'NONE', *, *, #1368, .T. ) ;
#2141 = ORIENTED_EDGE ( 'NONE', *, *, #5712, .F. ) ;
#2142 = CARTESIAN_POINT ( 'NONE',  ( 29.61561305647650144, 10.67656721185510094, -0.4916019335323412176 ) ) ;
#2143 = CARTESIAN_POINT ( 'NONE',  ( 29.53880928797547867, 10.67196917591599181, -0.5028190845386490970 ) ) ;
#2144 = LINE ( 'NONE', #8470, #1734 ) ;
#2145 = ORIENTED_EDGE ( 'NONE', *, *, #1369, .F. ) ;
#2146 = VERTEX_POINT ( 'NONE', #3537 ) ;
#2147 = EDGE_CURVE ( 'NONE', #1068, #8999, #2139, .T. ) ;
#2148 = CARTESIAN_POINT ( 'NONE',  ( 27.96999999999999531, -3.500000000000399680, -3.490000000000388791 ) ) ;
#2149 = CARTESIAN_POINT ( 'NONE',  ( -27.05000000000000426, 10.53798004549439860, 1.696334529555773241 ) ) ;
#2150 = DIRECTION ( 'NONE',  ( -1.000000000000000000, -6.162975822039154730E-33, -2.465190328815661892E-32 ) ) ;
#2151 = ADVANCED_FACE ( 'NONE', ( #76 ), #2983, .T. ) ;
#2152 = CIRCLE ( 'NONE', #1723, 0.1580968594333850563 ) ;
#2153 = ORIENTED_EDGE ( 'NONE', *, *, #8213, .T. ) ;
#2154 = CYLINDRICAL_SURFACE ( 'NONE', #9052, 0.1580968594336127353 ) ;
#2155 = LINE ( 'NONE', #768, #6019 ) ;
#2156 = LINE ( 'NONE', #3046, #9060 ) ;
#2157 = CARTESIAN_POINT ( 'NONE',  ( 29.67999999999999972, 9.443391120976400543, -3.499999999999991118 ) ) ;
#2158 = EDGE_CURVE ( 'NONE', #1322, #5206, #892, .T. ) ;
#2159 = ORIENTED_EDGE ( 'NONE', *, *, #2132, .F. ) ;
#2160 = CARTESIAN_POINT ( 'NONE',  ( 29.67999999999999972, 11.50000000000000000, 0.3318308546125195990 ) ) ;
#2161 = VECTOR ( 'NONE', #2772, 1000.000000000000000 ) ;
#2162 = ORIENTED_EDGE ( 'NONE', *, *, #6834, .T. ) ;
#2163 = CARTESIAN_POINT ( 'NONE',  ( -30.75000000000000000, 0.5000000000000012212, -5.999999999999998224 ) ) ;
#2164 = AXIS2_PLACEMENT_3D ( 'NONE', #340, #3029, #3902 ) ;
#2165 = CARTESIAN_POINT ( 'NONE',  ( 29.50000000000000000, 7.439997600000002542, 0.2399975999999911513 ) ) ;
#2166 = FACE_OUTER_BOUND ( 'NONE', #8724, .T. ) ;
#2167 = AXIS2_PLACEMENT_3D ( 'NONE', #409, #1003, #4514 ) ;
#2168 = ADVANCED_FACE ( 'NONE', ( #5680 ), #123, .T. ) ;
#2169 = EDGE_CURVE ( 'NONE', #2530, #9066, #1490, .T. ) ;
#2170 = MECHANICAL_DESIGN_GEOMETRIC_PRESENTATION_REPRESENTATION (  '', ( #4093 ), #7895 ) ;
#2171 = FACE_OUTER_BOUND ( 'NONE', #6898, .T. ) ;
#2172 = EDGE_CURVE ( 'NONE', #7996, #3206, #3032, .T. ) ;
#2173 = VERTEX_POINT ( 'NONE', #2242 ) ;
#2174 = VECTOR ( 'NONE', #2051, 1000.000000000000000 ) ;
#2175 = DIRECTION ( 'NONE',  ( 2.465190328815661345E-32, -6.137086701989279675E-49, -1.000000000000000000 ) ) ;
#2176 = ORIENTED_EDGE ( 'NONE', *, *, #1319, .T. ) ;
#2177 = CARTESIAN_POINT ( 'NONE',  ( -30.75000000000000000, 1.670670136135498751, -4.165468861284396418 ) ) ;
#2178 = AXIS2_PLACEMENT_3D ( 'NONE', #3097, #6637, #861 ) ;
#2179 = LINE ( 'NONE', #2974, #5552 ) ;
#2180 = VECTOR ( 'NONE', #8183, 1000.000000000000000 ) ;
#2181 = FACE_OUTER_BOUND ( 'NONE', #4858, .T. ) ;
#2182 = DIRECTION ( 'NONE',  ( -5.801957056841933239E-32, 0.7071067811866160735, 0.7071067811864790720 ) ) ;
#2183 = CARTESIAN_POINT ( 'NONE',  ( -30.75000000000000000, 0.8250085261886024313, -5.999999999999998224 ) ) ;
#2184 = AXIS2_PLACEMENT_3D ( 'NONE', #2276, #1567, #3752 ) ;
#2185 = ORIENTED_EDGE ( 'NONE', *, *, #3578, .F. ) ;
#2186 = CARTESIAN_POINT ( 'NONE',  ( 28.71007833725289160, 9.176758414154699395, 0.1734149822346983116 ) ) ;
#2187 = ORIENTED_EDGE ( 'NONE', *, *, #4989, .T. ) ;
#2188 = CARTESIAN_POINT ( 'NONE',  ( 29.67999999999999972, 10.67656721185510094, -0.4916019335323412176 ) ) ;
#2189 = AXIS2_PLACEMENT_3D ( 'NONE', #5055, #1640, #2245 ) ;
#2190 = CYLINDRICAL_SURFACE ( 'NONE', #504, 0.9511835740451989318 ) ;
#2191 = VECTOR ( 'NONE', #3011, 1000.000000000000114 ) ;
#2192 = DIRECTION ( 'NONE',  ( 2.465190328815661618E-32, 2.220446049250313574E-16, 1.000000000000000000 ) ) ;
#2193 = UNCERTAINTY_MEASURE_WITH_UNIT (LENGTH_MEASURE( 1.000000000000000082E-05 ), #4305, 'distance_accuracy_value', 'NONE');
#2194 = ORIENTED_EDGE ( 'NONE', *, *, #9000, .F. ) ;
#2195 = DIRECTION ( 'NONE',  ( -6.656013887802287108E-31, 0.1305261922200520452, -0.9914448613738103822 ) ) ;
#2196 = AXIS2_PLACEMENT_3D ( 'NONE', #507, #4666, #6728 ) ;
#2197 = ORIENTED_EDGE ( 'NONE', *, *, #6155, .T. ) ;
#2198 = DIRECTION ( 'NONE',  ( 6.162975822039150624E-33, -1.000000000000000000, 2.220446049250313574E-16 ) ) ;
#2199 = CIRCLE ( 'NONE', #2936, 0.4567242605855179605 ) ;
#2200 = DIRECTION ( 'NONE',  ( 1.000000000000000000, 6.162975822039154730E-33, 2.465190328815661892E-32 ) ) ;
#2201 = ORIENTED_EDGE ( 'NONE', *, *, #5752, .F. ) ;
#2202 = CARTESIAN_POINT ( 'NONE',  ( 27.30862773183259762, 8.837811387977199118, -0.4382110761899111195 ) ) ;
#2203 = ORIENTED_EDGE ( 'NONE', *, *, #6116, .T. ) ;
#2204 = LINE ( 'NONE', #3545, #7320 ) ;
#2205 = CARTESIAN_POINT ( 'NONE',  ( -28.34901155503820291, 10.36808542494920005, -6.000000000000000888 ) ) ;
#2206 = CARTESIAN_POINT ( 'NONE',  ( 27.50337055455399948, 8.876428779011600767, -0.3219454768154713653 ) ) ;
#2207 = CARTESIAN_POINT ( 'NONE',  ( -28.40054569344040303, 12.26818229359989765, -3.999271026773301152 ) ) ;
#2208 = FACE_OUTER_BOUND ( 'NONE', #6981, .T. ) ;
#2209 = VECTOR ( 'NONE', #1629, 1000.000000000000000 ) ;
#2210 = ORIENTED_EDGE ( 'NONE', *, *, #9049, .T. ) ;
#2211 = DIRECTION ( 'NONE',  ( -2.102964564689860617E-32, -1.000000000000000000, 2.220446049250313574E-16 ) ) ;
#2212 = DIRECTION ( 'NONE',  ( 1.000000000000000000, 6.162975822039154730E-33, 2.465190328815661892E-32 ) ) ;
#2213 = ORIENTED_EDGE ( 'NONE', *, *, #5998, .F. ) ;
#2214 = CARTESIAN_POINT ( 'NONE',  ( 30.00000000000000000, 11.50000000000000000, -2.899999999999992806 ) ) ;
#2215 = ADVANCED_FACE ( 'NONE', ( #4401 ), #171, .F. ) ;
#2216 = EDGE_LOOP ( 'NONE', ( #6003, #8887, #8128, #5581 ) ) ;
#2217 = CIRCLE ( 'NONE', #8226, 0.2000000000000000944 ) ;
#2218 = DIRECTION ( 'NONE',  ( 0.000000000000000000, -0.7071067811864789610, 0.7071067811866160735 ) ) ;
#2219 = DIRECTION ( 'NONE',  ( -1.000000000000000000, -6.162975822039154730E-33, -2.465190328815661892E-32 ) ) ;
#2220 = PRODUCT_RELATED_PRODUCT_CATEGORY ( 'part', '', ( #8403 ) ) ;
#2221 = ADVANCED_FACE ( 'NONE', ( #4209 ), #1249, .F. ) ;
#2222 = PRESENTATION_STYLE_ASSIGNMENT (( #7777 ) ) ;
#2223 = ORIENTED_EDGE ( 'NONE', *, *, #1718, .F. ) ;
#2224 = CARTESIAN_POINT ( 'NONE',  ( -29.42837440285471473, 5.170765814495903001, -5.999999999999999112 ) ) ;
#2225 = LINE ( 'NONE', #5032, #1417 ) ;
#2226 = EDGE_CURVE ( 'NONE', #6582, #4547, #7109, .T. ) ;
#2227 = EDGE_CURVE ( 'NONE', #5800, #703, #3175, .T. ) ;
#2228 = CARTESIAN_POINT ( 'NONE',  ( 26.24320775699649744, 8.049116928532395765E-16, -3.108207756996890669 ) ) ;
#2229 = ORIENTED_EDGE ( 'NONE', *, *, #5712, .T. ) ;
#2230 = CARTESIAN_POINT ( 'NONE',  ( -27.63000000000000256, 11.99780271866330139, -3.499999999999999556 ) ) ;
#2231 = CARTESIAN_POINT ( 'NONE',  ( 26.62499999999999645, 2.299999999998401545, -1.400000000000831246 ) ) ;
#2232 =( NAMED_UNIT ( * ) PLANE_ANGLE_UNIT ( ) SI_UNIT ( $, .RADIAN. ) );
#2233 = EDGE_CURVE ( 'NONE', #3158, #7, #5636, .T. ) ;
#2234 = CARTESIAN_POINT ( 'NONE',  ( -27.25588130646649887, 9.048147215587498238, 0.006252880977450706035 ) ) ;
#2235 = FACE_OUTER_BOUND ( 'NONE', #2886, .T. ) ;
#2236 = CARTESIAN_POINT ( 'NONE',  ( 28.70000000000229434, 10.89721792224730024, 1.902782077752110723 ) ) ;
#2237 = ADVANCED_FACE ( 'NONE', ( #7061 ), #8514, .T. ) ;
#2238 = ORIENTED_EDGE ( 'NONE', *, *, #8486, .T. ) ;
#2239 = CARTESIAN_POINT ( 'NONE',  ( 28.97506380384919211, 8.883391849895401648, -0.3038543544997499568 ) ) ;
#2240 = ORIENTED_EDGE ( 'NONE', *, *, #3928, .T. ) ;
#2241 = CARTESIAN_POINT ( 'NONE',  ( 28.54999999999999361, 8.260820357969000938, -0.5808251579691916522 ) ) ;
#2242 = CARTESIAN_POINT ( 'NONE',  ( 28.79922198009589351, 7.999999999999497291, -0.4999999999999917843 ) ) ;
#2243 = ORIENTED_EDGE ( 'NONE', *, *, #8422, .T. ) ;
#2244 = CARTESIAN_POINT ( 'NONE',  ( 26.55900219864339107, 12.13825691684990105, -3.935628816571393962 ) ) ;
#2245 = DIRECTION ( 'NONE',  ( 0.2563072973150510303, -0.9665953493282771758, 2.460158735894685368E-16 ) ) ;
#2246 = ORIENTED_EDGE ( 'NONE', *, *, #8013, .F. ) ;
#2247 = DIRECTION ( 'NONE',  ( -1.000000000000000000, -6.162975822039154730E-33, -2.465190328815661892E-32 ) ) ;
#2248 = DIRECTION ( 'NONE',  ( 5.801957056841933239E-32, -0.7071067811866160735, -0.7071067811864790720 ) ) ;
#2249 = DIRECTION ( 'NONE',  ( 0.000000000000000000, 0.000000000000000000, -1.000000000000000000 ) ) ;
#2250 = LINE ( 'NONE', #2853, #1018 ) ;
#2251 =( BOUNDED_CURVE ( )  B_SPLINE_CURVE ( 3, ( #7942, #7430, #8520, #852 ),
 .UNSPECIFIED., .F., .T. ) 
 B_SPLINE_CURVE_WITH_KNOTS ( ( 4, 4 ),
 ( 0.6435011087945589070, 1.982313172863250816 ),
 .UNSPECIFIED. ) 
 CURVE ( )  GEOMETRIC_REPRESENTATION_ITEM ( )  RATIONAL_B_SPLINE_CURVE ( ( 1.000000000000000000, 0.8561269155848325596, 0.8561269155848325596, 1.000000000000000000 ) ) 
 REPRESENTATION_ITEM ( '' )  );
#2252 = VERTEX_POINT ( 'NONE', #5007 ) ;
#2253 =( LENGTH_UNIT ( ) NAMED_UNIT ( * ) SI_UNIT ( .MILLI., .METRE. ) );
#2254 = CARTESIAN_POINT ( 'NONE',  ( 30.75000000000000000, 9.100000000000399325, -5.999999999999989342 ) ) ;
#2255 = CARTESIAN_POINT ( 'NONE',  ( 27.37499999999999645, -0.4999999999999996669, -3.910000000000392273 ) ) ;
#2256 = ORIENTED_EDGE ( 'NONE', *, *, #1787, .T. ) ;
#2257 = CARTESIAN_POINT ( 'NONE',  ( 29.50000000000000000, -0.4999999999999996669, 0.7999999999996620925 ) ) ;
#2258 = EDGE_LOOP ( 'NONE', ( #1407, #8085 ) ) ;
#2259 = DIRECTION ( 'NONE',  ( -1.000000000000000000, -6.162975822039154730E-33, -2.465190328815661892E-32 ) ) ;
#2260 = CARTESIAN_POINT ( 'NONE',  ( 26.99999999999999645, 7.439997600000002542, 0.2399975999999911513 ) ) ;
#2261 = SURFACE_SIDE_STYLE ('',( #1659 ) ) ;
#2262 = EDGE_CURVE ( 'NONE', #7975, #4258, #3768, .T. ) ;
#2263 = VECTOR ( 'NONE', #8034, 1000.000000000000114 ) ;
#2264 = LINE ( 'NONE', #54, #1909 ) ;
#2265 = ORIENTED_EDGE ( 'NONE', *, *, #845, .T. ) ;
#2266 = CARTESIAN_POINT ( 'NONE',  ( 27.37000000000000455, 13.10000000000000142, -3.268085424949194184 ) ) ;
#2267 = DIRECTION ( 'NONE',  ( 3.610187651973906322E-33, 0.7071067811864790720, -0.7071067811866160735 ) ) ;
#2268 = CARTESIAN_POINT ( 'NONE',  ( 25.89999999999999147, 10.72111025509270377, 2.078889744906676551 ) ) ;
#2269 = DIRECTION ( 'NONE',  ( -1.000000000000000000, -6.162975822039154730E-33, -2.465190328815661892E-32 ) ) ;
#2270 = VERTEX_POINT ( 'NONE', #8604 ) ;
#2271 = CARTESIAN_POINT ( 'NONE',  ( -29.25000000000001066, 8.049116928532391821E-16, -1.299999999999995604 ) ) ;
#2272 = SURFACE_STYLE_FILL_AREA ( #8542 ) ;
#2273 = FACE_OUTER_BOUND ( 'NONE', #273, .T. ) ;
#2274 = CIRCLE ( 'NONE', #7269, 1.500000000000000222 ) ;
#2275 = ADVANCED_FACE ( 'NONE', ( #7935, #2335 ), #5139, .F. ) ;
#2276 = CARTESIAN_POINT ( 'NONE',  ( -26.64999999999999147, 8.719111102545099357, -3.499999999999997780 ) ) ;
#2277 = ADVANCED_FACE ( 'NONE', ( #4457, #7256 ), #4057, .F. ) ;
#2278 = CARTESIAN_POINT ( 'NONE',  ( -27.20000000000000284, 9.274131101508199748, 0.2796952570154037088 ) ) ;
#2279 = VECTOR ( 'NONE', #4903, 1000.000000000000000 ) ;
#2280 = DIRECTION ( 'NONE',  ( -2.465190328815661618E-32, 2.220446049250313574E-16, 1.000000000000000000 ) ) ;
#2281 = CARTESIAN_POINT ( 'NONE',  ( -29.34495306800279124, 8.049116928532391821E-16, -0.4999999999999970024 ) ) ;
#2282 = ORIENTED_EDGE ( 'NONE', *, *, #4908, .T. ) ;
#2283 = EDGE_CURVE ( 'NONE', #1622, #2699, #965, .T. ) ;
#2284 = EDGE_CURVE ( 'NONE', #6358, #6016, #5568, .T. ) ;
#2285 = DIRECTION ( 'NONE',  ( -1.000000000000000000, -6.162975822039154730E-33, -2.465190328815661892E-32 ) ) ;
#2286 = ORIENTED_EDGE ( 'NONE', *, *, #635, .T. ) ;
#2287 = VECTOR ( 'NONE', #106, 1000.000000000000000 ) ;
#2288 = DIRECTION ( 'NONE',  ( 5.801957056841933239E-32, -0.7071067811866160735, -0.7071067811864790720 ) ) ;
#2289 = EDGE_CURVE ( 'NONE', #3831, #8381, #1980, .T. ) ;
#2290 = LINE ( 'NONE', #1580, #7332 ) ;
#2291 = ORIENTED_EDGE ( 'NONE', *, *, #2717, .F. ) ;
#2292 = CARTESIAN_POINT ( 'NONE',  ( 26.59642008161869242, 12.24013407081690019, -3.995176166926094119 ) ) ;
#2293 = AXIS2_PLACEMENT_3D ( 'NONE', #4014, #3374, #6854 ) ;
#2294 = CARTESIAN_POINT ( 'NONE',  ( 29.67999999999999972, 10.34519578245819993, -1.299999999999990496 ) ) ;
#2295 = ORIENTED_EDGE ( 'NONE', *, *, #6273, .T. ) ;
#2296 = CARTESIAN_POINT ( 'NONE',  ( 28.24999999999999645, 9.689337846835098134, -2.899999999999991029 ) ) ;
#2297 = CARTESIAN_POINT ( 'NONE',  ( -30.64999999999999503, 3.500000000000298872, -2.710795812577996511 ) ) ;
#2298 = ORIENTED_EDGE ( 'NONE', *, *, #4525, .F. ) ;
#2299 = CARTESIAN_POINT ( 'NONE',  ( 27.49999999999999645, 11.50000000000000000, -5.999999999999993783 ) ) ;
#2300 = CARTESIAN_POINT ( 'NONE',  ( 29.12499999999999645, -2.555405713625399589, 1.509999999999660947 ) ) ;
#2301 = CARTESIAN_POINT ( 'NONE',  ( -28.00000000000001066, 9.443391120976400543, -3.499999999999997780 ) ) ;
#2302 = AXIS2_PLACEMENT_3D ( 'NONE', #4893, #6866, #2649 ) ;
#2303 = ORIENTED_EDGE ( 'NONE', *, *, #186, .F. ) ;
#2304 = DIRECTION ( 'NONE',  ( 2.465190328815661345E-32, -6.137086701989279675E-49, -1.000000000000000000 ) ) ;
#2305 = CARTESIAN_POINT ( 'NONE',  ( -28.01443698531570803, 8.821320343559701627, -0.4999999999999987232 ) ) ;
#2306 = CARTESIAN_POINT ( 'NONE',  ( 27.17999999999999616, 6.890273209732502124, 0.4172889630133774230 ) ) ;
#2307 = VERTEX_POINT ( 'NONE', #8177 ) ;
#2308 = CARTESIAN_POINT ( 'NONE',  ( -28.00000000000001066, 9.443391120976400543, -3.499999999999997780 ) ) ;
#2309 = EDGE_LOOP ( 'NONE', ( #3749, #7687, #7116 ) ) ;
#2310 = CYLINDRICAL_SURFACE ( 'NONE', #2627, 0.7999999999999986011 ) ;
#2311 = CARTESIAN_POINT ( 'NONE',  ( 27.17999999999999616, 9.197444395117798877, -4.099999999999990763 ) ) ;
#2312 = PLANE ( 'NONE',  #7916 ) ;
#2313 = VERTEX_POINT ( 'NONE', #8976 ) ;
#2314 = PLANE ( 'NONE',  #1912 ) ;
#2315 = LINE ( 'NONE', #782, #6430 ) ;
#2316 = CIRCLE ( 'NONE', #4951, 0.1580968594334392630 ) ;
#2317 = LINE ( 'NONE', #5221, #1162 ) ;
#2318 = VECTOR ( 'NONE', #2003, 1000.000000000000000 ) ;
#2319 = CARTESIAN_POINT ( 'NONE',  ( 30.20775997259120160, 8.997212129574901240, -0.07314534866206291730 ) ) ;
#2320 = VERTEX_POINT ( 'NONE', #1940 ) ;
#2321 = CARTESIAN_POINT ( 'NONE',  ( 29.86999999999999389, 10.36808542494920005, -5.999999999999993783 ) ) ;
#2322 = LINE ( 'NONE', #4247, #3786 ) ;
#2323 = CARTESIAN_POINT ( 'NONE',  ( -29.02499977682786181, 8.975651883375661555, 3.541504562514735444 ) ) ;
#2324 = VECTOR ( 'NONE', #4025, 1000.000000000000114 ) ;
#2325 = CARTESIAN_POINT ( 'NONE',  ( -27.21007833725309766, 9.176758414153697530, 0.1734149822335915303 ) ) ;
#2326 = CARTESIAN_POINT ( 'NONE',  ( -29.25000000000001066, 2.478736584923501685, -1.280417883234956422 ) ) ;
#2327 = EDGE_CURVE ( 'NONE', #2963, #6412, #506, .T. ) ;
#2328 = ORIENTED_EDGE ( 'NONE', *, *, #1262, .T. ) ;
#2329 = DIRECTION ( 'NONE',  ( 3.610187651973074301E-33, 0.7071067811865470176, 0.7071067811865479058 ) ) ;
#2330 = LINE ( 'NONE', #2601, #5313 ) ;
#2331 = PRESENTATION_LAYER_ASSIGNMENT (  '', '', ( #7469 ) ) ;
#2332 = ORIENTED_EDGE ( 'NONE', *, *, #5384, .F. ) ;
#2333 = EDGE_CURVE ( 'NONE', #3299, #7483, #1328, .T. ) ;
#2334 = DIRECTION ( 'NONE',  ( -1.000000000000000000, -6.162975822039154730E-33, -2.465190328815661892E-32 ) ) ;
#2335 = FACE_OUTER_BOUND ( 'NONE', #3935, .T. ) ;
#2336 = VECTOR ( 'NONE', #596, 1000.000000000000000 ) ;
#2337 = EDGE_CURVE ( 'NONE', #1763, #4986, #1235, .T. ) ;
#2338 = ORIENTED_EDGE ( 'NONE', *, *, #929, .T. ) ;
#2339 = CARTESIAN_POINT ( 'NONE',  ( 30.75000000000000000, 8.049116928532395765E-16, -5.999999999999987566 ) ) ;
#2340 = CARTESIAN_POINT ( 'NONE',  ( 30.50000000000000000, 7.260769515458562751, 1.799999999999649658 ) ) ;
#2341 = ORIENTED_EDGE ( 'NONE', *, *, #2453, .T. ) ;
#2342 = VECTOR ( 'NONE', #5077, 1000.000000000000000 ) ;
#2343 = ADVANCED_FACE ( 'NONE', ( #2021 ), #4799, .T. ) ;
#2344 = VECTOR ( 'NONE', #4018, 1000.000000000000000 ) ;
#2345 = DIRECTION ( 'NONE',  ( 2.826209094012968775E-32, 0.7071067811865481278, 0.7071067811865470176 ) ) ;
#2346 = DIRECTION ( 'NONE',  ( -1.000000000000000000, -6.162975822039154730E-33, -2.465190328815661892E-32 ) ) ;
#2347 = FACE_OUTER_BOUND ( 'NONE', #5559, .T. ) ;
#2348 = DIRECTION ( 'NONE',  ( -1.936050386532797621E-31, 0.7071067811865475727, 0.7071067811865474617 ) ) ;
#2349 = ADVANCED_FACE ( 'NONE', ( #4709 ), #7661, .T. ) ;
#2350 = VECTOR ( 'NONE', #968, 1000.000000000000000 ) ;
#2351 = VECTOR ( 'NONE', #8484, 1000.000000000000000 ) ;
#2352 = ORIENTED_EDGE ( 'NONE', *, *, #8547, .F. ) ;
#2353 = ORIENTED_EDGE ( 'NONE', *, *, #1836, .F. ) ;
#2354 = LINE ( 'NONE', #5248, #5566 ) ;
#2355 = SURFACE_STYLE_FILL_AREA ( #1058 ) ;
#2356 = CARTESIAN_POINT ( 'NONE',  ( 29.34625566823699572, 12.59999999999999964, -3.768085424949194628 ) ) ;
#2357 = ORIENTED_EDGE ( 'NONE', *, *, #6733, .T. ) ;
#2358 = ORIENTED_EDGE ( 'NONE', *, *, #5384, .T. ) ;
#2359 =( NAMED_UNIT ( * ) PLANE_ANGLE_UNIT ( ) SI_UNIT ( $, .RADIAN. ) );
#2360 =( GEOMETRIC_REPRESENTATION_CONTEXT ( 3 ) GLOBAL_UNCERTAINTY_ASSIGNED_CONTEXT ( ( #1944 ) ) GLOBAL_UNIT_ASSIGNED_CONTEXT ( ( #2960, #5071, #3787 ) ) REPRESENTATION_CONTEXT ( 'NONE', 'WORKASPACE' ) );
#2361 = LINE ( 'NONE', #2715, #1681 ) ;
#2362 = CARTESIAN_POINT ( 'NONE',  ( 30.45000000000000284, 14.55735931288179863, -5.999999999999991118 ) ) ;
#2363 = VECTOR ( 'NONE', #1526, 1000.000000000000000 ) ;
#2364 = DIRECTION ( 'NONE',  ( -5.801957056841932144E-32, 0.7071067811866160735, 0.7071067811864790720 ) ) ;
#2365 =( BOUNDED_CURVE ( )  B_SPLINE_CURVE ( 3, ( #8946, #1289, #1988, #1159 ),
 .UNSPECIFIED., .F., .T. ) 
 B_SPLINE_CURVE_WITH_KNOTS ( ( 4, 4 ),
 ( 5.398241945003406705, 5.535600957510587783 ),
 .UNSPECIFIED. ) 
 CURVE ( )  GEOMETRIC_REPRESENTATION_ITEM ( )  RATIONAL_B_SPLINE_CURVE ( ( 1.000000000000000000, 0.9984283264015851866, 0.9984283264015851866, 1.000000000000000000 ) ) 
 REPRESENTATION_ITEM ( '' )  );
#2366 = ORIENTED_EDGE ( 'NONE', *, *, #1139, .F. ) ;
#2367 = DIRECTION ( 'NONE',  ( 4.005934284325450574E-31, -0.3420201433262827218, 0.9396926207856849400 ) ) ;
#2368 = DIRECTION ( 'NONE',  ( 0.9363291775690447682, -0.2482817665807339758, -0.2482817665806857643 ) ) ;
#2369 = CARTESIAN_POINT ( 'NONE',  ( 30.27091802757259842, 9.104771610286096717, 0.08503146780983704411 ) ) ;
#2370 = VERTEX_POINT ( 'NONE', #4839 ) ;
#2371 = CARTESIAN_POINT ( 'NONE',  ( 30.00000000000000000, 11.50000000000000000, -4.099999999999992539 ) ) ;
#2372 = CARTESIAN_POINT ( 'NONE',  ( 28.78999999999999559, 13.10000000000000142, -3.268085424949194184 ) ) ;
#2373 = ORIENTED_EDGE ( 'NONE', *, *, #3739, .F. ) ;
#2374 = CARTESIAN_POINT ( 'NONE',  ( -27.22355696709349715, 9.122305473327600112, 0.1072924063487534080 ) ) ;
#2375 = LINE ( 'NONE', #7827, #5290 ) ;
#2376 = ORIENTED_EDGE ( 'NONE', *, *, #4527, .T. ) ;
#2377 = LINE ( 'NONE', #8552, #4694 ) ;
#2378 = CARTESIAN_POINT ( 'NONE',  ( 29.12499999999999645, -2.900000000000299227, 1.089999999999650360 ) ) ;
#2379 = CARTESIAN_POINT ( 'NONE',  ( 27.39819595096450300, 8.851283482272501502, -0.3940040887979012196 ) ) ;
#2380 = ORIENTED_EDGE ( 'NONE', *, *, #1783, .F. ) ;
#2381 = CARTESIAN_POINT ( 'NONE',  ( 26.54174243050459836, 11.99780271866330139, -3.499999999999992895 ) ) ;
#2382 = CARTESIAN_POINT ( 'NONE',  ( 27.58491261942290507, 8.907495253651299905, -0.2459554713672585380 ) ) ;
#2383 = CARTESIAN_POINT ( 'NONE',  ( 28.24999999999999645, 12.59999999999999964, -1.799999999999992495 ) ) ;
#2384 = EDGE_CURVE ( 'NONE', #4520, #8145, #6304, .T. ) ;
#2385 = CARTESIAN_POINT ( 'NONE',  ( 27.60999760000000691, -2.797045472603198579, 1.523554220669430581 ) ) ;
#2386 = VERTEX_POINT ( 'NONE', #1891 ) ;
#2387 = DIRECTION ( 'NONE',  ( -1.000000000000000000, -6.162975822039154730E-33, -2.465190328815661892E-32 ) ) ;
#2388 = ORIENTED_EDGE ( 'NONE', *, *, #8555, .T. ) ;
#2389 = CARTESIAN_POINT ( 'NONE',  ( 29.67999999999999972, 9.443391120976400543, -3.499999999999991118 ) ) ;
#2390 = APPLICATION_CONTEXT ( 'automotive_design' ) ;
#2391 = DIRECTION ( 'NONE',  ( 0.2563072973150510303, -0.9665953493282771758, 2.460158735894685368E-16 ) ) ;
#2392 = CARTESIAN_POINT ( 'NONE',  ( 29.86999999999999389, 11.99780271866330139, -3.499999999999992895 ) ) ;
#2393 = CARTESIAN_POINT ( 'NONE',  ( 26.52358867953029531, 12.09205754721679860, -3.851763809020494200 ) ) ;
#2394 = EDGE_CURVE ( 'NONE', #4085, #8789, #2137, .T. ) ;
#2395 = ADVANCED_FACE ( 'NONE', ( #7622 ), #1192, .F. ) ;
#2396 = ORIENTED_EDGE ( 'NONE', *, *, #2837, .F. ) ;
#2397 = ORIENTED_EDGE ( 'NONE', *, *, #7391, .F. ) ;
#2398 = CARTESIAN_POINT ( 'NONE',  ( 28.10000000000000142, 10.72111025509270377, 2.078889744906690762 ) ) ;
#2399 = CARTESIAN_POINT ( 'NONE',  ( -28.02888341482930201, 8.821416308584499433, -0.4996088759915782163 ) ) ;
#2400 = PRESENTATION_STYLE_ASSIGNMENT (( #8675 ) ) ;
#2401 = ORIENTED_EDGE ( 'NONE', *, *, #3884, .T. ) ;
#2402 = EDGE_CURVE ( 'NONE', #5026, #6906, #8326, .T. ) ;
#2403 = ADVANCED_FACE ( 'NONE', ( #6126 ), #1280, .F. ) ;
#2404 = ORIENTED_EDGE ( 'NONE', *, *, #7709, .T. ) ;
#2405 = SURFACE_SIDE_STYLE ('',( #3188 ) ) ;
#2406 = CARTESIAN_POINT ( 'NONE',  ( 26.99999999999999645, 8.821320343559701627, -0.4999999999999917843 ) ) ;
#2407 = ADVANCED_FACE ( 'NONE', ( #901 ), #1590, .T. ) ;
#2408 = ORIENTED_EDGE ( 'NONE', *, *, #8240, .F. ) ;
#2409 = CARTESIAN_POINT ( 'NONE',  ( -28.96999999999999886, -3.500000000000399680, 1.509999999999661391 ) ) ;
#2410 = CARTESIAN_POINT ( 'NONE',  ( 27.37499999999999645, -1.699999999999999289, -3.598657782019488938 ) ) ;
#2411 = CARTESIAN_POINT ( 'NONE',  ( -28.40804363180319925, 12.35106456213350157, -3.988974507423900917 ) ) ;
#2412 = DIRECTION ( 'NONE',  ( -2.465190328815661345E-32, 6.137086701989279675E-49, 1.000000000000000000 ) ) ;
#2413 = DIRECTION ( 'NONE',  ( 1.000000000000000000, 6.162975822039154730E-33, 2.465190328815661892E-32 ) ) ;
#2414 = ORIENTED_EDGE ( 'NONE', *, *, #434, .T. ) ;
#2415 = CARTESIAN_POINT ( 'NONE',  ( 27.90409038026501776, 8.635475316570968118, -0.2593048600779250257 ) ) ;
#2416 = DIRECTION ( 'NONE',  ( 0.000000000000000000, 0.000000000000000000, 1.000000000000000000 ) ) ;
#2417 = AXIS2_PLACEMENT_3D ( 'NONE', #6379, #798, #5006 ) ;
#2418 = ORIENTED_EDGE ( 'NONE', *, *, #4767, .T. ) ;
#2419 = DIRECTION ( 'NONE',  ( -1.000000000000000000, -6.162975822039154730E-33, -2.465190328815661892E-32 ) ) ;
#2420 = CARTESIAN_POINT ( 'NONE',  ( -30.75000000000000000, 2.776945663413300291, -4.165468861284299606 ) ) ;
#2421 = ORIENTED_EDGE ( 'NONE', *, *, #3701, .T. ) ;
#2422 = AXIS2_PLACEMENT_3D ( 'NONE', #21, #4120, #2827 ) ;
#2423 = VECTOR ( 'NONE', #7579, 1000.000000000000114 ) ;
#2424 = DIRECTION ( 'NONE',  ( 1.000000000000000000, 6.162975822039154730E-33, 2.465190328815661892E-32 ) ) ;
#2425 = VECTOR ( 'NONE', #3327, 1000.000000000000000 ) ;
#2426 = CARTESIAN_POINT ( 'NONE',  ( 27.33483437553739392, 8.841236368605398965, -0.4265575964494516259 ) ) ;
#2427 = EDGE_LOOP ( 'NONE', ( #8452, #2159, #8375, #1585, #458 ) ) ;
#2428 = CARTESIAN_POINT ( 'NONE',  ( -27.63000000000000256, 10.36808542494920005, -6.000000000000000888 ) ) ;
#2429 = CARTESIAN_POINT ( 'NONE',  ( 27.41038674013099197, 8.853664842278501368, -0.3867188096481916637 ) ) ;
#2430 = CARTESIAN_POINT ( 'NONE',  ( -28.79999999999770210, 18.79999999999789750, -6.000000000000002665 ) ) ;
#2431 = AXIS2_PLACEMENT_3D ( 'NONE', #2308, #912, #3734 ) ;
#2432 = ORIENTED_EDGE ( 'NONE', *, *, #3966, .T. ) ;
#2433 = DIRECTION ( 'NONE',  ( -1.000000000000000000, -3.364689427464575172E-16, -1.224646799147349509E-16 ) ) ;
#2434 = FACE_OUTER_BOUND ( 'NONE', #7613, .T. ) ;
#2435 = ORIENTED_EDGE ( 'NONE', *, *, #3735, .T. ) ;
#2436 = VECTOR ( 'NONE', #8154, 1000.000000000000000 ) ;
#2437 = CARTESIAN_POINT ( 'NONE',  ( -26.74999999999885247, 8.673617379884035472E-16, -6.000000000000000000 ) ) ;
#2438 = DIRECTION ( 'NONE',  ( 1.000000000000000000, 6.162975822039154730E-33, 2.465190328815661892E-32 ) ) ;
#2439 = FACE_BOUND ( 'NONE', #5349, .T. ) ;
#2440 = VECTOR ( 'NONE', #7943, 1000.000000000000000 ) ;
#2441 = VERTEX_POINT ( 'NONE', #8475 ) ;
#2442 = ORIENTED_EDGE ( 'NONE', *, *, #8376, .T. ) ;
#2443 = CARTESIAN_POINT ( 'NONE',  ( 26.05000000000000426, 7.225050937922400607, 1.666696453860477378 ) ) ;
#2444 = SURFACE_SIDE_STYLE ('',( #2355 ) ) ;
#2445 = DIRECTION ( 'NONE',  ( -2.465190328815661345E-32, 6.137086701989279675E-49, 1.000000000000000000 ) ) ;
#2446 = ADVANCED_FACE ( 'NONE', ( #7072, #3684 ), #8521, .T. ) ;
#2447 = ORIENTED_EDGE ( 'NONE', *, *, #1836, .T. ) ;
#2448 = VERTEX_POINT ( 'NONE', #2300 ) ;
#2449 = EDGE_CURVE ( 'NONE', #4280, #1695, #6527, .T. ) ;
#2450 = CARTESIAN_POINT ( 'NONE',  ( -31.32000000000000028, 4.100000000000399325, -5.999999999999999112 ) ) ;
#2451 = DIRECTION ( 'NONE',  ( -6.162975822039150624E-33, 1.000000000000000000, -2.220446049250313574E-16 ) ) ;
#2452 =( NAMED_UNIT ( * ) PLANE_ANGLE_UNIT ( ) SI_UNIT ( $, .RADIAN. ) );
#2453 = EDGE_CURVE ( 'NONE', #6031, #3066, #132, .T. ) ;
#2454 = PLANE ( 'NONE',  #3088 ) ;
#2455 = ORIENTED_EDGE ( 'NONE', *, *, #1579, .F. ) ;
#2456 = PLANE ( 'NONE',  #1024 ) ;
#2457 = CARTESIAN_POINT ( 'NONE',  ( 26.58491347926860016, 12.37513359952590086, -3.978777472404094517 ) ) ;
#2458 = ADVANCED_FACE ( 'NONE', ( #2990 ), #7702, .F. ) ;
#2459 = CARTESIAN_POINT ( 'NONE',  ( 30.75000000000000000, 11.50000000000000000, -5.999999999999990230 ) ) ;
#2460 = CARTESIAN_POINT ( 'NONE',  ( 30.16802787918629392, 8.959014901772800243, -0.1403540384536123287 ) ) ;
#2461 = ORIENTED_EDGE ( 'NONE', *, *, #6946, .F. ) ;
#2462 = EDGE_CURVE ( 'NONE', #7081, #3534, #2104, .T. ) ;
#2463 = CARTESIAN_POINT ( 'NONE',  ( -30.64999999999999503, 2.223807899774399299, -3.774095203657398034 ) ) ;
#2464 = CARTESIAN_POINT ( 'NONE',  ( -27.70399149855239074, -3.500000000000399680, 1.431008501447222026 ) ) ;
#2465 = ADVANCED_FACE ( 'NONE', ( #3546 ), #3727, .F. ) ;
#2466 = STYLED_ITEM ( 'NONE', ( #6330 ), #5152 ) ;
#2467 = ORIENTED_EDGE ( 'NONE', *, *, #8329, .T. ) ;
#2468 = CARTESIAN_POINT ( 'NONE',  ( -27.44415192829920258, 8.894833018026103488, -0.2755237566648156000 ) ) ;
#2469 = VECTOR ( 'NONE', #426, 1000.000000000000000 ) ;
#2470 = ORIENTED_EDGE ( 'NONE', *, *, #529, .T. ) ;
#2471 = LINE ( 'NONE', #4592, #8466 ) ;
#2472 = VERTEX_POINT ( 'NONE', #4917 ) ;
#2473 = AXIS2_PLACEMENT_3D ( 'NONE', #1557, #4189, #3511 ) ;
#2474 = LINE ( 'NONE', #5287, #2755 ) ;
#2475 = CARTESIAN_POINT ( 'NONE',  ( 27.55584807170069439, 8.894833018026103488, -0.2755237566648086611 ) ) ;
#2476 = AXIS2_PLACEMENT_3D ( 'NONE', #6059, #1216, #4036 ) ;
#2477 = DIRECTION ( 'NONE',  ( -6.162975822039150624E-33, 1.000000000000000000, -2.220446049250313574E-16 ) ) ;
#2478 = COLOUR_RGB ( '',0.9490196078431372140, 0.9490196078431372140, 1.000000000000000000 ) ;
#2479 = VECTOR ( 'NONE', #4219, 1000.000000000000114 ) ;
#2480 = ORIENTED_EDGE ( 'NONE', *, *, #4016, .F. ) ;
#2481 = FACE_OUTER_BOUND ( 'NONE', #8247, .T. ) ;
#2482 = ORIENTED_EDGE ( 'NONE', *, *, #6173, .F. ) ;
#2483 = CYLINDRICAL_SURFACE ( 'NONE', #3844, 0.2107958125779989811 ) ;
#2484 = DIRECTION ( 'NONE',  ( -0.9363291775690447682, -0.2482817665807340590, -0.2482817665806859586 ) ) ;
#2485 = MECHANICAL_DESIGN_GEOMETRIC_PRESENTATION_REPRESENTATION (  '', ( #1294 ), #3377 ) ;
#2486 = CARTESIAN_POINT ( 'NONE',  ( 26.52701994962679422, 12.09509438087040145, -3.862231087421594822 ) ) ;
#2487 = ORIENTED_EDGE ( 'NONE', *, *, #7352, .T. ) ;
#2488 = EDGE_LOOP ( 'NONE', ( #1438, #5398 ) ) ;
#2489 = CARTESIAN_POINT ( 'NONE',  ( 27.17999999999999616, 11.99780271866330139, -3.499999999999992895 ) ) ;
#2490 = CARTESIAN_POINT ( 'NONE',  ( -28.58491261942360140, 8.907495253651601885, -0.2459554713665368930 ) ) ;
#2491 = DIRECTION ( 'NONE',  ( 0.3247461304923763281, -0.3434588883340327081, -0.8812354638543429264 ) ) ;
#2492 = CIRCLE ( 'NONE', #4389, 1.500000000000000222 ) ;
#2493 = ORIENTED_EDGE ( 'NONE', *, *, #7723, .F. ) ;
#2494 = CIRCLE ( 'NONE', #3958, 0.9511835740451989318 ) ;
#2495 = ORIENTED_EDGE ( 'NONE', *, *, #3078, .T. ) ;
#2496 = CARTESIAN_POINT ( 'NONE',  ( -27.99999999999999645, 0.3000000000000024869, 1.299999999999662981 ) ) ;
#2497 = LINE ( 'NONE', #3738, #6297 ) ;
#2498 =( NAMED_UNIT ( * ) SI_UNIT ( $, .STERADIAN. ) SOLID_ANGLE_UNIT ( ) );
#2499 = VECTOR ( 'NONE', #7448, 1000.000000000000227 ) ;
#2500 = AXIS2_PLACEMENT_3D ( 'NONE', #5906, #1559, #3841 ) ;
#2501 = AXIS2_PLACEMENT_3D ( 'NONE', #7027, #3991, #521 ) ;
#2502 = CARTESIAN_POINT ( 'NONE',  ( -28.29600850144760216, -3.500000000000399680, 1.431008501447222026 ) ) ;
#2503 = ADVANCED_FACE ( 'NONE', ( #853 ), #2849, .T. ) ;
#2504 = ORIENTED_EDGE ( 'NONE', *, *, #5530, .T. ) ;
#2505 = DIRECTION ( 'NONE',  ( 0.9363291775690447682, -0.2482817665807339758, -0.2482817665806857643 ) ) ;
#2506 = FACE_OUTER_BOUND ( 'NONE', #336, .T. ) ;
#2507 = CARTESIAN_POINT ( 'NONE',  ( -30.75000000000000000, 1.430721185162600717, -3.944843712904794408 ) ) ;
#2508 = CIRCLE ( 'NONE', #6900, 0.2107958125779989811 ) ;
#2509 = CARTESIAN_POINT ( 'NONE',  ( 30.18887253694249750, 8.977446171827802246, -0.1069672005114211816 ) ) ;
#2510 = ORIENTED_EDGE ( 'NONE', *, *, #3413, .F. ) ;
#2511 = CARTESIAN_POINT ( 'NONE',  ( 26.88999999999999702, 13.10000000000000142, -5.999999999999993783 ) ) ;
#2512 = CARTESIAN_POINT ( 'NONE',  ( 26.53031039130489432, 8.866953778768900563, -0.3477592312580105594 ) ) ;
#2513 = LINE ( 'NONE', #8014, #554 ) ;
#2514 = CARTESIAN_POINT ( 'NONE',  ( 30.13332648821199911, 6.890273209732502124, 0.4172889630133774230 ) ) ;
#2515 = EDGE_CURVE ( 'NONE', #1086, #8393, #7848, .T. ) ;
#2516 = VECTOR ( 'NONE', #7301, 1000.000000000000000 ) ;
#2517 = EDGE_CURVE ( 'NONE', #1880, #6772, #4802, .T. ) ;
#2518 = VERTEX_POINT ( 'NONE', #5104 ) ;
#2519 = EDGE_CURVE ( 'NONE', #5381, #8903, #7291, .T. ) ;
#2520 = CARTESIAN_POINT ( 'NONE',  ( -27.37906996038010021, 8.926074539761998494, -0.2051556597727991482 ) ) ;
#2521 = ORIENTED_EDGE ( 'NONE', *, *, #4871, .F. ) ;
#2522 = ORIENTED_EDGE ( 'NONE', *, *, #6729, .F. ) ;
#2523 = EDGE_CURVE ( 'NONE', #7532, #1822, #87, .T. ) ;
#2524 = VECTOR ( 'NONE', #6020, 1000.000000000000000 ) ;
#2525 = CARTESIAN_POINT ( 'NONE',  ( -27.69999999999950191, 9.197444395117798877, -4.099999999999997868 ) ) ;
#2526 = EDGE_CURVE ( 'NONE', #3689, #4551, #762, .T. ) ;
#2527 = FILL_AREA_STYLE ('',( #1127 ) ) ;
#2528 = ORIENTED_EDGE ( 'NONE', *, *, #7832, .T. ) ;
#2529 = CARTESIAN_POINT ( 'NONE',  ( -27.20000000000000284, 10.89721792224629660, 1.902782077753141232 ) ) ;
#2530 = VERTEX_POINT ( 'NONE', #3955 ) ;
#2531 = CARTESIAN_POINT ( 'NONE',  ( -28.79999999999770210, 11.50000000000000000, -6.000000000000000888 ) ) ;
#2532 = DIRECTION ( 'NONE',  ( -1.224646799147350249E-16, -1.399777696666349997E-15, 1.000000000000000000 ) ) ;
#2533 = CARTESIAN_POINT ( 'NONE',  ( -30.64999999999999503, 3.174991473819500420, -4.323565720717696514 ) ) ;
#2534 = VERTEX_POINT ( 'NONE', #8124 ) ;
#2535 = ORIENTED_EDGE ( 'NONE', *, *, #2233, .F. ) ;
#2536 = LINE ( 'NONE', #4746, #844 ) ;
#2537 = CARTESIAN_POINT ( 'NONE',  ( -28.41038674013150711, 8.853664842278600844, -0.3867188096478655357 ) ) ;
#2538 = ORIENTED_EDGE ( 'NONE', *, *, #7653, .F. ) ;
#2539 = LINE ( 'NONE', #5309, #7909 ) ;
#2540 = VERTEX_POINT ( 'NONE', #8701 ) ;
#2541 = PLANE ( 'NONE',  #2859 ) ;
#2542 = ORIENTED_EDGE ( 'NONE', *, *, #2608, .F. ) ;
#2543 = CARTESIAN_POINT ( 'NONE',  ( 27.17999999999999616, 11.99780271866330139, -3.499999999999992895 ) ) ;
#2544 = LINE ( 'NONE', #8231, #7040 ) ;
#2545 = CARTESIAN_POINT ( 'NONE',  ( -29.25000000000001066, 8.049116928532391821E-16, -3.499999999999996003 ) ) ;
#2546 = DIRECTION ( 'NONE',  ( 0.000000000000000000, 0.000000000000000000, 1.000000000000000000 ) ) ;
#2547 = ORIENTED_EDGE ( 'NONE', *, *, #6946, .T. ) ;
#2548 = ORIENTED_EDGE ( 'NONE', *, *, #2787, .T. ) ;
#2549 = DIRECTION ( 'NONE',  ( -1.000000000000000000, -6.162975822039154730E-33, -2.465190328815661892E-32 ) ) ;
#2550 = DIRECTION ( 'NONE',  ( 1.000000000000000000, 6.162975822039154730E-33, 2.465190328815661892E-32 ) ) ;
#2551 = ORIENTED_EDGE ( 'NONE', *, *, #5553, .F. ) ;
#2552 = CARTESIAN_POINT ( 'NONE',  ( -27.47506380384960423, 8.883391849895300396, -0.3038543545001801682 ) ) ;
#2553 = DIRECTION ( 'NONE',  ( -3.335559729097691015E-32, 1.000000000000000000, -3.943844354434941479E-48 ) ) ;
#2554 = ORIENTED_EDGE ( 'NONE', *, *, #6497, .T. ) ;
#2555 = ADVANCED_FACE ( 'NONE', ( #2347 ), #8668, .F. ) ;
#2556 = CARTESIAN_POINT ( 'NONE',  ( 26.05000000000000426, 8.049116928532395765E-16, 8.557359312876911872 ) ) ;
#2557 = VERTEX_POINT ( 'NONE', #5889 ) ;
#2558 = CARTESIAN_POINT ( 'NONE',  ( -28.96999999999999886, -1.282735425143100461, 0.9035750026408430058 ) ) ;
#2559 = EDGE_CURVE ( 'NONE', #719, #8221, #8032, .T. ) ;
#2560 = CIRCLE ( 'NONE', #4479, 0.5000000000000004441 ) ;
#2561 =( GEOMETRIC_REPRESENTATION_CONTEXT ( 3 ) GLOBAL_UNCERTAINTY_ASSIGNED_CONTEXT ( ( #6344 ) ) GLOBAL_UNIT_ASSIGNED_CONTEXT ( ( #5060, #3590, #3456 ) ) REPRESENTATION_CONTEXT ( 'NONE', 'WORKASPACE' ) );
#2562 = ADVANCED_FACE ( 'NONE', ( #3873 ), #3091, .F. ) ;
#2563 = VERTEX_POINT ( 'NONE', #5197 ) ;
#2564 = FACE_OUTER_BOUND ( 'NONE', #5400, .T. ) ;
#2565 = ORIENTED_EDGE ( 'NONE', *, *, #5095, .F. ) ;
#2566 = DIRECTION ( 'NONE',  ( -3.610187651973906322E-33, -0.7071067811864790720, 0.7071067811866160735 ) ) ;
#2567 = CARTESIAN_POINT ( 'NONE',  ( 29.50000000000000000, 9.999999999999998224, 2.799999999999551292 ) ) ;
#2568 = EDGE_CURVE ( 'NONE', #6071, #5718, #1793, .T. ) ;
#2569 = VECTOR ( 'NONE', #5631, 1000.000000000000000 ) ;
#2570 = EDGE_CURVE ( 'NONE', #4512, #8772, #3133, .T. ) ;
#2571 = AXIS2_PLACEMENT_3D ( 'NONE', #7208, #1577, #3030 ) ;
#2572 = CARTESIAN_POINT ( 'NONE',  ( 26.55062229477969638, 12.12447153023130042, -3.919445959349791231 ) ) ;
#2573 = ORIENTED_EDGE ( 'NONE', *, *, #4094, .T. ) ;
#2574 = ORIENTED_EDGE ( 'NONE', *, *, #6331, .T. ) ;
#2575 = CARTESIAN_POINT ( 'NONE',  ( 28.24999999999999645, 8.049116928532395765E-16, -2.899999999999989253 ) ) ;
#2576 = CARTESIAN_POINT ( 'NONE',  ( -28.48099992741311226, 8.870049089596800940, -0.3392488324806767208 ) ) ;
#2577 = PLANE ( 'NONE',  #5107 ) ;
#2578 = MECHANICAL_DESIGN_GEOMETRIC_PRESENTATION_REPRESENTATION (  '', ( #3903 ), #6830 ) ;
#2579 = ORIENTED_EDGE ( 'NONE', *, *, #1766, .T. ) ;
#2580 = EDGE_LOOP ( 'NONE', ( #5172, #5690, #2016, #3507, #7997, #4502, #4139, #4442, #2841, #4383, #5430, #8975 ) ) ;
#2581 = CARTESIAN_POINT ( 'NONE',  ( 25.74999999999999645, 12.28524271247460220, -3.999999999999993339 ) ) ;
#2582 = SURFACE_STYLE_USAGE ( .BOTH. , #6081 ) ;
#2583 = AXIS2_PLACEMENT_3D ( 'NONE', #7882, #4952, #6342 ) ;
#2584 = ORIENTED_EDGE ( 'NONE', *, *, #8262, .F. ) ;
#2585 = DIRECTION ( 'NONE',  ( 1.000000000000000000, 6.162975822039154730E-33, 2.465190328815661892E-32 ) ) ;
#2586 = DIRECTION ( 'NONE',  ( 6.656013887802287108E-31, 0.1305261922200520452, -0.9914448613738103822 ) ) ;
#2587 = CARTESIAN_POINT ( 'NONE',  ( 26.20000000000230500, 11.50000000000000000, 1.299999999999277511 ) ) ;
#2588 = CARTESIAN_POINT ( 'NONE',  ( -28.42584005948269166, 12.40261374011299900, -3.962065322160899239 ) ) ;
#2589 = DIRECTION ( 'NONE',  ( -6.162975822039150624E-33, 1.000000000000000000, -2.220446049250313574E-16 ) ) ;
#2590 = VECTOR ( 'NONE', #4750, 1000.000000000000000 ) ;
#2591 = ORIENTED_EDGE ( 'NONE', *, *, #5029, .F. ) ;
#2592 = ORIENTED_EDGE ( 'NONE', *, *, #928, .F. ) ;
#2593 = CARTESIAN_POINT ( 'NONE',  ( 26.42466885169819690, 8.903206040094101326, -0.2558723502691321317 ) ) ;
#2594 = CARTESIAN_POINT ( 'NONE',  ( -30.75000000000000000, 0.8250085261886024313, -5.000185169558794662 ) ) ;
#2595 = LINE ( 'NONE', #8149, #8482 ) ;
#2596 = ORIENTED_EDGE ( 'NONE', *, *, #6605, .T. ) ;
#2597 = PLANE ( 'NONE',  #7028 ) ;
#2598 = CARTESIAN_POINT ( 'NONE',  ( -27.94227252064469980, 8.821801823924001695, -0.4980452020267190361 ) ) ;
#2599 = DIRECTION ( 'NONE',  ( 1.000000000000000000, 6.162975822039154730E-33, 2.465190328815661345E-32 ) ) ;
#2600 = ORIENTED_EDGE ( 'NONE', *, *, #6990, .F. ) ;
#2601 = CARTESIAN_POINT ( 'NONE',  ( 28.10000000000000142, 18.79999999999789750, -5.999999999999995559 ) ) ;
#2602 = CARTESIAN_POINT ( 'NONE',  ( 27.37000000000000455, 9.499263426672799326, -3.363696565584393117 ) ) ;
#2603 = EDGE_LOOP ( 'NONE', ( #5074, #6092, #1019, #1340 ) ) ;
#2604 = CARTESIAN_POINT ( 'NONE',  ( 28.54999999999999361, 10.53798004549439860, 1.696334529555780124 ) ) ;
#2605 = DIRECTION ( 'NONE',  ( -2.465190328815661345E-32, 6.137086701989279675E-49, 1.000000000000000000 ) ) ;
#2606 = CARTESIAN_POINT ( 'NONE',  ( 27.17999999999999616, 12.59999999999999964, -3.768085424949194628 ) ) ;
#2607 =( BOUNDED_CURVE ( )  B_SPLINE_CURVE ( 3, ( #8840, #8888, #3883, #6681 ),
 .UNSPECIFIED., .F., .T. ) 
 B_SPLINE_CURVE_WITH_KNOTS ( ( 4, 4 ),
 ( 3.141592653589793116, 3.715422812395853480 ),
 .UNSPECIFIED. ) 
 CURVE ( )  GEOMETRIC_REPRESENTATION_ITEM ( )  RATIONAL_B_SPLINE_CURVE ( ( 1.000000000000000000, 0.9727476362330333970, 0.9727476362330333970, 1.000000000000000000 ) ) 
 REPRESENTATION_ITEM ( '' )  );
#2608 = EDGE_CURVE ( 'NONE', #338, #2540, #1834, .T. ) ;
#2609 = EDGE_CURVE ( 'NONE', #1222, #4198, #5149, .T. ) ;
#2610 = ORIENTED_EDGE ( 'NONE', *, *, #8826, .T. ) ;
#2611 = PLANE ( 'NONE',  #5425 ) ;
#2612 = CARTESIAN_POINT ( 'NONE',  ( 29.06542885562139844, 8.858593335528498258, -0.3718254155900216906 ) ) ;
#2613 = ORIENTED_EDGE ( 'NONE', *, *, #2620, .T. ) ;
#2614 = COLOUR_RGB ( '',0.7921568627450980005, 0.8196078431372548767, 0.9333333333333333481 ) ;
#2615 = LINE ( 'NONE', #3312, #5466 ) ;
#2616 = FACE_OUTER_BOUND ( 'NONE', #8004, .T. ) ;
#2617 = AXIS2_PLACEMENT_3D ( 'NONE', #5832, #2348, #7123 ) ;
#2618 = CARTESIAN_POINT ( 'NONE',  ( -29.25000000000001066, 9.443391120976400543, -3.499999999999997780 ) ) ;
#2619 = VECTOR ( 'NONE', #1164, 1000.000000000000000 ) ;
#2620 = EDGE_CURVE ( 'NONE', #4648, #1458, #268, .T. ) ;
#2621 = ORIENTED_EDGE ( 'NONE', *, *, #5448, .T. ) ;
#2622 = EDGE_CURVE ( 'NONE', #6165, #2675, #8617, .T. ) ;
#2623 = ORIENTED_EDGE ( 'NONE', *, *, #1844, .F. ) ;
#2624 = CARTESIAN_POINT ( 'NONE',  ( 26.88999999999999702, 13.10000000000000142, -7.200002399999990921 ) ) ;
#2625 = CARTESIAN_POINT ( 'NONE',  ( -28.17156877314959473, 8.826012422144900782, -0.4813860480453405755 ) ) ;
#2626 = EDGE_CURVE ( 'NONE', #3432, #7202, #4464, .T. ) ;
#2627 = AXIS2_PLACEMENT_3D ( 'NONE', #5116, #6539, #228 ) ;
#2628 = ORIENTED_EDGE ( 'NONE', *, *, #261, .F. ) ;
#2629 = EDGE_CURVE ( 'NONE', #7982, #219, #4885, .T. ) ;
#2630 = PLANE ( 'NONE',  #5786 ) ;
#2631 = PRESENTATION_STYLE_ASSIGNMENT (( #2582 ) ) ;
#2632 = MECHANICAL_DESIGN_GEOMETRIC_PRESENTATION_REPRESENTATION (  '', ( #4386 ), #5126 ) ;
#2633 = VECTOR ( 'NONE', #6511, 1000.000000000000000 ) ;
#2634 = ORIENTED_EDGE ( 'NONE', *, *, #6208, .F. ) ;
#2635 = CARTESIAN_POINT ( 'NONE',  ( -30.75000000000000000, 2.223807899774399299, -4.055156287094595413 ) ) ;
#2636 = DIRECTION ( 'NONE',  ( 2.465190328815661892E-32, -6.137086701989279675E-49, -1.000000000000000000 ) ) ;
#2637 = DIRECTION ( 'NONE',  ( 0.000000000000000000, 0.000000000000000000, 1.000000000000000000 ) ) ;
#2638 = CARTESIAN_POINT ( 'NONE',  ( 25.74999999999999645, 13.10000000000000142, -3.268085424949194184 ) ) ;
#2639 = CARTESIAN_POINT ( 'NONE',  ( 30.18208637139639805, 7.999999999999497291, -0.4999999999999917843 ) ) ;
#2640 = ORIENTED_EDGE ( 'NONE', *, *, #2686, .T. ) ;
#2641 = VERTEX_POINT ( 'NONE', #1136 ) ;
#2642 = VECTOR ( 'NONE', #3743, 1000.000000000000000 ) ;
#2643 = CARTESIAN_POINT ( 'NONE',  ( 26.22908197242709960, 9.104771610286897854, 0.08503146781085706152 ) ) ;
#2644 = LINE ( 'NONE', #5465, #6581 ) ;
#2645 = PRESENTATION_LAYER_ASSIGNMENT (  '', '', ( #5709 ) ) ;
#2646 = DIRECTION ( 'NONE',  ( 1.000000000000000000, 6.162975822039154730E-33, 2.465190328815661345E-32 ) ) ;
#2647 = VECTOR ( 'NONE', #3252, 1000.000000000000000 ) ;
#2648 = ORIENTED_EDGE ( 'NONE', *, *, #6932, .T. ) ;
#2649 = DIRECTION ( 'NONE',  ( -1.000000000000000000, -6.162975822039154730E-33, -2.465190328815661892E-32 ) ) ;
#2650 = CARTESIAN_POINT ( 'NONE',  ( -30.75000000000000000, 0.9831053856220991483, -4.323565720717695626 ) ) ;
#2651 = ORIENTED_EDGE ( 'NONE', *, *, #5275, .F. ) ;
#2652 = DIRECTION ( 'NONE',  ( -1.000000000000000000, -6.162975822039154730E-33, -2.465190328815661892E-32 ) ) ;
#2653 = CARTESIAN_POINT ( 'NONE',  ( 29.70431987793739737, 7.492889638489399928, -1.007110361510141550 ) ) ;
#2654 = LINE ( 'NONE', #8071, #945 ) ;
#2655 = AXIS2_PLACEMENT_3D ( 'NONE', #2089, #4900, #2134 ) ;
#2656 = VECTOR ( 'NONE', #4359, 1000.000000000000000 ) ;
#2657 = CARTESIAN_POINT ( 'NONE',  ( -30.64999999999999503, 3.016894614386100848, -5.158282028992295487 ) ) ;
#2658 = ORIENTED_EDGE ( 'NONE', *, *, #3246, .T. ) ;
#2659 = PLANE ( 'NONE',  #5849 ) ;
#2660 = CARTESIAN_POINT ( 'NONE',  ( -27.63000000000000256, 12.59999999999999964, -1.299999999999999156 ) ) ;
#2661 = ORIENTED_EDGE ( 'NONE', *, *, #4908, .F. ) ;
#2662 = FACE_OUTER_BOUND ( 'NONE', #2666, .T. ) ;
#2663 = DIRECTION ( 'NONE',  ( -1.000000000000000000, -6.162975822039154730E-33, -2.465190328815661892E-32 ) ) ;
#2664 = DIRECTION ( 'NONE',  ( 1.224646799147350249E-16, 1.410381911693479320E-49, -1.000000000000000000 ) ) ;
#2665 = DIRECTION ( 'NONE',  ( 1.000000000000000000, 6.162975822039154730E-33, 2.465190328815661892E-32 ) ) ;
#2666 = EDGE_LOOP ( 'NONE', ( #632, #7886, #2855, #1882 ) ) ;
#2667 = ORIENTED_EDGE ( 'NONE', *, *, #969, .F. ) ;
#2668 = CARTESIAN_POINT ( 'NONE',  ( 27.95000000000000284, 10.53798004549439860, 1.696334529555780124 ) ) ;
#2669 = CARTESIAN_POINT ( 'NONE',  ( -28.45812972425910914, 8.864047594714101308, -0.3559867545350567930 ) ) ;
#2670 = CARTESIAN_POINT ( 'NONE',  ( 29.39000000000000057, 13.10000000000000142, -1.799999999999992495 ) ) ;
#2671 = ORIENTED_EDGE ( 'NONE', *, *, #2620, .F. ) ;
#2672 = CARTESIAN_POINT ( 'NONE',  ( -30.64999999999999503, 3.016894614386100848, -3.786746853471398389 ) ) ;
#2673 = EDGE_CURVE ( 'NONE', #937, #4730, #6579, .T. ) ;
#2674 = VECTOR ( 'NONE', #1379, 1000.000000000000000 ) ;
#2675 = VERTEX_POINT ( 'NONE', #4513 ) ;
#2676 = CARTESIAN_POINT ( 'NONE',  ( -28.11000000000001009, 13.10000000000000142, -3.212250064070099942 ) ) ;
#2677 = CARTESIAN_POINT ( 'NONE',  ( -30.64999999999999503, 1.670670136135498751, -4.323565720717695626 ) ) ;
#2678 = CARTESIAN_POINT ( 'NONE',  ( 30.45000000000000284, 10.53798004549439860, 1.696334529555780124 ) ) ;
#2679 = CYLINDRICAL_SURFACE ( 'NONE', #248, 0.4567242605855179605 ) ;
#2680 = EDGE_CURVE ( 'NONE', #847, #8718, #1000, .T. ) ;
#2681 = CARTESIAN_POINT ( 'NONE',  ( 26.13865640099375298, 8.559871567362225875, -0.3786495085142718708 ) ) ;
#2682 = CARTESIAN_POINT ( 'NONE',  ( 29.12499999999999645, -0.8445942863764986930, 1.509999999999660947 ) ) ;
#2683 = ORIENTED_EDGE ( 'NONE', *, *, #4185, .F. ) ;
#2684 = EDGE_LOOP ( 'NONE', ( #369, #1572, #3729, #8667, #1154, #7656, #2900, #6240, #6005, #4911 ) ) ;
#2685 = CARTESIAN_POINT ( 'NONE',  ( -27.81999999999999673, 12.59999999999999964, -1.299999999999999156 ) ) ;
#2686 = EDGE_CURVE ( 'NONE', #8913, #2819, #314, .T. ) ;
#2687 = ORIENTED_EDGE ( 'NONE', *, *, #1594, .T. ) ;
#2688 = CYLINDRICAL_SURFACE ( 'NONE', #73, 0.1580968594332996247 ) ;
#2689 = DIRECTION ( 'NONE',  ( -1.224646799147350249E-16, -1.399777696666349997E-15, 1.000000000000000000 ) ) ;
#2690 = DIRECTION ( 'NONE',  ( -4.930380657631324879E-32, -0.9659258262890683122, -0.2588190451025209060 ) ) ;
#2691 = ORIENTED_EDGE ( 'NONE', *, *, #8280, .F. ) ;
#2692 = DIRECTION ( 'NONE',  ( -6.162975822039150624E-33, 1.000000000000000000, -2.220446049250313574E-16 ) ) ;
#2693 = DIRECTION ( 'NONE',  ( 0.000000000000000000, 0.000000000000000000, 1.000000000000000000 ) ) ;
#2694 = CARTESIAN_POINT ( 'NONE',  ( 28.24999999999999645, 13.10000000000000142, -1.299999999999992051 ) ) ;
#2695 = B_SPLINE_CURVE_WITH_KNOTS ( 'NONE', 3,
 ( #4485, #158, #7280, #972, #6598, #6505, #8683, #2966, #1711, #7328, #2411, #8007, #8539, #4381, #3707, #8053, #7462, #6132, #5266, #2588, #1199, #1158, #4020, #514, #3980 ),
 .UNSPECIFIED., .F., .F.,
 ( 4, 3, 3, 3, 3, 3, 3, 3, 4 ),
 ( 0.000000000000000000, 0.02029243543155019938, 0.04059870490896089895, 0.06088840776782671049, 0.08121597412510210556, 0.1015095518334160063, 0.1218725907286720006, 0.1422643074875500069, 0.1625872650114450202 ),
 .UNSPECIFIED. ) ;
#2696 = EDGE_LOOP ( 'NONE', ( #1564, #3108, #2404 ) ) ;
#2697 = CARTESIAN_POINT ( 'NONE',  ( 27.96999999999999531, -3.500000000000399680, -3.910000000000392273 ) ) ;
#2698 = CARTESIAN_POINT ( 'NONE',  ( 29.25891704890730338, 8.830888375319499772, -0.4629458469277095700 ) ) ;
#2699 = VERTEX_POINT ( 'NONE', #1051 ) ;
#2700 = SURFACE_STYLE_USAGE ( .BOTH. , #1519 ) ;
#2701 = LINE ( 'NONE', #707, #4533 ) ;
#2702 = CARTESIAN_POINT ( 'NONE',  ( 29.78190571124160613, 8.834786822486000446, -0.4488229693553110744 ) ) ;
#2703 = CARTESIAN_POINT ( 'NONE',  ( 28.24999999999999645, 13.10000000000000142, -5.999999999999993783 ) ) ;
#2704 =( BOUNDED_CURVE ( )  B_SPLINE_CURVE ( 3, ( #8211, #1354, #496, #8293 ),
 .UNSPECIFIED., .F., .T. ) 
 B_SPLINE_CURVE_WITH_KNOTS ( ( 4, 4 ),
 ( 0.8849433621761485513, 1.003521876353285824 ),
 .UNSPECIFIED. ) 
 CURVE ( )  GEOMETRIC_REPRESENTATION_ITEM ( )  RATIONAL_B_SPLINE_CURVE ( ( 1.000000000000000000, 0.9988286045339554997, 0.9988286045339554997, 1.000000000000000000 ) ) 
 REPRESENTATION_ITEM ( '' )  );
#2705 = ORIENTED_EDGE ( 'NONE', *, *, #5601, .T. ) ;
#2706 = DIRECTION ( 'NONE',  ( 5.419629982065157019E-33, 0.9396926207859075397, -0.3420201433256709889 ) ) ;
#2707 = ORIENTED_EDGE ( 'NONE', *, *, #311, .T. ) ;
#2708 = DIRECTION ( 'NONE',  ( 6.162975822039150624E-33, -1.000000000000000000, 2.220446049250313574E-16 ) ) ;
#2709 =( LENGTH_UNIT ( ) NAMED_UNIT ( * ) SI_UNIT ( .MILLI., .METRE. ) );
#2710 = VECTOR ( 'NONE', #3427, 1000.000000000000114 ) ;
#2711 = ORIENTED_EDGE ( 'NONE', *, *, #8379, .F. ) ;
#2712 = CARTESIAN_POINT ( 'NONE',  ( 29.86999999999999389, 8.049116928532395765E-16, -3.499999999999989342 ) ) ;
#2713 = DIRECTION ( 'NONE',  ( 1.000000000000000000, 6.162975822039154730E-33, 2.465190328815661892E-32 ) ) ;
#2714 = CARTESIAN_POINT ( 'NONE',  ( 27.37000000000000455, 12.66767569974110152, -5.999999999999993783 ) ) ;
#2715 = CARTESIAN_POINT ( 'NONE',  ( 27.17999999999999616, 11.50000000000000000, 1.299999999999277511 ) ) ;
#2716 = VECTOR ( 'NONE', #3310, 1000.000000000000000 ) ;
#2717 = EDGE_CURVE ( 'NONE', #127, #6988, #6669, .T. ) ;
#2718 = ORIENTED_EDGE ( 'NONE', *, *, #5327, .F. ) ;
#2719 = FACE_OUTER_BOUND ( 'NONE', #5685, .T. ) ;
#2720 = DIRECTION ( 'NONE',  ( -3.335559729097691015E-32, 1.000000000000000000, -3.943844354434941479E-48 ) ) ;
#2721 = CARTESIAN_POINT ( 'NONE',  ( -30.75000000000000000, 0.8250085261886024313, -4.323565720717695626 ) ) ;
#2722 = DIRECTION ( 'NONE',  ( -1.000000000000000000, -6.162975822039154730E-33, -2.465190328815661892E-32 ) ) ;
#2723 = EDGE_CURVE ( 'NONE', #7362, #3143, #5298, .T. ) ;
#2724 = ORIENTED_EDGE ( 'NONE', *, *, #7502, .T. ) ;
#2725 = CARTESIAN_POINT ( 'NONE',  ( 26.39689865049189876, 8.916689370469899956, -0.2256127492950721902 ) ) ;
#2726 = CARTESIAN_POINT ( 'NONE',  ( 29.87500000000000000, -0.7705369544777969093, 1.089999999999650360 ) ) ;
#2727 = AXIS2_PLACEMENT_3D ( 'NONE', #753, #2192, #5096 ) ;
#2728 = ADVANCED_FACE ( 'NONE', ( #8791 ), #540, .T. ) ;
#2729 = ADVANCED_FACE ( 'NONE', ( #2616 ), #8966, .T. ) ;
#2730 = EDGE_LOOP ( 'NONE', ( #8066, #3581, #2522, #4065 ) ) ;
#2731 = LINE ( 'NONE', #2919, #2642 ) ;
#2732 = PLANE ( 'NONE',  #9016 ) ;
#2733 = CIRCLE ( 'NONE', #7860, 0.1580968594334991317 ) ;
#2734 = CARTESIAN_POINT ( 'NONE',  ( 28.24999999999999645, 12.09205754721679860, -3.851763809020494200 ) ) ;
#2735 = EDGE_CURVE ( 'NONE', #5339, #5675, #2011, .T. ) ;
#2736 = EDGE_CURVE ( 'NONE', #324, #3070, #6244, .T. ) ;
#2737 = DIRECTION ( 'NONE',  ( -2.465190328815661345E-32, 6.137086701989279675E-49, 1.000000000000000000 ) ) ;
#2738 = EDGE_LOOP ( 'NONE', ( #8738, #3477, #7248, #8467 ) ) ;
#2739 = FACE_OUTER_BOUND ( 'NONE', #8111, .T. ) ;
#2740 = PLANE ( 'NONE',  #8312 ) ;
#2741 = EDGE_CURVE ( 'NONE', #6037, #7372, #6410, .T. ) ;
#2742 = DIRECTION ( 'NONE',  ( 0.000000000000000000, -0.7071067811864789610, 0.7071067811866160735 ) ) ;
#2743 = CARTESIAN_POINT ( 'NONE',  ( -28.00000000000001066, 9.999999999999998224, 2.799999999999544187 ) ) ;
#2744 = PLANE ( 'NONE',  #2056 ) ;
#2745 = ORIENTED_EDGE ( 'NONE', *, *, #5648, .F. ) ;
#2746 = CARTESIAN_POINT ( 'NONE',  ( 27.37000000000000455, 11.99780271866330139, -3.499999999999992895 ) ) ;
#2747 = CARTESIAN_POINT ( 'NONE',  ( -29.25000000000001066, 8.049116928532391821E-16, -1.299999999999995604 ) ) ;
#2748 = ORIENTED_EDGE ( 'NONE', *, *, #4035, .F. ) ;
#2749 = CARTESIAN_POINT ( 'NONE',  ( 25.74999999999999645, 13.10000000000000142, -1.299999999999992051 ) ) ;
#2750 = FACE_OUTER_BOUND ( 'NONE', #2738, .T. ) ;
#2751 = DIRECTION ( 'NONE',  ( 6.162975822039150624E-33, 1.000000000000000000, -2.220446049250313574E-16 ) ) ;
#2752 = CARTESIAN_POINT ( 'NONE',  ( -28.37499999999999645, 8.049116928532395765E-16, 1.370452515831712237 ) ) ;
#2753 =( GEOMETRIC_REPRESENTATION_CONTEXT ( 3 ) GLOBAL_UNCERTAINTY_ASSIGNED_CONTEXT ( ( #7156 ) ) GLOBAL_UNIT_ASSIGNED_CONTEXT ( ( #8934, #6233, #5422 ) ) REPRESENTATION_CONTEXT ( 'NONE', 'WORKASPACE' ) );
#2754 = ORIENTED_EDGE ( 'NONE', *, *, #4963, .F. ) ;
#2755 = VECTOR ( 'NONE', #1781, 1000.000000000000000 ) ;
#2756 = ORIENTED_EDGE ( 'NONE', *, *, #4296, .F. ) ;
#2757 = DIRECTION ( 'NONE',  ( 3.157997194805338088E-31, 0.3792829471100740424, 0.9252807390362650652 ) ) ;
#2758 = PLANE ( 'NONE',  #3518 ) ;
#2759 = VECTOR ( 'NONE', #8682, 1000.000000000000114 ) ;
#2760 = ORIENTED_EDGE ( 'NONE', *, *, #8173, .T. ) ;
#2761 = DIRECTION ( 'NONE',  ( -2.301583120455152774E-16, 0.3420201433262829438, 0.9396926207856848290 ) ) ;
#2762 = FILL_AREA_STYLE_COLOUR ( '', #7411 ) ;
#2763 = VECTOR ( 'NONE', #1611, 1000.000000000000000 ) ;
#2764 = VERTEX_POINT ( 'NONE', #4047 ) ;
#2765 = CARTESIAN_POINT ( 'NONE',  ( 27.95000000000000284, 7.225050937922400607, 1.666696453860487814 ) ) ;
#2766 = DIRECTION ( 'NONE',  ( -2.465190328815661618E-32, 2.220446049250313574E-16, 1.000000000000000000 ) ) ;
#2767 = DIRECTION ( 'NONE',  ( 0.9363291775690447682, -0.2482817665807339758, -0.2482817665806857643 ) ) ;
#2768 = AXIS2_PLACEMENT_3D ( 'NONE', #810, #3457, #2071 ) ;
#2769 = ORIENTED_EDGE ( 'NONE', *, *, #8815, .F. ) ;
#2770 = CARTESIAN_POINT ( 'NONE',  ( -27.67999999999999616, -3.500000000000399680, 1.168991498552090169 ) ) ;
#2771 = ORIENTED_EDGE ( 'NONE', *, *, #2790, .F. ) ;
#2772 = DIRECTION ( 'NONE',  ( 1.000000000000000000, 6.162975822039154730E-33, 2.465190328815661892E-32 ) ) ;
#2773 = AXIS2_PLACEMENT_3D ( 'NONE', #3461, #2211, #7805 ) ;
#2774 = ADVANCED_FACE ( 'NONE', ( #5516 ), #6114, .T. ) ;
#2775 =( GEOMETRIC_REPRESENTATION_CONTEXT ( 3 ) GLOBAL_UNCERTAINTY_ASSIGNED_CONTEXT ( ( #2938 ) ) GLOBAL_UNIT_ASSIGNED_CONTEXT ( ( #1390, #2232, #7002 ) ) REPRESENTATION_CONTEXT ( 'NONE', 'WORKASPACE' ) );
#2776 = EDGE_LOOP ( 'NONE', ( #5623, #286, #1203, #49 ) ) ;
#2777 = CARTESIAN_POINT ( 'NONE',  ( -29.25000000000001066, 10.67656721185510094, -0.4916019335323481565 ) ) ;
#2778 = CARTESIAN_POINT ( 'NONE',  ( 26.54174243050459836, 9.443391120976400543, -3.499999999999991118 ) ) ;
#2779 = CARTESIAN_POINT ( 'NONE',  ( 28.84458001096529145, 7.903781086372598352, -0.5962189136269214762 ) ) ;
#2780 = VECTOR ( 'NONE', #4486, 1000.000000000000114 ) ;
#2781 = AXIS2_PLACEMENT_3D ( 'NONE', #8650, #5131, #5868 ) ;
#2782 = LINE ( 'NONE', #4197, #7124 ) ;
#2783 = ORIENTED_EDGE ( 'NONE', *, *, #673, .F. ) ;
#2784 = CARTESIAN_POINT ( 'NONE',  ( 25.75000000000115463, 10.34519578245814309, -1.299999999999966960 ) ) ;
#2785 = EDGE_CURVE ( 'NONE', #2146, #7337, #4128, .T. ) ;
#2786 = CARTESIAN_POINT ( 'NONE',  ( 28.70000000000229434, 11.50000000000000000, -5.999999999999993783 ) ) ;
#2787 = EDGE_CURVE ( 'NONE', #7427, #99, #2704, .T. ) ;
#2788 = AXIS2_PLACEMENT_3D ( 'NONE', #8078, #4646, #4603 ) ;
#2789 = VERTEX_POINT ( 'NONE', #8338 ) ;
#2790 = EDGE_CURVE ( 'NONE', #1641, #7239, #2733, .T. ) ;
#2791 = CARTESIAN_POINT ( 'NONE',  ( -28.00000000000001066, 12.59999999999999964, -3.700000000000400746 ) ) ;
#2792 = CARTESIAN_POINT ( 'NONE',  ( 29.31440535052400165, 8.826808315001297700, -0.4783063892778317006 ) ) ;
#2793 = ORIENTED_EDGE ( 'NONE', *, *, #7954, .F. ) ;
#2794 = AXIS2_PLACEMENT_3D ( 'NONE', #4058, #4711, #1943 ) ;
#2795 = VECTOR ( 'NONE', #4876, 1000.000000000000000 ) ;
#2796 = PLANE ( 'NONE',  #8916 ) ;
#2797 = FACE_OUTER_BOUND ( 'NONE', #1696, .T. ) ;
#2798 = DIRECTION ( 'NONE',  ( -3.335559729097691015E-32, 1.000000000000000000, -3.943844354434941479E-48 ) ) ;
#2799 = EDGE_CURVE ( 'NONE', #5064, #8472, #2057, .T. ) ;
#2800 = ORIENTED_EDGE ( 'NONE', *, *, #7707, .F. ) ;
#2801 = ORIENTED_EDGE ( 'NONE', *, *, #4544, .F. ) ;
#2802 = CARTESIAN_POINT ( 'NONE',  ( 26.57130100912459625, 12.16175902527009889, -3.957326981139690947 ) ) ;
#2803 = VERTEX_POINT ( 'NONE', #6068 ) ;
#2804 = DIRECTION ( 'NONE',  ( 3.647563707725548394E-33, 0.9252807390362649542, -0.3792829471100741534 ) ) ;
#2805 = DIRECTION ( 'NONE',  ( -1.000000000000000000, -6.162975822039154730E-33, -2.465190328815661892E-32 ) ) ;
#2806 = CARTESIAN_POINT ( 'NONE',  ( 26.56214645284900300, 12.42666406871190077, -3.941421356237293505 ) ) ;
#2807 = CARTESIAN_POINT ( 'NONE',  ( -27.43647199489696931, 8.707534283254577900, -0.4999999999999992784 ) ) ;
#2808 = ORIENTED_EDGE ( 'NONE', *, *, #5929, .T. ) ;
#2809 = CARTESIAN_POINT ( 'NONE',  ( -30.75000000000000000, 3.016894614386100848, -4.323565720717696514 ) ) ;
#2810 = CARTESIAN_POINT ( 'NONE',  ( -28.03880928797548577, 10.67196917591599004, -0.5028190845386559804 ) ) ;
#2811 = DIRECTION ( 'NONE',  ( 1.000000000000000000, 6.162975822039154730E-33, 2.465190328815661892E-32 ) ) ;
#2812 = ORIENTED_EDGE ( 'NONE', *, *, #5875, .T. ) ;
#2813 = DIRECTION ( 'NONE',  ( -2.102964564689860617E-32, -1.000000000000000000, 2.220446049250313574E-16 ) ) ;
#2814 = ORIENTED_EDGE ( 'NONE', *, *, #6096, .T. ) ;
#2815 = LINE ( 'NONE', #1509, #995 ) ;
#2816 = CARTESIAN_POINT ( 'NONE',  ( -25.31999999999999673, 9.443391120976400543, -3.499999999999997780 ) ) ;
#2817 = DIRECTION ( 'NONE',  ( 0.000000000000000000, 0.000000000000000000, 1.000000000000000000 ) ) ;
#2818 = AXIS2_PLACEMENT_3D ( 'NONE', #5307, #7407, #5353 ) ;
#2819 = VERTEX_POINT ( 'NONE', #8833 ) ;
#2820 = DIRECTION ( 'NONE',  ( 1.000000000000000000, 6.162975822039154730E-33, 2.465190328815661892E-32 ) ) ;
#2821 = CARTESIAN_POINT ( 'NONE',  ( 26.33374433176299689, 12.59999999999999964, -3.768085424949194628 ) ) ;
#2822 = DIRECTION ( 'NONE',  ( 0.000000000000000000, 0.000000000000000000, 1.000000000000000000 ) ) ;
#2823 = DIRECTION ( 'NONE',  ( -1.000000000000000000, -6.162975822039154730E-33, -2.465190328815661892E-32 ) ) ;
#2824 = ORIENTED_EDGE ( 'NONE', *, *, #1376, .T. ) ;
#2825 = LINE ( 'NONE', #5629, #4697 ) ;
#2826 = LINE ( 'NONE', #4816, #3305 ) ;
#2827 = DIRECTION ( 'NONE',  ( 1.224646799147350249E-16, 1.410381911693479320E-49, -1.000000000000000000 ) ) ;
#2828 = DIRECTION ( 'NONE',  ( 2.465190328815661345E-32, 6.137086701989279675E-49, 1.000000000000000000 ) ) ;
#2829 = EDGE_CURVE ( 'NONE', #688, #1086, #5268, .T. ) ;
#2830 = VERTEX_POINT ( 'NONE', #8165 ) ;
#2831 = FACE_OUTER_BOUND ( 'NONE', #7888, .T. ) ;
#2832 = VERTEX_POINT ( 'NONE', #4787 ) ;
#2833 = ADVANCED_FACE ( 'NONE', ( #6882 ), #7522, .T. ) ;
#2834 = DIRECTION ( 'NONE',  ( -6.162975822039150624E-33, 1.000000000000000000, -2.220446049250313574E-16 ) ) ;
#2835 = CARTESIAN_POINT ( 'NONE',  ( -27.63000000000000256, 12.28524271247460220, -3.800000000000001155 ) ) ;
#2836 = B_SPLINE_CURVE_WITH_KNOTS ( 'NONE', 3,
 ( #5272, #7286, #8686, #1814, #976, #4583, #1764, #3250, #1670, #8644, #3750, #1623, #7378, #7240, #3798, #292, #6045, #3115, #1069, #3201, #1027, #8811, #4627, #6694, #385, #6554, #5997, #5225, #8012, #8766, #3848, #239, #2512, #3062, #7583, #6226, #566, #7633, #8852, #8989, #6786, #4673, #2593, #7466, #3389, #2725, #1856, #8271, #1990, #6189, #8146, #6908, #610, #3430, #1204, #1904, #4725, #5538, #1292, #4024, #1163, #5410, #6822, #518, #1338, #8313, #3340, #6139, #2643, #4763, #3988, #8237, #8950, #9032, #7540, #2034, #6948, #3467, #6271 ),
 .UNSPECIFIED., .F., .F.,
 ( 4, 3, 3, 3, 3, 3, 3, 3, 3, 3, 3, 3, 3, 3, 3, 3, 3, 3, 3, 3, 3, 3, 3, 3, 3, 3, 4 ),
 ( 0.000000000000000000, 0.04332790547311189677, 0.08664354019493210324, 0.1729975167137999814, 0.2162209988996209864, 0.2595538166209239717, 0.3029247431794269696, 0.3462618200641000010, 0.3894964655933160214, 0.4326204357839430470, 0.4758978629916200132, 0.5193176844355980037, 0.5628055629864440190, 0.6062832893075299490, 0.6496740262392499687, 0.6929077170665879359, 0.7793100430587939220, 0.8227113791354809802, 0.8661841604512159343, 0.9096614451859430517, 0.9530686609116330033, 0.9963279328334779805, 1.039433532047070008, 1.125868182579940147, 1.212605321074640141, 1.299407143504090145, 1.385879582368900076 ),
 .UNSPECIFIED. ) ;
#2837 = EDGE_CURVE ( 'NONE', #2871, #7337, #6205, .T. ) ;
#2838 = MECHANICAL_DESIGN_GEOMETRIC_PRESENTATION_REPRESENTATION (  '', ( #4907 ), #2561 ) ;
#2839 = VERTEX_POINT ( 'NONE', #4693 ) ;
#2840 = EDGE_CURVE ( 'NONE', #9020, #7362, #5480, .T. ) ;
#2841 = ORIENTED_EDGE ( 'NONE', *, *, #1787, .F. ) ;
#2842 = DIRECTION ( 'NONE',  ( 0.000000000000000000, 0.000000000000000000, 1.000000000000000000 ) ) ;
#2843 = DIRECTION ( 'NONE',  ( -1.000000000000000000, -6.162975822039154730E-33, -2.465190328815661345E-32 ) ) ;
#2844 =( BOUNDED_CURVE ( )  B_SPLINE_CURVE ( 3, ( #5711, #3702, #779, #5119 ),
 .UNSPECIFIED., .F., .T. ) 
 B_SPLINE_CURVE_WITH_KNOTS ( ( 4, 4 ),
 ( 0.7475843496690016687, 0.8849433621761783053 ),
 .UNSPECIFIED. ) 
 CURVE ( )  GEOMETRIC_REPRESENTATION_ITEM ( )  RATIONAL_B_SPLINE_CURVE ( ( 1.000000000000000000, 0.9984283264015854087, 0.9984283264015854087, 1.000000000000000000 ) ) 
 REPRESENTATION_ITEM ( '' )  );
#2845 = ORIENTED_EDGE ( 'NONE', *, *, #8330, .T. ) ;
#2846 = ADVANCED_FACE ( 'NONE', ( #1183 ), #8252, .F. ) ;
#2847 = EDGE_CURVE ( 'NONE', #7182, #7472, #2701, .T. ) ;
#2848 = ORIENTED_EDGE ( 'NONE', *, *, #186, .T. ) ;
#2849 = CYLINDRICAL_SURFACE ( 'NONE', #1852, 0.5000000000000000000 ) ;
#2850 = CARTESIAN_POINT ( 'NONE',  ( 29.50000000000000000, 7.439997600000002542, 0.2399975999999911513 ) ) ;
#2851 = LINE ( 'NONE', #721, #8696 ) ;
#2852 = CARTESIAN_POINT ( 'NONE',  ( -28.42091025888370126, 12.17925050771479967, -3.969951704299697681 ) ) ;
#2853 = CARTESIAN_POINT ( 'NONE',  ( -27.63000000000000256, 8.049116928532391821E-16, -1.299999999999995604 ) ) ;
#2854 = APPLICATION_CONTEXT ( 'automotive_design' ) ;
#2855 = ORIENTED_EDGE ( 'NONE', *, *, #6875, .T. ) ;
#2856 = CARTESIAN_POINT ( 'NONE',  ( 29.50000000000000000, 6.148333950160602690, -2.351666049838894157 ) ) ;
#2857 = DIRECTION ( 'NONE',  ( -1.000000000000000000, -6.162975822039154730E-33, -2.465190328815661892E-32 ) ) ;
#2858 = AXIS2_PLACEMENT_3D ( 'NONE', #7597, #8958, #2693 ) ;
#2859 = AXIS2_PLACEMENT_3D ( 'NONE', #5356, #8939, #6936 ) ;
#2860 = EDGE_LOOP ( 'NONE', ( #3033, #7060, #4104, #3355 ) ) ;
#2861 = CARTESIAN_POINT ( 'NONE',  ( -28.05000000000000426, 12.59999999999999964, -7.200002399999998026 ) ) ;
#2862 = ORIENTED_EDGE ( 'NONE', *, *, #7658, .T. ) ;
#2863 = CARTESIAN_POINT ( 'NONE',  ( 29.12499999999999645, 8.049116928532395765E-16, 1.509999999999660947 ) ) ;
#2864 = DIRECTION ( 'NONE',  ( -3.610187651973074301E-33, -0.7071067811865470176, -0.7071067811865479058 ) ) ;
#2865 = AXIS2_PLACEMENT_3D ( 'NONE', #6712, #145, #7855 ) ;
#2866 = CARTESIAN_POINT ( 'NONE',  ( -27.70401125191284208, 13.07428304602968794, -3.293802378919612472 ) ) ;
#2867 = EDGE_LOOP ( 'NONE', ( #1093, #8587 ) ) ;
#2868 = CARTESIAN_POINT ( 'NONE',  ( 28.83357787137380512, 12.60190265095409856, -7.200002399999990921 ) ) ;
#2869 = AXIS2_PLACEMENT_3D ( 'NONE', #60, #2127, #2269 ) ;
#2870 = CARTESIAN_POINT ( 'NONE',  ( -27.50000000000001066, -0.9239499999999990498, 7.200002400000002467 ) ) ;
#2871 = VERTEX_POINT ( 'NONE', #4348 ) ;
#2872 = DIRECTION ( 'NONE',  ( -3.610187651973074301E-33, -0.7071067811865470176, -0.7071067811865479058 ) ) ;
#2873 = AXIS2_PLACEMENT_3D ( 'NONE', #7120, #720, #4270 ) ;
#2874 = DIRECTION ( 'NONE',  ( -1.000000000000000000, -6.162975822039154730E-33, -2.465190328815661892E-32 ) ) ;
#2875 = CARTESIAN_POINT ( 'NONE',  ( 27.37000000000000455, 8.418613096565399800, -5.999999999999992895 ) ) ;
#2876 = FACE_OUTER_BOUND ( 'NONE', #3240, .T. ) ;
#2877 = VERTEX_POINT ( 'NONE', #5775 ) ;
#2878 = CARTESIAN_POINT ( 'NONE',  ( 28.79224002741050015, 8.997212129572899286, -0.07314534866537276969 ) ) ;
#2879 = EDGE_LOOP ( 'NONE', ( #7538, #423, #1682, #5315 ) ) ;
#2880 = VECTOR ( 'NONE', #7046, 1000.000000000000000 ) ;
#2881 = FACE_OUTER_BOUND ( 'NONE', #8577, .T. ) ;
#2882 = DIRECTION ( 'NONE',  ( -4.930380657631324879E-32, -0.9659258262890683122, -0.2588190451025209060 ) ) ;
#2883 = ADVANCED_FACE ( 'NONE', ( #170 ), #5051, .T. ) ;
#2884 = EDGE_CURVE ( 'NONE', #1845, #5925, #8464, .T. ) ;
#2885 = ORIENTED_EDGE ( 'NONE', *, *, #8003, .T. ) ;
#2886 = EDGE_LOOP ( 'NONE', ( #7660, #6600, #3283, #3174 ) ) ;
#2887 = FACE_OUTER_BOUND ( 'NONE', #7740, .T. ) ;
#2888 = EDGE_LOOP ( 'NONE', ( #3352, #8622, #4367, #6106 ) ) ;
#2889 = ORIENTED_EDGE ( 'NONE', *, *, #638, .F. ) ;
#2890 = DIRECTION ( 'NONE',  ( -1.000000000000000000, -6.162975822039154730E-33, -2.465190328815661892E-32 ) ) ;
#2891 = DIRECTION ( 'NONE',  ( -6.162975822039150624E-33, 1.000000000000000000, -2.220446049250313574E-16 ) ) ;
#2892 = CARTESIAN_POINT ( 'NONE',  ( 27.77091802757260197, 9.104771610286096717, 0.08503146780985092190 ) ) ;
#2893 = CARTESIAN_POINT ( 'NONE',  ( -28.39999999999999503, 12.28524271247460220, -4.000000000000000000 ) ) ;
#2894 = DIRECTION ( 'NONE',  ( 3.647563707725548394E-33, 0.9252807390362649542, -0.3792829471100741534 ) ) ;
#2895 = EDGE_CURVE ( 'NONE', #2448, #7227, #6378, .T. ) ;
#2896 = AXIS2_PLACEMENT_3D ( 'NONE', #3492, #6172, #4012 ) ;
#2897 = EDGE_CURVE ( 'NONE', #8789, #8263, #2981, .T. ) ;
#2898 = EDGE_CURVE ( 'NONE', #1802, #829, #2934, .T. ) ;
#2899 =( BOUNDED_CURVE ( )  B_SPLINE_CURVE ( 3, ( #935, #247, #3069, #3296 ),
 .UNSPECIFIED., .F., .T. ) 
 B_SPLINE_CURVE_WITH_KNOTS ( ( 4, 4 ),
 ( 2.574318203148214135, 3.141592653589793116 ),
 .UNSPECIFIED. ) 
 CURVE ( )  GEOMETRIC_REPRESENTATION_ITEM ( )  RATIONAL_B_SPLINE_CURVE ( ( 1.000000000000000000, 0.9733626104681929458, 0.9733626104681929458, 1.000000000000000000 ) ) 
 REPRESENTATION_ITEM ( '' )  );
#2900 = ORIENTED_EDGE ( 'NONE', *, *, #591, .F. ) ;
#2901 = PLANE ( 'NONE',  #2773 ) ;
#2902 = CARTESIAN_POINT ( 'NONE',  ( 29.50000000000000000, 7.439997600000002542, 0.2399975999999911513 ) ) ;
#2903 = CARTESIAN_POINT ( 'NONE',  ( -30.64999999999999503, 2.223807899774399299, -4.511880547680099163 ) ) ;
#2904 = ORIENTED_EDGE ( 'NONE', *, *, #8935, .F. ) ;
#2905 = DIRECTION ( 'NONE',  ( 1.000000000000000000, 6.162975822039154730E-33, 2.465190328815661892E-32 ) ) ;
#2906 = ADVANCED_FACE ( 'NONE', ( #2797 ), #28, .T. ) ;
#2907 = VECTOR ( 'NONE', #7859, 1000.000000000000000 ) ;
#2908 = ORIENTED_EDGE ( 'NONE', *, *, #182, .F. ) ;
#2909 = DIRECTION ( 'NONE',  ( -2.102964564689860617E-32, -1.000000000000000000, 2.220446049250313574E-16 ) ) ;
#2910 = VECTOR ( 'NONE', #5092, 1000.000000000000000 ) ;
#2911 = CARTESIAN_POINT ( 'NONE',  ( 27.37000000000000455, 8.418613096565399800, -5.999999999999992895 ) ) ;
#2912 = LINE ( 'NONE', #777, #4531 ) ;
#2913 = AXIS2_PLACEMENT_3D ( 'NONE', #269, #8792, #5348 ) ;
#2914 = EDGE_CURVE ( 'NONE', #1656, #8311, #6427, .T. ) ;
#2915 = AXIS2_PLACEMENT_3D ( 'NONE', #7388, #131, #7476 ) ;
#2916 = CARTESIAN_POINT ( 'NONE',  ( -28.17999999999999616, -2.629463045522899112, 1.089999999999650804 ) ) ;
#2917 = ORIENTED_EDGE ( 'NONE', *, *, #1252, .F. ) ;
#2918 = CARTESIAN_POINT ( 'NONE',  ( -30.64999999999999503, 1.812905561071200822, -4.254546152071797316 ) ) ;
#2919 = CARTESIAN_POINT ( 'NONE',  ( 29.67999999999999972, 9.689337846835098134, -2.899999999999991029 ) ) ;
#2920 = DIRECTION ( 'NONE',  ( 1.000000000000000000, 6.162975822039154730E-33, 2.465190328815661892E-32 ) ) ;
#2921 = CARTESIAN_POINT ( 'NONE',  ( -27.50000000000001066, 8.049116928532391821E-16, -2.899999999999996358 ) ) ;
#2922 = EDGE_LOOP ( 'NONE', ( #7092, #71, #7972, #2388 ) ) ;
#2923 = CARTESIAN_POINT ( 'NONE',  ( 27.17999999999999616, 12.59999999999999964, -3.768085424949194628 ) ) ;
#2924 = FACE_OUTER_BOUND ( 'NONE', #3852, .T. ) ;
#2925 = PRESENTATION_LAYER_ASSIGNMENT (  '', '', ( #3660 ) ) ;
#2926 = FILL_AREA_STYLE_COLOUR ( '', #2614 ) ;
#2927 = VECTOR ( 'NONE', #7816, 1000.000000000000114 ) ;
#2928 = CARTESIAN_POINT ( 'NONE',  ( -27.23566918608101517, 9.087896905887998145, 0.06258671926747359782 ) ) ;
#2929 = DIRECTION ( 'NONE',  ( 0.000000000000000000, -0.7071067811864789610, 0.7071067811866160735 ) ) ;
#2930 = DIRECTION ( 'NONE',  ( -5.546678239835239257E-32, -0.7071067811865480168, 0.7071067811865470176 ) ) ;
#2931 = VERTEX_POINT ( 'NONE', #8377 ) ;
#2932 = CARTESIAN_POINT ( 'NONE',  ( 28.77021929459650096, 9.025582109328897928, -0.02775009080197184119 ) ) ;
#2933 = ORIENTED_EDGE ( 'NONE', *, *, #4301, .T. ) ;
#2934 = LINE ( 'NONE', #7879, #556 ) ;
#2935 = AXIS2_PLACEMENT_3D ( 'NONE', #309, #1047, #1788 ) ;
#2936 = AXIS2_PLACEMENT_3D ( 'NONE', #5022, #2857, #814 ) ;
#2937 = CARTESIAN_POINT ( 'NONE',  ( -26.74999999999885247, 8.049116928532391821E-16, 5.699801989220216747 ) ) ;
#2938 = UNCERTAINTY_MEASURE_WITH_UNIT (LENGTH_MEASURE( 1.000000000000000082E-05 ), #1390, 'distance_accuracy_value', 'NONE');
#2939 = COLOUR_RGB ( '',0.7921568627450980005, 0.8196078431372548767, 0.9333333333333333481 ) ;
#2940 = ORIENTED_EDGE ( 'NONE', *, *, #368, .T. ) ;
#2941 = PLANE ( 'NONE',  #4830 ) ;
#2942 = ORIENTED_EDGE ( 'NONE', *, *, #697, .T. ) ;
#2943 = CARTESIAN_POINT ( 'NONE',  ( 29.86999999999999389, 8.418613096565399800, -5.999999999999992895 ) ) ;
#2944 = DIRECTION ( 'NONE',  ( 2.465190328815661345E-32, -6.137086701989279675E-49, -1.000000000000000000 ) ) ;
#2945 = EDGE_CURVE ( 'NONE', #4346, #5945, #6294, .T. ) ;
#2946 = CYLINDRICAL_SURFACE ( 'NONE', #8985, 0.2283621302927940910 ) ;
#2947 = CARTESIAN_POINT ( 'NONE',  ( 27.37499999999999645, 8.049116928532395765E-16, -3.490000000000388791 ) ) ;
#2948 = VECTOR ( 'NONE', #6171, 1000.000000000000000 ) ;
#2949 = VECTOR ( 'NONE', #1050, 1000.000000000000000 ) ;
#2950 = ORIENTED_EDGE ( 'NONE', *, *, #6834, .F. ) ;
#2951 = FACE_OUTER_BOUND ( 'NONE', #2867, .T. ) ;
#2952 = PRESENTATION_STYLE_ASSIGNMENT (( #5249 ) ) ;
#2953 = EDGE_CURVE ( 'NONE', #8489, #937, #7682, .T. ) ;
#2954 = ORIENTED_EDGE ( 'NONE', *, *, #2914, .T. ) ;
#2955 = CARTESIAN_POINT ( 'NONE',  ( -30.64999999999999503, 2.223807899774399299, -3.774095203657398034 ) ) ;
#2956 = CIRCLE ( 'NONE', #7206, 1.500000000000000666 ) ;
#2957 = EDGE_CURVE ( 'NONE', #6522, #1822, #834, .T. ) ;
#2958 = CARTESIAN_POINT ( 'NONE',  ( 26.70399149855239074, -3.500000000000399680, -3.568991498552789743 ) ) ;
#2959 = LINE ( 'NONE', #7721, #3353 ) ;
#2960 =( LENGTH_UNIT ( ) NAMED_UNIT ( * ) SI_UNIT ( .MILLI., .METRE. ) );
#2961 = ADVANCED_FACE ( 'NONE', ( #5005 ), #1448, .T. ) ;
#2962 = AXIS2_PLACEMENT_3D ( 'NONE', #3710, #109, #6881 ) ;
#2963 = VERTEX_POINT ( 'NONE', #8115 ) ;
#2964 = DIRECTION ( 'NONE',  ( 0.000000000000000000, -0.7071067811864789610, 0.7071067811866160735 ) ) ;
#2965 = CARTESIAN_POINT ( 'NONE',  ( 26.59034943974650389, 12.35725957468149971, -3.986698507559092164 ) ) ;
#2966 = CARTESIAN_POINT ( 'NONE',  ( -28.40401257993841000, 12.33197545393339922, -3.994578714431502142 ) ) ;
#2967 = EDGE_CURVE ( 'NONE', #1690, #2540, #3764, .T. ) ;
#2968 = CARTESIAN_POINT ( 'NONE',  ( -25.31999999999999673, 10.67656721185510094, -0.4916019335323446593 ) ) ;
#2969 = LINE ( 'NONE', #3611, #524 ) ;
#2970 = ORIENTED_EDGE ( 'NONE', *, *, #3254, .F. ) ;
#2971 = ADVANCED_FACE ( 'NONE', ( #4553 ), #7207, .F. ) ;
#2972 = LINE ( 'NONE', #2321, #457 ) ;
#2973 = CARTESIAN_POINT ( 'NONE',  ( -27.54536768362110166, 9.461095686746654465, -3.456808778709944630 ) ) ;
#2974 = CARTESIAN_POINT ( 'NONE',  ( 28.24999999999999645, 12.28524271247460220, -3.999999999999993339 ) ) ;
#2975 = CARTESIAN_POINT ( 'NONE',  ( -30.75000000000000000, 0.9831053856220991483, -4.165468861284299606 ) ) ;
#2976 = PLANE ( 'NONE',  #5866 ) ;
#2977 = ORIENTED_EDGE ( 'NONE', *, *, #1661, .T. ) ;
#2978 = CARTESIAN_POINT ( 'NONE',  ( 28.94415192829870165, 8.894833018026401916, -0.2755237566643090608 ) ) ;
#2979 = EDGE_LOOP ( 'NONE', ( #1838, #7325, #730, #194, #3345, #8050, #2613, #6588, #8551, #1854, #5852, #2889, #4698 ) ) ;
#2980 = LINE ( 'NONE', #751, #2516 ) ;
#2981 = LINE ( 'NONE', #72, #2910 ) ;
#2982 = CARTESIAN_POINT ( 'NONE',  ( -28.29600850144760216, -3.500000000000399680, 1.168991498552090169 ) ) ;
#2983 = PLANE ( 'NONE',  #5230 ) ;
#2984 = DIRECTION ( 'NONE',  ( -1.000000000000000000, -9.302115961259179889E-16, -1.224646799147348277E-16 ) ) ;
#2985 = ORIENTED_EDGE ( 'NONE', *, *, #6501, .T. ) ;
#2986 = CARTESIAN_POINT ( 'NONE',  ( 29.15098844496179353, 10.36808542494920005, -5.999999999999993783 ) ) ;
#2987 = ORIENTED_EDGE ( 'NONE', *, *, #1357, .T. ) ;
#2988 = DIRECTION ( 'NONE',  ( 6.162975822039150624E-33, -1.000000000000000000, 2.220446049250313574E-16 ) ) ;
#2989 = DIRECTION ( 'NONE',  ( 1.000000000000000000, -3.364689427464770415E-16, -1.224646799147349509E-16 ) ) ;
#2990 = FACE_OUTER_BOUND ( 'NONE', #4409, .T. ) ;
#2991 = DIRECTION ( 'NONE',  ( 0.2963826122724679824, 0.2471901214333620811, 0.9225260923184273043 ) ) ;
#2992 = CARTESIAN_POINT ( 'NONE',  ( 25.74999999999999645, 11.99780271866330139, -3.499999999999992895 ) ) ;
#2993 = EDGE_LOOP ( 'NONE', ( #4826, #5865, #7846, #5442 ) ) ;
#2994 =( NAMED_UNIT ( * ) SI_UNIT ( $, .STERADIAN. ) SOLID_ANGLE_UNIT ( ) );
#2995 = DIRECTION ( 'NONE',  ( 3.157997194805338088E-31, 0.3792829471100740424, 0.9252807390362650652 ) ) ;
#2996 = ORIENTED_EDGE ( 'NONE', *, *, #3356, .F. ) ;
#2997 = DIRECTION ( 'NONE',  ( -2.465190328815661892E-32, -6.137086701989279675E-49, -1.000000000000000000 ) ) ;
#2998 = ORIENTED_EDGE ( 'NONE', *, *, #3471, .F. ) ;
#2999 = CARTESIAN_POINT ( 'NONE',  ( 27.37499999999999645, -0.4999999999999996669, -3.490000000000388791 ) ) ;
#3000 = CARTESIAN_POINT ( 'NONE',  ( -22.81999999999999318, 9.100000000000399325, -5.999999999999996447 ) ) ;
#3001 = DIRECTION ( 'NONE',  ( 2.465190328815661892E-32, -6.137086701989279675E-49, -1.000000000000000000 ) ) ;
#3002 = DIRECTION ( 'NONE',  ( 0.06174578541844907148, -0.7057575568079519357, -0.7057575568079518247 ) ) ;
#3003 = FACE_OUTER_BOUND ( 'NONE', #4722, .T. ) ;
#3004 = EDGE_CURVE ( 'NONE', #5483, #7980, #890, .T. ) ;
#3005 = VECTOR ( 'NONE', #4362, 1000.000000000000000 ) ;
#3006 = CIRCLE ( 'NONE', #8267, 0.1580968594336127353 ) ;
#3007 =( BOUNDED_CURVE ( )  B_SPLINE_CURVE ( 3, ( #348, #8664, #4645, #3171 ),
 .UNSPECIFIED., .F., .T. ) 
 B_SPLINE_CURVE_WITH_KNOTS ( ( 4, 4 ),
 ( 6.345691034229640017E-31, 0.6858529646187068174 ),
 .UNSPECIFIED. ) 
 CURVE ( )  GEOMETRIC_REPRESENTATION_ITEM ( )  RATIONAL_B_SPLINE_CURVE ( ( 1.000000000000000000, 0.9611831238882957429, 0.9611831238882957429, 1.000000000000000000 ) ) 
 REPRESENTATION_ITEM ( '' )  );
#3008 =( NAMED_UNIT ( * ) PLANE_ANGLE_UNIT ( ) SI_UNIT ( $, .RADIAN. ) );
#3009 = EDGE_CURVE ( 'NONE', #8442, #7569, #6569, .T. ) ;
#3010 = ORIENTED_EDGE ( 'NONE', *, *, #4866, .T. ) ;
#3011 = DIRECTION ( 'NONE',  ( -3.157997194805338088E-31, -0.3792829471100740424, -0.9252807390362650652 ) ) ;
#3012 = FACE_OUTER_BOUND ( 'NONE', #8270, .T. ) ;
#3013 = CARTESIAN_POINT ( 'NONE',  ( 29.96968960869460119, 8.866953778768799310, -0.3477592312583610012 ) ) ;
#3014 = VERTEX_POINT ( 'NONE', #5136 ) ;
#3015 = FACE_OUTER_BOUND ( 'NONE', #8861, .T. ) ;
#3016 = SURFACE_STYLE_FILL_AREA ( #4293 ) ;
#3017 = AXIS2_PLACEMENT_3D ( 'NONE', #5498, #1811, #2546 ) ;
#3018 = DIRECTION ( 'NONE',  ( -3.172845517115359508E-31, -0.2588190451025210170, -0.9659258262890682012 ) ) ;
#3019 = EDGE_CURVE ( 'NONE', #5081, #4872, #5415, .T. ) ;
#3020 = ADVANCED_FACE ( 'NONE', ( #8026 ), #7253, .T. ) ;
#3021 = EDGE_CURVE ( 'NONE', #4280, #484, #6518, .T. ) ;
#3022 = DIRECTION ( 'NONE',  ( 2.301583120455698567E-16, -0.3420201433256649381, -0.9396926207859097602 ) ) ;
#3023 = VECTOR ( 'NONE', #8654, 1000.000000000000000 ) ;
#3024 = CARTESIAN_POINT ( 'NONE',  ( -30.75000000000000000, 1.670670136135498751, -4.165468861284396418 ) ) ;
#3025 = LINE ( 'NONE', #4590, #8498 ) ;
#3026 = VERTEX_POINT ( 'NONE', #205 ) ;
#3027 = ORIENTED_EDGE ( 'NONE', *, *, #1528, .T. ) ;
#3028 = EDGE_CURVE ( 'NONE', #1548, #307, #5960, .T. ) ;
#3029 = DIRECTION ( 'NONE',  ( -3.335559729097691015E-32, 1.000000000000000000, -3.943844354434941479E-48 ) ) ;
#3030 = DIRECTION ( 'NONE',  ( 0.000000000000000000, -0.7071067811865470176, 0.7071067811865479058 ) ) ;
#3031 = AXIS2_PLACEMENT_3D ( 'NONE', #5373, #2690, #6148 ) ;
#3032 = LINE ( 'NONE', #7692, #520 ) ;
#3033 = ORIENTED_EDGE ( 'NONE', *, *, #2686, .F. ) ;
#3034 = VECTOR ( 'NONE', #6899, 1000.000000000000114 ) ;
#3035 = CARTESIAN_POINT ( 'NONE',  ( -27.50000000000001066, 11.50000000000000000, -2.899999999999999911 ) ) ;
#3036 = EDGE_LOOP ( 'NONE', ( #1361, #3622, #5463, #9018 ) ) ;
#3037 = DIRECTION ( 'NONE',  ( 0.000000000000000000, -0.7071067811865470176, 0.7071067811865479058 ) ) ;
#3038 = CARTESIAN_POINT ( 'NONE',  ( 29.34625566823699572, 12.59999999999999964, -1.299999999999992051 ) ) ;
#3039 = CARTESIAN_POINT ( 'NONE',  ( 28.74320775699650099, 8.049116928532395765E-16, 1.891792243003152185 ) ) ;
#3040 = DIRECTION ( 'NONE',  ( -6.162975822039150624E-33, 1.000000000000000000, -2.220446049250313574E-16 ) ) ;
#3041 = UNCERTAINTY_MEASURE_WITH_UNIT (LENGTH_MEASURE( 1.000000000000000082E-05 ), #1736, 'distance_accuracy_value', 'NONE');
#3042 = ORIENTED_EDGE ( 'NONE', *, *, #5491, .F. ) ;
#3043 = ORIENTED_EDGE ( 'NONE', *, *, #2226, .F. ) ;
#3044 = CARTESIAN_POINT ( 'NONE',  ( 27.37499999999999645, -2.900000000000399591, -3.910000000000392273 ) ) ;
#3045 = CARTESIAN_POINT ( 'NONE',  ( -28.14355752392950905, 8.824422934783498818, -0.4875364722500084014 ) ) ;
#3046 = CARTESIAN_POINT ( 'NONE',  ( 29.02901155503820263, 10.36808542494920005, -5.999999999999993783 ) ) ;
#3047 = CARTESIAN_POINT ( 'NONE',  ( -28.71000000000000085, 13.10000000000000142, -3.268085424949201290 ) ) ;
#3048 = ORIENTED_EDGE ( 'NONE', *, *, #2462, .T. ) ;
#3049 = ORIENTED_EDGE ( 'NONE', *, *, #8423, .F. ) ;
#3050 = DIRECTION ( 'NONE',  ( 6.162975822039150624E-33, 1.000000000000000000, -2.220446049250313574E-16 ) ) ;
#3051 = CARTESIAN_POINT ( 'NONE',  ( 29.67999999999999972, 11.50000000000000000, 0.3318308546125195990 ) ) ;
#3052 = AXIS2_PLACEMENT_3D ( 'NONE', #2721, #4884, #6312 ) ;
#3053 = SURFACE_SIDE_STYLE ('',( #7911 ) ) ;
#3054 = ORIENTED_EDGE ( 'NONE', *, *, #4975, .T. ) ;
#3055 = CARTESIAN_POINT ( 'NONE',  ( -27.20000000000000284, 8.337215522246200550, -0.6572203222464187977 ) ) ;
#3056 = VECTOR ( 'NONE', #2491, 1000.000000000000000 ) ;
#3057 = DIRECTION ( 'NONE',  ( 1.000000000000000000, 6.162975822039154730E-33, 2.465190328815661892E-32 ) ) ;
#3058 = VECTOR ( 'NONE', #7389, 1000.000000000000000 ) ;
#3059 = CARTESIAN_POINT ( 'NONE',  ( 30.10310134950759675, 8.916689370469597975, -0.2256127492956619962 ) ) ;
#3060 = ORIENTED_EDGE ( 'NONE', *, *, #5217, .T. ) ;
#3061 = VECTOR ( 'NONE', #7172, 1000.000000000000000 ) ;
#3062 = CARTESIAN_POINT ( 'NONE',  ( 26.51900007258699432, 8.870049089596800940, -0.3392488324807599875 ) ) ;
#3063 = FACE_OUTER_BOUND ( 'NONE', #4344, .T. ) ;
#3064 = ADVANCED_FACE ( 'NONE', ( #5821 ), #3861, .T. ) ;
#3065 = VECTOR ( 'NONE', #8853, 1000.000000000000000 ) ;
#3066 = VERTEX_POINT ( 'NONE', #5876 ) ;
#3067 = CARTESIAN_POINT ( 'NONE',  ( -28.15374433176300073, 12.59999999999999964, -6.000000000000000888 ) ) ;
#3068 = FACE_OUTER_BOUND ( 'NONE', #626, .T. ) ;
#3069 = CARTESIAN_POINT ( 'NONE',  ( 27.28750784642550187, 8.821320343559850841, -0.4999999999999922284 ) ) ;
#3070 = VERTEX_POINT ( 'NONE', #3166 ) ;
#3071 = COLOUR_RGB ( '',0.9490196078431372140, 0.9490196078431372140, 1.000000000000000000 ) ;
#3072 = EDGE_CURVE ( 'NONE', #484, #8022, #3306, .T. ) ;
#3073 = CARTESIAN_POINT ( 'NONE',  ( 28.54999999999999361, 8.699502414407600526, -0.1421431015306718337 ) ) ;
#3074 = CARTESIAN_POINT ( 'NONE',  ( 27.34784149670869979, 8.843018263682299818, -0.4205632591578137847 ) ) ;
#3075 = VERTEX_POINT ( 'NONE', #5918 ) ;
#3076 = DIRECTION ( 'NONE',  ( 1.000000000000000000, 6.162975822039154730E-33, 2.465190328815661892E-32 ) ) ;
#3077 = CARTESIAN_POINT ( 'NONE',  ( 27.66064881754459748, 8.953175398964601683, -0.1513540303560209077 ) ) ;
#3078 = EDGE_CURVE ( 'NONE', #4182, #4732, #2474, .T. ) ;
#3079 = DIRECTION ( 'NONE',  ( -1.000000000000000000, -6.162975822039154730E-33, -2.465190328815661892E-32 ) ) ;
#3080 = DIRECTION ( 'NONE',  ( 6.162975822039150624E-33, -1.000000000000000000, 2.220446049250313574E-16 ) ) ;
#3081 = EDGE_CURVE ( 'NONE', #2320, #7427, #4597, .T. ) ;
#3082 = ADVANCED_FACE ( 'NONE', ( #1078 ), #6010, .F. ) ;
#3083 = VERTEX_POINT ( 'NONE', #7595 ) ;
#3084 = DIRECTION ( 'NONE',  ( 5.801957056841933239E-32, -0.7071067811866160735, -0.7071067811864790720 ) ) ;
#3085 = DIRECTION ( 'NONE',  ( -1.000000000000000000, -6.162975822039154730E-33, -2.449293598294709866E-16 ) ) ;
#3086 = ORIENTED_EDGE ( 'NONE', *, *, #2680, .T. ) ;
#3087 = DIRECTION ( 'NONE',  ( -2.465190328815661345E-32, 6.137086701989279675E-49, 1.000000000000000000 ) ) ;
#3088 = AXIS2_PLACEMENT_3D ( 'NONE', #8757, #4481, #3107 ) ;
#3089 = AXIS2_PLACEMENT_3D ( 'NONE', #2006, #4254, #6200 ) ;
#3090 = ORIENTED_EDGE ( 'NONE', *, *, #1092, .F. ) ;
#3091 = PLANE ( 'NONE',  #6980 ) ;
#3092 = ADVANCED_FACE ( 'NONE', ( #1864 ), #6835, .T. ) ;
#3093 = LINE ( 'NONE', #1001, #3005 ) ;
#3094 = FACE_OUTER_BOUND ( 'NONE', #1961, .T. ) ;
#3095 = VERTEX_POINT ( 'NONE', #528 ) ;
#3096 = ORIENTED_EDGE ( 'NONE', *, *, #8935, .T. ) ;
#3097 = CARTESIAN_POINT ( 'NONE',  ( 29.91828515572320057, -2.571216600396099672, 5.990002399999610816 ) ) ;
#3098 =( NAMED_UNIT ( * ) PLANE_ANGLE_UNIT ( ) SI_UNIT ( $, .RADIAN. ) );
#3099 = ORIENTED_EDGE ( 'NONE', *, *, #1783, .T. ) ;
#3100 = PLANE ( 'NONE',  #6333 ) ;
#3101 = VERTEX_POINT ( 'NONE', #6100 ) ;
#3102 = CARTESIAN_POINT ( 'NONE',  ( 29.50000000000000000, 7.400624110387701293, 2.321944453947189846 ) ) ;
#3103 = PRESENTATION_LAYER_ASSIGNMENT (  '', '', ( #8923 ) ) ;
#3104 = DIRECTION ( 'NONE',  ( 1.224646799147350249E-16, 1.410381911693479320E-49, -1.000000000000000000 ) ) ;
#3105 = VECTOR ( 'NONE', #5088, 1000.000000000000114 ) ;
#3106 = CLOSED_SHELL ( 'NONE', ( #6717, #1250, #2562, #7890, #8118, #7995, #8879, #3064, #1366, #1099, #7056, #8828, #5590, #1717, #6789, #8763, #7281, #7296, #9047, #8727, #3625, #1938, #479, #2349, #3363, #8660, #4242, #8993, #7148, #3020, #7231, #8334, #6663, #3970, #6002, #7714, #7090, #1150, #4308, #2046, #1094, #754, #6164, #3262, #7402, #1993, #32, #8591, #2343, #5050, #4978, #6152, #2465, #2407, #5756, #8748, #4655, #1660, #5156, #4286, #4708, #4598, #7054, #6837, #637, #5921, #8710, #8717, #6048, #1953, #3204, #6887, #9051, #3145, #6684, #3817, #6492, #4540, #8325, #8927, #748, #5451, #7096, #1887, #581, #4610, #1481, #2846, #3580, #1592, #2906, #8116, #2168, #8596, #6828, #3528, #130, #7450, #4304, #6278, #7885, #2971, #6322, #8387, #3810, #416 ) ) ;
#3107 = DIRECTION ( 'NONE',  ( -1.000000000000000000, -6.162975822039154730E-33, -2.465190328815661892E-32 ) ) ;
#3108 = ORIENTED_EDGE ( 'NONE', *, *, #376, .T. ) ;
#3109 = CARTESIAN_POINT ( 'NONE',  ( 29.79600850144760571, -3.500000000000399680, 1.168991498552089725 ) ) ;
#3110 = VECTOR ( 'NONE', #3087, 1000.000000000000000 ) ;
#3111 = CARTESIAN_POINT ( 'NONE',  ( -27.63000000000000256, 13.10000000000000142, -6.000000000000000888 ) ) ;
#3112 = CARTESIAN_POINT ( 'NONE',  ( 27.17999999999999616, 12.59999999999999964, -1.799999999999992495 ) ) ;
#3113 = CARTESIAN_POINT ( 'NONE',  ( 30.23487993433170118, 9.032920430454296934, -0.01639595547556042809 ) ) ;
#3114 = ORIENTED_EDGE ( 'NONE', *, *, #368, .F. ) ;
#3115 = CARTESIAN_POINT ( 'NONE',  ( 26.71809428875669568, 8.834786822486099922, -0.4488229693546414434 ) ) ;
#3116 = CARTESIAN_POINT ( 'NONE',  ( 27.17999999999999616, 7.903781086372598352, -0.5962189136269214762 ) ) ;
#3117 = CARTESIAN_POINT ( 'NONE',  ( 28.83374433176300045, 12.59999999999999964, -5.999999999999993783 ) ) ;
#3118 = AXIS2_PLACEMENT_3D ( 'NONE', #2749, #4292, #7093 ) ;
#3119 = MANIFOLD_SOLID_BREP ( 'Split1[3]', #3106 ) ;
#3120 = PLANE ( 'NONE',  #1841 ) ;
#3121 = ORIENTED_EDGE ( 'NONE', *, *, #7658, .F. ) ;
#3122 = ORIENTED_EDGE ( 'NONE', *, *, #6343, .T. ) ;
#3123 = DIRECTION ( 'NONE',  ( -6.162975822039150624E-33, 1.000000000000000000, -2.220446049250313574E-16 ) ) ;
#3124 = CARTESIAN_POINT ( 'NONE',  ( 27.43457114437750022, 8.858593335528196278, -0.3718254155907502745 ) ) ;
#3125 = DIRECTION ( 'NONE',  ( 5.801957056841933239E-32, -0.7071067811866160735, -0.7071067811864790720 ) ) ;
#3126 = EDGE_CURVE ( 'NONE', #3095, #6094, #4640, .T. ) ;
#3127 = ADVANCED_FACE ( 'NONE', ( #6917 ), #7554, .T. ) ;
#3128 = ORIENTED_EDGE ( 'NONE', *, *, #2609, .F. ) ;
#3129 = FACE_OUTER_BOUND ( 'NONE', #3446, .T. ) ;
#3130 = CYLINDRICAL_SURFACE ( 'NONE', #2788, 0.1580968594334991317 ) ;
#3131 = ORIENTED_EDGE ( 'NONE', *, *, #1483, .F. ) ;
#3132 = CARTESIAN_POINT ( 'NONE',  ( 27.37499999999999645, -2.629463045522899112, -3.490000000000388791 ) ) ;
#3133 = LINE ( 'NONE', #6764, #4196 ) ;
#3134 = EDGE_CURVE ( 'NONE', #8025, #5081, #8284, .T. ) ;
#3135 = DIRECTION ( 'NONE',  ( 1.000000000000000000, 6.162975822039154730E-33, 2.465190328815661892E-32 ) ) ;
#3136 = EDGE_CURVE ( 'NONE', #2563, #6358, #3302, .T. ) ;
#3137 = ORIENTED_EDGE ( 'NONE', *, *, #3136, .F. ) ;
#3138 = B_SPLINE_CURVE_WITH_KNOTS ( 'NONE', 3,
 ( #5223, #7918, #3199, #382, #7418, #5993, #8586, #6552, #8009, #5122, #2369, #1621, #8764, #8723, #237, #3748, #1668, #3113, #5805, #6599, #1713, #4487, #2319, #4441, #7238, #2509, #1812, #7284, #2460, #3795, #4534, #5321, #926, #3059, #7329, #8642, #5909, #8684, #5270, #4625, #1114, #3845, #8054, #6648, #193, #5176, #3013, #973, #1762, #3153, #5949, #4580, #7376, #1067, #3892, #6692, #629, #8378, #3445, #6206, #1318, #2702, #6246, #1184, #9014, #7611, #542, #3486, #5481, #4869, #666, #3360, #6885, #590, #1225, #8926, #2060, #7523, #4129 ),
 .UNSPECIFIED., .F., .F.,
 ( 4, 3, 3, 3, 3, 3, 3, 3, 3, 3, 3, 3, 3, 3, 3, 3, 3, 3, 3, 3, 3, 3, 3, 3, 3, 3, 4 ),
 ( 4.286848055370999575E-14, 0.08647243886491678966, 0.1732742612942569926, 0.2600113997888519601, 0.3464460503216100218, 0.3895516495351519781, 0.4328109214569419438, 0.4762181371825829901, 0.5196954219172610356, 0.5631682032329430321, 0.6065695393095740240, 0.6929718653016709862, 0.7362055561289611028, 0.7795962930606280539, 0.8230740193816599160, 0.8665618979324539728, 0.9099817193763790613, 0.9532591465840030143, 0.9963831167745729189, 1.039617762303729931, 1.082954839188359886, 1.126325765746799989, 1.169658583468049962, 1.212882065653820174, 1.299236042172579930, 1.342551676894349955, 1.385879582367410157 ),
 .UNSPECIFIED. ) ;
#3139 = VERTEX_POINT ( 'NONE', #4000 ) ;
#3140 = SURFACE_SIDE_STYLE ('',( #1057 ) ) ;
#3141 = CARTESIAN_POINT ( 'NONE',  ( -27.62499999999999645, 8.049116928532395765E-16, 1.817407180272651468 ) ) ;
#3142 = ADVANCED_FACE ( 'NONE', ( #9002 ), #2740, .T. ) ;
#3143 = VERTEX_POINT ( 'NONE', #5424 ) ;
#3144 = VERTEX_POINT ( 'NONE', #6420 ) ;
#3145 = ADVANCED_FACE ( 'NONE', ( #7642 ), #4897, .F. ) ;
#3146 = PLANE ( 'NONE',  #775 ) ;
#3147 = FACE_OUTER_BOUND ( 'NONE', #1756, .T. ) ;
#3148 = LINE ( 'NONE', #6595, #6892 ) ;
#3149 = ORIENTED_EDGE ( 'NONE', *, *, #8073, .F. ) ;
#3150 = DIRECTION ( 'NONE',  ( 2.102964564689860617E-32, -1.000000000000000000, 2.220446049250313574E-16 ) ) ;
#3151 = CARTESIAN_POINT ( 'NONE',  ( 26.57641346008500349, 12.39730188667010147, -3.965658508621492384 ) ) ;
#3152 = DIRECTION ( 'NONE',  ( 1.000000000000000000, 6.162975822039154730E-33, 2.465190328815661892E-32 ) ) ;
#3153 = CARTESIAN_POINT ( 'NONE',  ( 29.93457114437819655, 8.858593335528398782, -0.3718254155903200631 ) ) ;
#3154 = EDGE_LOOP ( 'NONE', ( #3599, #8643, #4755, #7626 ) ) ;
#3155 = DIRECTION ( 'NONE',  ( 0.000000000000000000, 0.000000000000000000, -1.000000000000000000 ) ) ;
#3156 = DIRECTION ( 'NONE',  ( -0.000000000000000000, 1.000000000000000000, -0.000000000000000000 ) ) ;
#3157 = AXIS2_PLACEMENT_3D ( 'NONE', #1137, #6883, #752 ) ;
#3158 = VERTEX_POINT ( 'NONE', #8505 ) ;
#3159 = CARTESIAN_POINT ( 'NONE',  ( -27.65215850329121139, 8.843018263682299818, -0.4205632591577895263 ) ) ;
#3160 = PLANE ( 'NONE',  #6469 ) ;
#3161 = ORIENTED_EDGE ( 'NONE', *, *, #5252, .F. ) ;
#3162 = VECTOR ( 'NONE', #563, 1000.000000000000000 ) ;
#3163 = DIRECTION ( 'NONE',  ( 6.162975822039150624E-33, -1.000000000000000000, 2.220446049250313574E-16 ) ) ;
#3164 = ORIENTED_EDGE ( 'NONE', *, *, #792, .T. ) ;
#3165 = FACE_OUTER_BOUND ( 'NONE', #9017, .T. ) ;
#3166 = CARTESIAN_POINT ( 'NONE',  ( 28.39999999999999503, 10.72111025509270377, 2.078889744906680104 ) ) ;
#3167 = CARTESIAN_POINT ( 'NONE',  ( 27.62093003959799375, 8.926074539750500136, -0.2051556597979526386 ) ) ;
#3168 = DIRECTION ( 'NONE',  ( 0.000000000000000000, -0.7071067811864789610, 0.7071067811866160735 ) ) ;
#3169 = VECTOR ( 'NONE', #584, 1000.000000000000000 ) ;
#3170 = EDGE_LOOP ( 'NONE', ( #7404, #5374, #5508, #549, #6195, #2754 ) ) ;
#3171 = CARTESIAN_POINT ( 'NONE',  ( -28.95000000000000284, 7.225050937922400607, 1.666696453860480931 ) ) ;
#3172 = CARTESIAN_POINT ( 'NONE',  ( -30.64999999999999503, 3.016894614386100848, -3.944843712904898325 ) ) ;
#3173 = CARTESIAN_POINT ( 'NONE',  ( 30.06352800510298096, 8.707534283254600993, -0.4999999999999922284 ) ) ;
#3174 = ORIENTED_EDGE ( 'NONE', *, *, #4766, .F. ) ;
#3175 = CIRCLE ( 'NONE', #375, 0.2000000000000000944 ) ;
#3176 = PRESENTATION_STYLE_ASSIGNMENT (( #352 ) ) ;
#3177 = DIRECTION ( 'NONE',  ( 1.000000000000000000, 6.162975822039154730E-33, 2.465190328815661892E-32 ) ) ;
#3178 = CARTESIAN_POINT ( 'NONE',  ( -26.75000000000001066, 9.146826233591601962, -0.3941071819292003009 ) ) ;
#3179 = EDGE_CURVE ( 'NONE', #6772, #4797, #2179, .T. ) ;
#3180 = VECTOR ( 'NONE', #7262, 1000.000000000000114 ) ;
#3181 = ORIENTED_EDGE ( 'NONE', *, *, #3884, .F. ) ;
#3182 = ORIENTED_EDGE ( 'NONE', *, *, #8280, .T. ) ;
#3183 = DIRECTION ( 'NONE',  ( -1.000000000000000000, -6.162975822039154730E-33, -2.465190328815661892E-32 ) ) ;
#3184 = CARTESIAN_POINT ( 'NONE',  ( -28.37324928764270382, 8.847006307349001730, -0.4075909618375689880 ) ) ;
#3185 = ORIENTED_EDGE ( 'NONE', *, *, #7825, .F. ) ;
#3186 = ORIENTED_EDGE ( 'NONE', *, *, #1956, .F. ) ;
#3187 = ADVANCED_FACE ( 'NONE', ( #3661 ), #1440, .T. ) ;
#3188 = SURFACE_STYLE_FILL_AREA ( #5900 ) ;
#3189 = CARTESIAN_POINT ( 'NONE',  ( -20.32000000000000384, 11.50000000000000000, -5.126471437761198402 ) ) ;
#3190 = SHAPE_DEFINITION_REPRESENTATION ( #3594, #74 ) ;
#3191 = EDGE_CURVE ( 'NONE', #7480, #8258, #8327, .T. ) ;
#3192 = ADVANCED_FACE ( 'NONE', ( #1521 ), #4339, .T. ) ;
#3193 = CARTESIAN_POINT ( 'NONE',  ( -30.75000000000000000, 1.670670136135498751, -3.944843712904898325 ) ) ;
#3194 = EDGE_CURVE ( 'NONE', #3277, #7749, #163, .T. ) ;
#3195 = EDGE_LOOP ( 'NONE', ( #1382, #3769, #7020, #3986, #2808 ) ) ;
#3196 = LINE ( 'NONE', #5219, #5880 ) ;
#3197 = DIRECTION ( 'NONE',  ( -1.000000000000000000, -6.162975822039154730E-33, -2.465190328815661892E-32 ) ) ;
#3198 = CARTESIAN_POINT ( 'NONE',  ( 28.79000000000003823, 13.10000000000000142, -1.507106781186539735 ) ) ;
#3199 = CARTESIAN_POINT ( 'NONE',  ( 30.29922683999280153, 9.254073569774403651, 0.2589467002751585367 ) ) ;
#3200 = ORIENTED_EDGE ( 'NONE', *, *, #4474, .T. ) ;
#3201 = CARTESIAN_POINT ( 'NONE',  ( 26.69137226816549457, 8.837811387977401623, -0.4382110761891513384 ) ) ;
#3202 = LINE ( 'NONE', #1070, #4824 ) ;
#3203 = CARTESIAN_POINT ( 'NONE',  ( 26.76736669401830326, -3.981382401604799171, -8.390002400000385663 ) ) ;
#3204 = ADVANCED_FACE ( 'NONE', ( #3569 ), #832, .F. ) ;
#3205 = PRESENTATION_LAYER_ASSIGNMENT (  '', '', ( #5678 ) ) ;
#3206 = VERTEX_POINT ( 'NONE', #6332 ) ;
#3207 =( BOUNDED_CURVE ( )  B_SPLINE_CURVE ( 3, ( #110, #5125, #3613, #4338 ),
 .UNSPECIFIED., .F., .T. ) 
 B_SPLINE_CURVE_WITH_KNOTS ( ( 4, 4 ),
 ( 0.1450241442997720343, 1.570796326794896558 ),
 .UNSPECIFIED. ) 
 CURVE ( )  GEOMETRIC_REPRESENTATION_ITEM ( )  RATIONAL_B_SPLINE_CURVE ( ( 1.000000000000000000, 0.8376516456444781378, 0.8376516456444781378, 1.000000000000000000 ) ) 
 REPRESENTATION_ITEM ( '' )  );
#3208 = CARTESIAN_POINT ( 'NONE',  ( -27.45435542175260579, 8.890951735269100098, -0.2850401646288958646 ) ) ;
#3209 = CARTESIAN_POINT ( 'NONE',  ( 26.99999999999999645, 7.400624110387701293, 2.321944453947189846 ) ) ;
#3210 = ORIENTED_EDGE ( 'NONE', *, *, #1831, .F. ) ;
#3211 = ORIENTED_EDGE ( 'NONE', *, *, #9037, .F. ) ;
#3212 = LINE ( 'NONE', #5783, #1888 ) ;
#3213 = AXIS2_PLACEMENT_3D ( 'NONE', #1624, #6695, #3155 ) ;
#3214 = VECTOR ( 'NONE', #2692, 1000.000000000000000 ) ;
#3215 = DIRECTION ( 'NONE',  ( -1.000000000000000000, -6.162975822039154730E-33, -2.465190328815661892E-32 ) ) ;
#3216 = VECTOR ( 'NONE', #6592, 1000.000000000000114 ) ;
#3217 = ORIENTED_EDGE ( 'NONE', *, *, #7788, .T. ) ;
#3218 = DIRECTION ( 'NONE',  ( 6.162975822039150624E-33, -1.000000000000000000, 2.220446049250313574E-16 ) ) ;
#3219 = FACE_OUTER_BOUND ( 'NONE', #180, .T. ) ;
#3220 = ORIENTED_EDGE ( 'NONE', *, *, #6544, .F. ) ;
#3221 = LINE ( 'NONE', #6803, #2524 ) ;
#3222 = CARTESIAN_POINT ( 'NONE',  ( 26.62499999999999645, 8.049116928532395765E-16, -3.910000000000392273 ) ) ;
#3223 = CYLINDRICAL_SURFACE ( 'NONE', #3157, 0.5000000000000004441 ) ;
#3224 = VECTOR ( 'NONE', #2304, 1000.000000000000000 ) ;
#3225 = PRESENTATION_STYLE_ASSIGNMENT (( #5245 ) ) ;
#3226 = ORIENTED_EDGE ( 'NONE', *, *, #8494, .T. ) ;
#3227 = ORIENTED_EDGE ( 'NONE', *, *, #4878, .F. ) ;
#3228 = LINE ( 'NONE', #4701, #1895 ) ;
#3229 = CARTESIAN_POINT ( 'NONE',  ( -28.77091802757290750, 9.104771610287100359, 0.08503146781112073949 ) ) ;
#3230 = CARTESIAN_POINT ( 'NONE',  ( -29.05327016919776639, 10.66863707979277009, 1.955133692238854692 ) ) ;
#3231 = AXIS2_PLACEMENT_3D ( 'NONE', #2635, #2585, #5402 ) ;
#3232 = ORIENTED_EDGE ( 'NONE', *, *, #6871, .F. ) ;
#3233 = ORIENTED_EDGE ( 'NONE', *, *, #3468, .F. ) ;
#3234 = MANIFOLD_SOLID_BREP ( 'Split1[2]', #4723 ) ;
#3235 = APPLICATION_PROTOCOL_DEFINITION ( 'draft international standard', 'automotive_design', 1998, #1087 ) ;
#3236 = VECTOR ( 'NONE', #5687, 1000.000000000000000 ) ;
#3237 = AXIS2_PLACEMENT_3D ( 'NONE', #1747, #8527, #959 ) ;
#3238 = VECTOR ( 'NONE', #2550, 1000.000000000000000 ) ;
#3239 = LINE ( 'NONE', #3788, #7761 ) ;
#3240 = EDGE_LOOP ( 'NONE', ( #670, #1425, #737, #2295, #5683 ) ) ;
#3241 = DIRECTION ( 'NONE',  ( 4.930380657631323784E-32, 0.3420201433256818691, -0.9396926207859036539 ) ) ;
#3242 = DIRECTION ( 'NONE',  ( 3.610187651973074301E-33, 0.7071067811865470176, 0.7071067811865479058 ) ) ;
#3243 = DIRECTION ( 'NONE',  ( 2.465190328815661345E-32, -6.137086701989279675E-49, -1.000000000000000000 ) ) ;
#3244 = LINE ( 'NONE', #5459, #8786 ) ;
#3245 = FACE_OUTER_BOUND ( 'NONE', #7243, .T. ) ;
#3246 = EDGE_CURVE ( 'NONE', #399, #7330, #63, .T. ) ;
#3247 = VECTOR ( 'NONE', #2364, 1000.000000000000114 ) ;
#3248 = ORIENTED_EDGE ( 'NONE', *, *, #3876, .T. ) ;
#3249 = ORIENTED_EDGE ( 'NONE', *, *, #8609, .T. ) ;
#3250 = CARTESIAN_POINT ( 'NONE',  ( 26.88484518503350529, 8.823255851435597208, -0.4921945867926418861 ) ) ;
#3251 = CARTESIAN_POINT ( 'NONE',  ( 27.95000000000000284, 8.699502414410101636, -0.1421431015282015875 ) ) ;
#3252 = DIRECTION ( 'NONE',  ( -6.162975822039150624E-33, 1.000000000000000000, -2.220446049250313574E-16 ) ) ;
#3253 = EDGE_CURVE ( 'NONE', #2540, #1575, #8367, .T. ) ;
#3254 = EDGE_CURVE ( 'NONE', #3139, #8182, #2494, .T. ) ;
#3255 = VECTOR ( 'NONE', #3747, 1000.000000000000000 ) ;
#3256 = EDGE_CURVE ( 'NONE', #3261, #1064, #2825, .T. ) ;
#3257 = AXIS2_PLACEMENT_3D ( 'NONE', #3273, #8832, #8875 ) ;
#3258 = ORIENTED_EDGE ( 'NONE', *, *, #6500, .F. ) ;
#3259 = CARTESIAN_POINT ( 'NONE',  ( -27.73161643048560521, 8.833405360466999312, -0.4537755725756310032 ) ) ;
#3260 = EDGE_CURVE ( 'NONE', #4560, #2789, #5673, .T. ) ;
#3261 = VERTEX_POINT ( 'NONE', #1716 ) ;
#3262 = ADVANCED_FACE ( 'NONE', ( #5810 ), #5274, .T. ) ;
#3263 = VERTEX_POINT ( 'NONE', #7334 ) ;
#3264 = LINE ( 'NONE', #5058, #8461 ) ;
#3265 =( GEOMETRIC_REPRESENTATION_CONTEXT ( 3 ) GLOBAL_UNCERTAINTY_ASSIGNED_CONTEXT ( ( #6707 ) ) GLOBAL_UNIT_ASSIGNED_CONTEXT ( ( #6066, #1182, #1223 ) ) REPRESENTATION_CONTEXT ( 'NONE', 'WORKASPACE' ) );
#3266 = CARTESIAN_POINT ( 'NONE',  ( 29.20399149855239074, -3.500000000000399680, -5.999999999999990230 ) ) ;
#3267 = B_SPLINE_CURVE_WITH_KNOTS ( 'NONE', 3,
 ( #5839, #2305, #2399, #1603, #7900, #7223, #907, #3732, #3045, #2625, #5306, #6170, #1145, #5486, #7446, #1884, #8933, #5444, #1278, #8219, #8171, #8837, #4702, #1936, #3184, #4747, #501, #2537, #8257, #3963, #6851, #2669, #5352, #2576, #5396, #8746, #7491, #8087, #1800, #3320, #1189, #8131, #7527, #2490, #1230, #548, #1976, #6677, #4053, #4794, #6721, #7571, #414, #3369, #8885, #362, #5974, #6122, #4615, #7406, #4011, #1097, #1840, #3919, #6808, #6770, #461, #4658, #3229, #6028, #8796, #3280, #6074, #6301, #35, #597, #2017, #8971, #8384 ),
 .UNSPECIFIED., .F., .F.,
 ( 4, 3, 3, 3, 3, 3, 3, 3, 3, 3, 3, 3, 3, 3, 3, 3, 3, 3, 3, 3, 3, 3, 3, 3, 3, 3, 4 ),
 ( 0.000000000000000000, 0.04332790547313390001, 0.08664354019495590364, 0.1729975167138619874, 0.2162209988996740273, 0.2595538166209919728, 0.3029247431795160095, 0.3462618200642069710, 0.3894964655934179953, 0.4326204357840629511, 0.4758978629917510195, 0.5193176844357390021, 0.5628055629865950094, 0.6062832893077039209, 0.6496740262394260501, 0.6929077170667830021, 0.7793100430590158556, 0.8227113791357211214, 0.8661841604514639581, 0.9096614451862059525, 0.9530686609119100039, 0.9963279328337569796, 1.039433532047359998, 1.125868182580250121, 1.212605321074980091, 1.299407143504450080, 1.385879582368439999 ),
 .UNSPECIFIED. ) ;
#3268 = ORIENTED_EDGE ( 'NONE', *, *, #3301, .T. ) ;
#3269 = FACE_OUTER_BOUND ( 'NONE', #3324, .T. ) ;
#3270 = CARTESIAN_POINT ( 'NONE',  ( 28.70000000000000284, 11.46816914538750076, 0.3000000000000103140 ) ) ;
#3271 = ORIENTED_EDGE ( 'NONE', *, *, #8119, .F. ) ;
#3272 = FACE_BOUND ( 'NONE', #4322, .T. ) ;
#3273 = CARTESIAN_POINT ( 'NONE',  ( 30.75000000000000000, 11.50000000000000000, 1.092893218812767575 ) ) ;
#3274 = DIRECTION ( 'NONE',  ( -1.000000000000000000, -6.162975822039154730E-33, -2.465190328815661892E-32 ) ) ;
#3275 = VECTOR ( 'NONE', #7224, 1000.000000000000000 ) ;
#3276 = DIRECTION ( 'NONE',  ( -6.162975822039150624E-33, 1.000000000000000000, -2.220446049250313574E-16 ) ) ;
#3277 = VERTEX_POINT ( 'NONE', #4538 ) ;
#3278 = VERTEX_POINT ( 'NONE', #2464 ) ;
#3279 = PLANE ( 'NONE',  #8911 ) ;
#3280 = CARTESIAN_POINT ( 'NONE',  ( -28.78643029728329594, 9.158030092238401920, 0.1516280025346521954 ) ) ;
#3281 = DIRECTION ( 'NONE',  ( -1.000000000000000000, -6.162975822039154730E-33, -2.465190328815661892E-32 ) ) ;
#3282 = VERTEX_POINT ( 'NONE', #1029 ) ;
#3283 = ORIENTED_EDGE ( 'NONE', *, *, #1314, .T. ) ;
#3284 =( NAMED_UNIT ( * ) PLANE_ANGLE_UNIT ( ) SI_UNIT ( $, .RADIAN. ) );
#3285 = ORIENTED_EDGE ( 'NONE', *, *, #6977, .T. ) ;
#3286 = LINE ( 'NONE', #7533, #283 ) ;
#3287 = DIRECTION ( 'NONE',  ( -1.000000000000000000, -6.162975822039154730E-33, -2.465190328815661892E-32 ) ) ;
#3288 = FACE_OUTER_BOUND ( 'NONE', #8818, .T. ) ;
#3289 = ORIENTED_EDGE ( 'NONE', *, *, #2895, .T. ) ;
#3290 = DIRECTION ( 'NONE',  ( -2.465190328815661618E-32, 2.220446049250313574E-16, 1.000000000000000000 ) ) ;
#3291 = EDGE_CURVE ( 'NONE', #8424, #6577, #8590, .T. ) ;
#3292 = PLANE ( 'NONE',  #133 ) ;
#3293 = EDGE_CURVE ( 'NONE', #2819, #5872, #5228, .T. ) ;
#3294 = ORIENTED_EDGE ( 'NONE', *, *, #8213, .F. ) ;
#3295 = CARTESIAN_POINT ( 'NONE',  ( -27.88484518503360476, 8.823255851435597208, -0.4921945867926592055 ) ) ;
#3296 = CARTESIAN_POINT ( 'NONE',  ( 26.99999999999999645, 8.821320343559701627, -0.4999999999999917843 ) ) ;
#3297 = ORIENTED_EDGE ( 'NONE', *, *, #358, .T. ) ;
#3298 = CARTESIAN_POINT ( 'NONE',  ( 28.54999999999999361, 8.699502414407600526, -0.1421431015306718337 ) ) ;
#3299 = VERTEX_POINT ( 'NONE', #333 ) ;
#3300 = DIRECTION ( 'NONE',  ( 8.377077475353881224E-17, 0.9396926207859096492, -0.3420201433256651602 ) ) ;
#3301 = EDGE_CURVE ( 'NONE', #7, #6062, #978, .T. ) ;
#3302 = LINE ( 'NONE', #4815, #1427 ) ;
#3303 = EDGE_CURVE ( 'NONE', #8442, #6209, #3801, .T. ) ;
#3304 = EDGE_CURVE ( 'NONE', #3718, #1181, #5953, .T. ) ;
#3305 = VECTOR ( 'NONE', #6235, 1000.000000000000000 ) ;
#3306 =( BOUNDED_CURVE ( )  B_SPLINE_CURVE ( 3, ( #2381, #1683, #991, #5187 ),
 .UNSPECIFIED., .F., .T. ) 
 B_SPLINE_CURVE_WITH_KNOTS ( ( 4, 4 ),
 ( 4.300872134316332307, 5.020781744122428947 ),
 .UNSPECIFIED. ) 
 CURVE ( )  GEOMETRIC_REPRESENTATION_ITEM ( )  RATIONAL_B_SPLINE_CURVE ( ( 1.000000000000000000, 0.9572751625268172138, 0.9572751625268172138, 1.000000000000000000 ) ) 
 REPRESENTATION_ITEM ( '' )  );
#3307 = VERTEX_POINT ( 'NONE', #5084 ) ;
#3308 = EDGE_CURVE ( 'NONE', #8472, #1064, #5127, .T. ) ;
#3309 = LINE ( 'NONE', #8206, #266 ) ;
#3310 = DIRECTION ( 'NONE',  ( -1.000000000000000000, -6.162975822039154730E-33, -2.465190328815661892E-32 ) ) ;
#3311 = ORIENTED_EDGE ( 'NONE', *, *, #2570, .T. ) ;
#3312 = CARTESIAN_POINT ( 'NONE',  ( 29.86999999999999389, 8.049116928532395765E-16, -1.299999999999988720 ) ) ;
#3313 = DIRECTION ( 'NONE',  ( -2.178940998026185355E-32, 0.7071067811866160735, 0.7071067811864790720 ) ) ;
#3314 = AXIS2_PLACEMENT_3D ( 'NONE', #7293, #933, #883 ) ;
#3315 = STYLED_ITEM ( 'NONE', ( #3526 ), #1041 ) ;
#3316 = DIRECTION ( 'NONE',  ( 2.826209094012968775E-32, 0.7071067811865481278, 0.7071067811865470176 ) ) ;
#3317 = ORIENTED_EDGE ( 'NONE', *, *, #4075, .F. ) ;
#3318 = ORIENTED_EDGE ( 'NONE', *, *, #3478, .T. ) ;
#3319 = LINE ( 'NONE', #1883, #7473 ) ;
#3320 = CARTESIAN_POINT ( 'NONE',  ( -28.54564457824811186, 8.890951735269300826, -0.2850401646282991197 ) ) ;
#3321 = CARTESIAN_POINT ( 'NONE',  ( 25.65504693199720165, 8.049116928532395765E-16, -0.4999999999999900080 ) ) ;
#3322 = FILL_AREA_STYLE_COLOUR ( '', #2014 ) ;
#3323 = VECTOR ( 'NONE', #2905, 1000.000000000000000 ) ;
#3324 = EDGE_LOOP ( 'NONE', ( #4032, #5202, #7130, #5515 ) ) ;
#3325 = ORIENTED_EDGE ( 'NONE', *, *, #8756, .T. ) ;
#3326 = DIRECTION ( 'NONE',  ( 2.964296775167248380E-17, -0.7071067811864790720, 0.7071067811866160735 ) ) ;
#3327 = DIRECTION ( 'NONE',  ( -1.000000000000000000, -6.162975822039154730E-33, -2.465190328815661892E-32 ) ) ;
#3328 = CARTESIAN_POINT ( 'NONE',  ( -28.46749863815790960, 12.10075045774459923, -3.877405964805100691 ) ) ;
#3329 = PRODUCT_CONTEXT ( 'NONE', #7542, 'mechanical' ) ;
#3330 = CIRCLE ( 'NONE', #7697, 1.730940107676021578 ) ;
#3331 = ORIENTED_EDGE ( 'NONE', *, *, #2847, .F. ) ;
#3332 = CYLINDRICAL_SURFACE ( 'NONE', #3231, 0.2283621302927940910 ) ;
#3333 = CYLINDRICAL_SURFACE ( 'NONE', #5138, 0.5000000000000000000 ) ;
#3334 = DIRECTION ( 'NONE',  ( -1.000000000000000000, -6.162975822039154730E-33, -2.465190328815661892E-32 ) ) ;
#3335 = CARTESIAN_POINT ( 'NONE',  ( -30.64999999999999503, 0.7107958125781029812, -5.499999999999998224 ) ) ;
#3336 = CARTESIAN_POINT ( 'NONE',  ( -27.20000000000000284, 11.50000000000000000, 1.299999999999280842 ) ) ;
#3337 = VECTOR ( 'NONE', #408, 1000.000000000000000 ) ;
#3338 = EDGE_LOOP ( 'NONE', ( #6248, #310, #6219, #761 ) ) ;
#3339 = ORIENTED_EDGE ( 'NONE', *, *, #1052, .F. ) ;
#3340 = CARTESIAN_POINT ( 'NONE',  ( 26.24340349033180075, 9.071773227855802091, 0.04007362281238831259 ) ) ;
#3341 = DIRECTION ( 'NONE',  ( 1.000000000000000000, 6.162975822039154730E-33, 2.465190328815661892E-32 ) ) ;
#3342 = CARTESIAN_POINT ( 'NONE',  ( -28.75679224300349901, 8.049116928532395765E-16, 0.7082077569961630070 ) ) ;
#3343 = CARTESIAN_POINT ( 'NONE',  ( -27.82843122685059356, 8.826012422144900782, -0.4813860480453960866 ) ) ;
#3344 = DIRECTION ( 'NONE',  ( 0.000000000000000000, 0.000000000000000000, 1.000000000000000000 ) ) ;
#3345 = ORIENTED_EDGE ( 'NONE', *, *, #4478, .T. ) ;
#3346 = EDGE_CURVE ( 'NONE', #4648, #2832, #6163, .T. ) ;
#3347 = CARTESIAN_POINT ( 'NONE',  ( 30.84999999999999787, 10.44041172565139952, -1.299999999999990496 ) ) ;
#3348 = DIRECTION ( 'NONE',  ( -1.000000000000000000, -6.162975822039154730E-33, -2.465190328815661892E-32 ) ) ;
#3349 = VECTOR ( 'NONE', #6029, 1000.000000000000114 ) ;
#3350 = VECTOR ( 'NONE', #7188, 1000.000000000000000 ) ;
#3351 = EDGE_CURVE ( 'NONE', #378, #1334, #7380, .T. ) ;
#3352 = ORIENTED_EDGE ( 'NONE', *, *, #6875, .F. ) ;
#3353 = VECTOR ( 'NONE', #5755, 1000.000000000000000 ) ;
#3354 = CARTESIAN_POINT ( 'NONE',  ( 29.41353604562819868, 8.822479418890399216, -0.4953137648716788299 ) ) ;
#3355 = ORIENTED_EDGE ( 'NONE', *, *, #305, .T. ) ;
#3356 = EDGE_CURVE ( 'NONE', #4880, #5416, #7869, .T. ) ;
#3357 = DIRECTION ( 'NONE',  ( 5.801957056841933239E-32, -0.7071067811866160735, -0.7071067811864790720 ) ) ;
#3358 = DIRECTION ( 'NONE',  ( -6.162975822039150624E-33, 1.000000000000000000, -2.220446049250313574E-16 ) ) ;
#3359 = AXIS2_PLACEMENT_3D ( 'NONE', #3178, #4611, #1138 ) ;
#3360 = CARTESIAN_POINT ( 'NONE',  ( 29.61515481496639168, 8.823255851435597208, -0.4921945867926522666 ) ) ;
#3361 = EDGE_CURVE ( 'NONE', #8258, #3796, #6697, .T. ) ;
#3362 = AXIS2_PLACEMENT_3D ( 'NONE', #2558, #1589, #2989 ) ;
#3363 = ADVANCED_FACE ( 'NONE', ( #8545 ), #8688, .T. ) ;
#3364 = CARTESIAN_POINT ( 'NONE',  ( -29.25000000000001066, 12.28524271247460220, -3.800000000000001155 ) ) ;
#3365 = ORIENTED_EDGE ( 'NONE', *, *, #7664, .F. ) ;
#3366 = VECTOR ( 'NONE', #4902, 1000.000000000000000 ) ;
#3367 = ORIENTED_EDGE ( 'NONE', *, *, #3812, .F. ) ;
#3368 = DIRECTION ( 'NONE',  ( -1.000000000000000000, -6.162975822039154730E-33, -2.465190328815661892E-32 ) ) ;
#3369 = CARTESIAN_POINT ( 'NONE',  ( -28.68887253694139972, 8.977446171826702681, -0.1069672005133779497 ) ) ;
#3370 = PRESENTATION_STYLE_ASSIGNMENT (( #7617 ) ) ;
#3371 = EDGE_CURVE ( 'NONE', #3789, #8595, #7757, .T. ) ;
#3372 = CIRCLE ( 'NONE', #6603, 0.1580968594334401511 ) ;
#3373 = ORIENTED_EDGE ( 'NONE', *, *, #1052, .T. ) ;
#3374 = DIRECTION ( 'NONE',  ( 0.9961946980917455452, -0.08715574274765815199, -1.479114197289397135E-31 ) ) ;
#3375 = LINE ( 'NONE', #6177, #5577 ) ;
#3376 = CARTESIAN_POINT ( 'NONE',  ( -29.25000000000001066, 12.42666406871190077, -3.941421356237300611 ) ) ;
#3377 =( GEOMETRIC_REPRESENTATION_CONTEXT ( 3 ) GLOBAL_UNCERTAINTY_ASSIGNED_CONTEXT ( ( #8350 ) ) GLOBAL_UNIT_ASSIGNED_CONTEXT ( ( #9064, #7304, #4458 ) ) REPRESENTATION_CONTEXT ( 'NONE', 'WORKASPACE' ) );
#3378 = AXIS2_PLACEMENT_3D ( 'NONE', #6556, #931, #2416 ) ;
#3379 = ORIENTED_EDGE ( 'NONE', *, *, #3687, .T. ) ;
#3380 = DIRECTION ( 'NONE',  ( -3.453703122491624796E-31, 0.3420201433256738754, 0.9396926207859065405 ) ) ;
#3381 = DIRECTION ( 'NONE',  ( 0.000000000000000000, 0.000000000000000000, 1.000000000000000000 ) ) ;
#3382 = FACE_BOUND ( 'NONE', #2979, .T. ) ;
#3383 = CARTESIAN_POINT ( 'NONE',  ( -28.17999999999999616, -2.900000000000399591, 1.509999999999661391 ) ) ;
#3384 =( BOUNDED_CURVE ( )  B_SPLINE_CURVE ( 3, ( #490, #6873, #8117, #7431 ),
 .UNSPECIFIED., .F., .T. ) 
 B_SPLINE_CURVE_WITH_KNOTS ( ( 4, 4 ),
 ( 3.141592653589793116, 4.712388980384689674 ),
 .UNSPECIFIED. ) 
 CURVE ( )  GEOMETRIC_REPRESENTATION_ITEM ( )  RATIONAL_B_SPLINE_CURVE ( ( 1.000000000000000000, 0.8047378541243649375, 0.8047378541243649375, 1.000000000000000000 ) ) 
 REPRESENTATION_ITEM ( '' )  );
#3385 = EDGE_LOOP ( 'NONE', ( #7493, #4618, #6785, #7587 ) ) ;
#3386 = ORIENTED_EDGE ( 'NONE', *, *, #6036, .F. ) ;
#3387 = DIRECTION ( 'NONE',  ( 1.000000000000000000, 6.162975822039154730E-33, 2.449293598294709866E-16 ) ) ;
#3388 = VECTOR ( 'NONE', #2200, 1000.000000000000000 ) ;
#3389 = CARTESIAN_POINT ( 'NONE',  ( 26.40582648974819335, 8.911989682365499377, -0.2358567776427327733 ) ) ;
#3390 = CARTESIAN_POINT ( 'NONE',  ( 26.99999999999999645, 8.049116928532395765E-16, -3.700000000000390532 ) ) ;
#3391 = AXIS2_PLACEMENT_3D ( 'NONE', #2125, #4330, #4937 ) ;
#3392 = CARTESIAN_POINT ( 'NONE',  ( -27.05000000000000426, 7.225050937922400607, 1.666696453860480931 ) ) ;
#3393 = ORIENTED_EDGE ( 'NONE', *, *, #8011, .F. ) ;
#3394 = ORIENTED_EDGE ( 'NONE', *, *, #979, .T. ) ;
#3395 = VECTOR ( 'NONE', #4448, 1000.000000000000000 ) ;
#3396 = LINE ( 'NONE', #5542, #5239 ) ;
#3397 = CARTESIAN_POINT ( 'NONE',  ( -30.75000000000000000, 0.7107958125781029812, -5.289204187421996828 ) ) ;
#3398 = CYLINDRICAL_SURFACE ( 'NONE', #509, 0.1580968594334392630 ) ;
#3399 = ORIENTED_EDGE ( 'NONE', *, *, #9044, .F. ) ;
#3400 = CARTESIAN_POINT ( 'NONE',  ( -30.75000000000000000, 1.430721185162701303, -3.944843712904794408 ) ) ;
#3401 = VECTOR ( 'NONE', #3531, 1000.000000000000000 ) ;
#3402 = VECTOR ( 'NONE', #8031, 1000.000000000000114 ) ;
#3403 = LINE ( 'NONE', #621, #2569 ) ;
#3404 = DIRECTION ( 'NONE',  ( 2.465190328815661345E-32, -6.137086701989279675E-49, -1.000000000000000000 ) ) ;
#3405 = ORIENTED_EDGE ( 'NONE', *, *, #3351, .F. ) ;
#3406 = CARTESIAN_POINT ( 'NONE',  ( 27.37499999999999645, -2.555405713625399589, -3.910000000000392273 ) ) ;
#3407 = CARTESIAN_POINT ( 'NONE',  ( 26.84625566823700638, 12.59999999999999964, -5.999999999999993783 ) ) ;
#3408 = VERTEX_POINT ( 'NONE', #4387 ) ;
#3409 = DIRECTION ( 'NONE',  ( 6.162975822039150624E-33, -1.000000000000000000, 2.220446049250313574E-16 ) ) ;
#3410 = CARTESIAN_POINT ( 'NONE',  ( -27.81999999999999673, 11.99780271866330139, -3.499999999999999556 ) ) ;
#3411 = DIRECTION ( 'NONE',  ( -0.3162277660173681282, 0.6708203932498120192, 0.6708203932498119082 ) ) ;
#3412 = AXIS2_PLACEMENT_3D ( 'NONE', #6362, #4284, #3697 ) ;
#3413 = EDGE_CURVE ( 'NONE', #4976, #8595, #7196, .T. ) ;
#3414 = VERTEX_POINT ( 'NONE', #2372 ) ;
#3415 = ORIENTED_EDGE ( 'NONE', *, *, #311, .F. ) ;
#3416 = CARTESIAN_POINT ( 'NONE',  ( 30.30000000000000071, 11.46816914538750076, 0.3000000000000103140 ) ) ;
#3417 = EDGE_CURVE ( 'NONE', #1181, #1409, #1625, .T. ) ;
#3418 = ORIENTED_EDGE ( 'NONE', *, *, #6267, .F. ) ;
#3419 = CARTESIAN_POINT ( 'NONE',  ( 29.67999999999999972, 13.10000000000000142, -3.268085424949194184 ) ) ;
#3420 = ADVANCED_FACE ( 'NONE', ( #3063 ), #5862, .F. ) ;
#3421 = ADVANCED_FACE ( 'NONE', ( #8814 ), #3292, .T. ) ;
#3422 = ADVANCED_FACE ( 'NONE', ( #4026 ), #6788, .T. ) ;
#3423 = ORIENTED_EDGE ( 'NONE', *, *, #7947, .T. ) ;
#3424 = FACE_OUTER_BOUND ( 'NONE', #1989, .T. ) ;
#3425 = PLANE ( 'NONE',  #5579 ) ;
#3426 = DIRECTION ( 'NONE',  ( 6.162975822039150624E-33, -1.000000000000000000, 2.220446049250313574E-16 ) ) ;
#3427 = DIRECTION ( 'NONE',  ( -3.610187651973906322E-33, -0.7071067811864790720, 0.7071067811866160735 ) ) ;
#3428 = ADVANCED_FACE ( 'NONE', ( #1206 ), #7706, .T. ) ;
#3429 = ORIENTED_EDGE ( 'NONE', *, *, #2626, .F. ) ;
#3430 = CARTESIAN_POINT ( 'NONE',  ( 26.31112746305699801, 8.977446171828200150, -0.1069672005106440255 ) ) ;
#3431 = CARTESIAN_POINT ( 'NONE',  ( 29.12499999999999645, 8.049116928532395765E-16, 0.5799083837662311058 ) ) ;
#3432 = VERTEX_POINT ( 'NONE', #6000 ) ;
#3433 = FACE_OUTER_BOUND ( 'NONE', #6025, .T. ) ;
#3434 = VECTOR ( 'NONE', #5897, 1000.000000000000000 ) ;
#3435 = DIRECTION ( 'NONE',  ( 1.000000000000000000, -6.162975822039154730E-33, -2.465190328815661892E-32 ) ) ;
#3436 = ORIENTED_EDGE ( 'NONE', *, *, #3865, .F. ) ;
#3437 = PLANE ( 'NONE',  #254 ) ;
#3438 = DIRECTION ( 'NONE',  ( 3.172845517115359508E-31, 0.2588190451025210170, 0.9659258262890682012 ) ) ;
#3439 = CARTESIAN_POINT ( 'NONE',  ( 30.46999999999999886, -2.788157328160499215, 1.509999999999660947 ) ) ;
#3440 = ORIENTED_EDGE ( 'NONE', *, *, #735, .T. ) ;
#3441 = DIRECTION ( 'NONE',  ( 2.465190328815661345E-32, -6.137086701989279675E-49, -1.000000000000000000 ) ) ;
#3442 = CARTESIAN_POINT ( 'NONE',  ( 29.35644247607049806, 8.824422934783498818, -0.4875364722500118986 ) ) ;
#3443 = ORIENTED_EDGE ( 'NONE', *, *, #2717, .T. ) ;
#3444 = CARTESIAN_POINT ( 'NONE',  ( 27.17999999999999616, 11.50000000000000000, -4.099999999999992539 ) ) ;
#3445 = CARTESIAN_POINT ( 'NONE',  ( 29.82182729484790684, 8.839454479074298376, -0.4325519150850717365 ) ) ;
#3446 = EDGE_LOOP ( 'NONE', ( #2328, #3232, #1478, #5419 ) ) ;
#3447 = PLANE ( 'NONE',  #3965 ) ;
#3448 = ORIENTED_EDGE ( 'NONE', *, *, #5891, .F. ) ;
#3449 = LINE ( 'NONE', #7873, #2 ) ;
#3450 =( NAMED_UNIT ( * ) SI_UNIT ( $, .STERADIAN. ) SOLID_ANGLE_UNIT ( ) );
#3451 = VECTOR ( 'NONE', #1126, 1000.000000000000000 ) ;
#3452 = ORIENTED_EDGE ( 'NONE', *, *, #643, .F. ) ;
#3453 = DIRECTION ( 'NONE',  ( 0.000000000000000000, 0.000000000000000000, 1.000000000000000000 ) ) ;
#3454 = EDGE_CURVE ( 'NONE', #99, #5899, #1118, .T. ) ;
#3455 = LINE ( 'NONE', #6216, #4110 ) ;
#3456 =( NAMED_UNIT ( * ) SI_UNIT ( $, .STERADIAN. ) SOLID_ANGLE_UNIT ( ) );
#3457 = DIRECTION ( 'NONE',  ( 6.162975822039150624E-33, -1.000000000000000000, 2.220446049250313574E-16 ) ) ;
#3458 = VECTOR ( 'NONE', #2419, 1000.000000000000000 ) ;
#3459 = AXIS2_PLACEMENT_3D ( 'NONE', #226, #4427, #8737 ) ;
#3460 = VERTEX_POINT ( 'NONE', #2514 ) ;
#3461 = CARTESIAN_POINT ( 'NONE',  ( -30.75000000000000000, 3.174991473819500420, -3.786746853471398389 ) ) ;
#3462 = CARTESIAN_POINT ( 'NONE',  ( 26.99999999999999645, 11.09999999999999787, 0.3000000000000103140 ) ) ;
#3463 = EDGE_CURVE ( 'NONE', #5045, #8221, #2595, .T. ) ;
#3464 = ORIENTED_EDGE ( 'NONE', *, *, #1532, .F. ) ;
#3465 = CARTESIAN_POINT ( 'NONE',  ( 26.62499999999999645, -2.900000000000399591, 3.599999999999312195 ) ) ;
#3466 = PRESENTATION_STYLE_ASSIGNMENT (( #774 ) ) ;
#3467 = CARTESIAN_POINT ( 'NONE',  ( 26.20000000000000284, 9.274131101509398789, 0.2796952570165902596 ) ) ;
#3468 = EDGE_CURVE ( 'NONE', #7573, #8295, #6825, .T. ) ;
#3469 = DIRECTION ( 'NONE',  ( 0.2294157338709659766, -0.9733285267844798971, 2.161223481921226417E-16 ) ) ;
#3470 = AXIS2_PLACEMENT_3D ( 'NONE', #8500, #1563, #4992 ) ;
#3471 = EDGE_CURVE ( 'NONE', #5381, #6165, #1251, .T. ) ;
#3472 = ORIENTED_EDGE ( 'NONE', *, *, #1152, .F. ) ;
#3473 = DIRECTION ( 'NONE',  ( 1.000000000000000000, 6.162975822039154730E-33, 2.465190328815661892E-32 ) ) ;
#3474 = DIRECTION ( 'NONE',  ( 0.000000000000000000, 0.000000000000000000, 1.000000000000000000 ) ) ;
#3475 = VECTOR ( 'NONE', #7360, 1000.000000000000000 ) ;
#3476 = FACE_OUTER_BOUND ( 'NONE', #5191, .T. ) ;
#3477 = ORIENTED_EDGE ( 'NONE', *, *, #8869, .F. ) ;
#3478 = EDGE_CURVE ( 'NONE', #6522, #6094, #1858, .T. ) ;
#3479 = CARTESIAN_POINT ( 'NONE',  ( 26.95000000000000284, 12.59999999999999964, -7.200002399999990921 ) ) ;
#3480 = CIRCLE ( 'NONE', #8017, 0.5000000000000004441 ) ;
#3481 = ORIENTED_EDGE ( 'NONE', *, *, #598, .T. ) ;
#3482 = DIRECTION ( 'NONE',  ( -1.000000000000000000, -6.162975822039154730E-33, -2.465190328815661892E-32 ) ) ;
#3483 = CARTESIAN_POINT ( 'NONE',  ( 29.50000000000000000, 8.821320343559701627, -0.4999999999999917843 ) ) ;
#3484 = ORIENTED_EDGE ( 'NONE', *, *, #1195, .T. ) ;
#3485 = DIRECTION ( 'NONE',  ( -1.000000000000000000, -6.162975822039154730E-33, -2.465190328815661892E-32 ) ) ;
#3486 = CARTESIAN_POINT ( 'NONE',  ( 29.69956048544679206, 8.827712827613797941, -0.4748437240679904137 ) ) ;
#3487 = CONICAL_SURFACE ( 'NONE', #2019, 1.500000000000001776, 0.5235987755982987046 ) ;
#3488 = PRESENTATION_LAYER_ASSIGNMENT (  '', '', ( #980 ) ) ;
#3489 = ORIENTED_EDGE ( 'NONE', *, *, #5501, .T. ) ;
#3490 = AXIS2_PLACEMENT_3D ( 'NONE', #6468, #3525, #1482 ) ;
#3491 = EDGE_LOOP ( 'NONE', ( #6931, #4925, #8922, #8215, #2687, #2551, #3967 ) ) ;
#3492 = CARTESIAN_POINT ( 'NONE',  ( 30.46999999999999886, 1.699999999999598499, 1.509999999999660947 ) ) ;
#3493 =( BOUNDED_CURVE ( )  B_SPLINE_CURVE ( 3, ( #8665, #7751, #2340, #5145 ),
 .UNSPECIFIED., .F., .T. ) 
 B_SPLINE_CURVE_WITH_KNOTS ( ( 4, 4 ),
 ( 3.141592653589793116, 6.283185307179586232 ),
 .UNSPECIFIED. ) 
 CURVE ( )  GEOMETRIC_REPRESENTATION_ITEM ( )  RATIONAL_B_SPLINE_CURVE ( ( 1.000000000000000000, 0.3333333333333333703, 0.3333333333333333703, 1.000000000000000000 ) ) 
 REPRESENTATION_ITEM ( '' )  );
#3494 = AXIS2_PLACEMENT_3D ( 'NONE', #8720, #3979, #3243 ) ;
#3495 = ORIENTED_EDGE ( 'NONE', *, *, #602, .F. ) ;
#3496 = CARTESIAN_POINT ( 'NONE',  ( -29.25000000000001066, 9.197444395117798877, -4.099999999999997868 ) ) ;
#3497 = LINE ( 'NONE', #4965, #346 ) ;
#3498 = CARTESIAN_POINT ( 'NONE',  ( -28.40090759257909880, 12.26252473043799895, -3.998786659332099980 ) ) ;
#3499 = VECTOR ( 'NONE', #3469, 1000.000000000000114 ) ;
#3500 = ORIENTED_EDGE ( 'NONE', *, *, #2090, .T. ) ;
#3501 = SURFACE_STYLE_FILL_AREA ( #6355 ) ;
#3502 = CARTESIAN_POINT ( 'NONE',  ( 29.67999999999999972, 8.049116928532395765E-16, -5.999999999999991118 ) ) ;
#3503 = DIRECTION ( 'NONE',  ( -1.000000000000000000, -6.162975822039154730E-33, -2.465190328815661345E-32 ) ) ;
#3504 = AXIS2_PLACEMENT_3D ( 'NONE', #7368, #3696, #7906 ) ;
#3505 = ORIENTED_EDGE ( 'NONE', *, *, #7456, .T. ) ;
#3506 = LINE ( 'NONE', #8986, #1386 ) ;
#3507 = ORIENTED_EDGE ( 'NONE', *, *, #3513, .F. ) ;
#3508 = LINE ( 'NONE', #6316, #1573 ) ;
#3509 = FACE_OUTER_BOUND ( 'NONE', #5135, .T. ) ;
#3510 = CARTESIAN_POINT ( 'NONE',  ( -28.37499999999999645, -0.7705369544777969093, 1.089999999999650804 ) ) ;
#3511 = DIRECTION ( 'NONE',  ( -1.000000000000000000, -6.162975822039154730E-33, -2.465190328815661892E-32 ) ) ;
#3512 = AXIS2_PLACEMENT_3D ( 'NONE', #3918, #413, #8795 ) ;
#3513 = EDGE_CURVE ( 'NONE', #1161, #8595, #4067, .T. ) ;
#3514 = ADVANCED_FACE ( 'NONE', ( #1955 ), #478, .F. ) ;
#3515 = ORIENTED_EDGE ( 'NONE', *, *, #5992, .F. ) ;
#3516 = CARTESIAN_POINT ( 'NONE',  ( 29.12499999999999645, 8.049116928532395765E-16, 1.817407180272651024 ) ) ;
#3517 = LINE ( 'NONE', #8996, #4333 ) ;
#3518 = AXIS2_PLACEMENT_3D ( 'NONE', #4636, #4771, #1297 ) ;
#3519 = AXIS2_PLACEMENT_3D ( 'NONE', #4062, #3807, #6735 ) ;
#3520 = DIRECTION ( 'NONE',  ( 3.610187651973059248E-33, 0.7071067811865475727, 0.7071067811865474617 ) ) ;
#3521 = ORIENTED_EDGE ( 'NONE', *, *, #1262, .F. ) ;
#3522 = EDGE_CURVE ( 'NONE', #4512, #913, #5412, .T. ) ;
#3523 = SURFACE_STYLE_USAGE ( .BOTH. , #5808 ) ;
#3524 = EDGE_CURVE ( 'NONE', #1690, #1434, #6141, .T. ) ;
#3525 = DIRECTION ( 'NONE',  ( -3.335559729097691015E-32, 1.000000000000000000, -3.943844354434941479E-48 ) ) ;
#3526 = PRESENTATION_STYLE_ASSIGNMENT (( #7003 ) ) ;
#3527 = VECTOR ( 'NONE', #5204, 1000.000000000000000 ) ;
#3528 = ADVANCED_FACE ( 'NONE', ( #4675 ), #7468, .F. ) ;
#3529 = EDGE_CURVE ( 'NONE', #1853, #6986, #7543, .T. ) ;
#3530 = DIRECTION ( 'NONE',  ( -2.465190328815661345E-32, 6.137086701989279675E-49, 1.000000000000000000 ) ) ;
#3531 = DIRECTION ( 'NONE',  ( -1.000000000000000000, -6.162975822039154730E-33, -2.465190328815661892E-32 ) ) ;
#3532 = ORIENTED_EDGE ( 'NONE', *, *, #4435, .F. ) ;
#3533 = CARTESIAN_POINT ( 'NONE',  ( 28.78074055213179605, 9.011095579583297877, -0.05046751304743114785 ) ) ;
#3534 = VERTEX_POINT ( 'NONE', #568 ) ;
#3535 = MECHANICAL_DESIGN_GEOMETRIC_PRESENTATION_REPRESENTATION (  '', ( #150 ), #449 ) ;
#3536 = CARTESIAN_POINT ( 'NONE',  ( -28.66625566823701021, 12.59999999999999964, -1.299999999999999156 ) ) ;
#3537 = CARTESIAN_POINT ( 'NONE',  ( 27.49999999999999645, 11.50000000000000000, -4.099999999999992539 ) ) ;
#3538 = AXIS2_PLACEMENT_3D ( 'NONE', #5803, #3057, #4532 ) ;
#3539 = EDGE_LOOP ( 'NONE', ( #5774, #8835, #3325, #538 ) ) ;
#3540 = SURFACE_STYLE_FILL_AREA ( #8296 ) ;
#3541 = VERTEX_POINT ( 'NONE', #4629 ) ;
#3542 = DIRECTION ( 'NONE',  ( 0.000000000000000000, 0.000000000000000000, 1.000000000000000000 ) ) ;
#3543 = VERTEX_POINT ( 'NONE', #3392 ) ;
#3544 = ORIENTED_EDGE ( 'NONE', *, *, #5553, .T. ) ;
#3545 = CARTESIAN_POINT ( 'NONE',  ( 25.74999999999999645, 12.09205754721679860, -3.851763809020494200 ) ) ;
#3546 = FACE_OUTER_BOUND ( 'NONE', #2776, .T. ) ;
#3547 = DIRECTION ( 'NONE',  ( -1.000000000000000000, -6.162975822039154730E-33, -2.465190328815661892E-32 ) ) ;
#3548 = PLANE ( 'NONE',  #345 ) ;
#3549 = FACE_OUTER_BOUND ( 'NONE', #726, .T. ) ;
#3550 = CARTESIAN_POINT ( 'NONE',  ( -31.37199250740200895, 8.049116928532391821E-16, -8.499999999999500844 ) ) ;
#3551 = AXIS2_PLACEMENT_3D ( 'NONE', #5431, #4608, #7399 ) ;
#3552 =( BOUNDED_CURVE ( )  B_SPLINE_CURVE ( 3, ( #909, #6402, #7129, #5748 ),
 .UNSPECIFIED., .F., .T. ) 
 B_SPLINE_CURVE_WITH_KNOTS ( ( 4, 4 ),
 ( 5.597332342560871865, 6.283185307179586232 ),
 .UNSPECIFIED. ) 
 CURVE ( )  GEOMETRIC_REPRESENTATION_ITEM ( )  RATIONAL_B_SPLINE_CURVE ( ( 1.000000000000000000, 0.9611831238882949657, 0.9611831238882949657, 1.000000000000000000 ) ) 
 REPRESENTATION_ITEM ( '' )  );
#3553 = ORIENTED_EDGE ( 'NONE', *, *, #8825, .F. ) ;
#3554 = DIRECTION ( 'NONE',  ( -1.000000000000000000, -6.162975822039154730E-33, -2.465190328815661892E-32 ) ) ;
#3555 = DIRECTION ( 'NONE',  ( -1.000000000000000000, -6.162975822039154730E-33, -2.465190328815661892E-32 ) ) ;
#3556 = CARTESIAN_POINT ( 'NONE',  ( 29.50000000000000000, -0.4999999999999996669, 1.799999999999659428 ) ) ;
#3557 = VERTEX_POINT ( 'NONE', #6307 ) ;
#3558 = CARTESIAN_POINT ( 'NONE',  ( 27.37499999999999645, 2.299999999998401545, -4.800000000000491873 ) ) ;
#3559 = ORIENTED_EDGE ( 'NONE', *, *, #2097, .F. ) ;
#3560 = CARTESIAN_POINT ( 'NONE',  ( -27.50000000000001066, 11.50000000000000000, -6.000000000000000888 ) ) ;
#3561 = DIRECTION ( 'NONE',  ( 6.162975822039150624E-33, -1.000000000000000000, 2.220446049250313574E-16 ) ) ;
#3562 =( LENGTH_UNIT ( ) NAMED_UNIT ( * ) SI_UNIT ( .MILLI., .METRE. ) );
#3563 = ORIENTED_EDGE ( 'NONE', *, *, #2005, .F. ) ;
#3564 = CARTESIAN_POINT ( 'NONE',  ( -30.75000000000000000, 0.8250085261886024313, -4.323565720717695626 ) ) ;
#3565 = EDGE_CURVE ( 'NONE', #8104, #3557, #1816, .T. ) ;
#3566 = FACE_OUTER_BOUND ( 'NONE', #8831, .T. ) ;
#3567 = ORIENTED_EDGE ( 'NONE', *, *, #2629, .T. ) ;
#3568 = DIRECTION ( 'NONE',  ( -1.000000000000000000, 6.162975822039154730E-33, 2.465190328815661892E-32 ) ) ;
#3569 = FACE_OUTER_BOUND ( 'NONE', #125, .T. ) ;
#3570 = EDGE_CURVE ( 'NONE', #5917, #474, #3937, .T. ) ;
#3571 = CARTESIAN_POINT ( 'NONE',  ( 30.30000000000000071, 11.50000000000000000, 0.3318308546125092184 ) ) ;
#3572 = PLANE ( 'NONE',  #1462 ) ;
#3573 = ORIENTED_EDGE ( 'NONE', *, *, #5491, .T. ) ;
#3574 = EDGE_CURVE ( 'NONE', #6986, #7874, #7764, .T. ) ;
#3575 = CARTESIAN_POINT ( 'NONE',  ( 28.83197212081420346, 8.959014901772400563, -0.1403540384545005071 ) ) ;
#3576 = ORIENTED_EDGE ( 'NONE', *, *, #2967, .F. ) ;
#3577 = FACE_OUTER_BOUND ( 'NONE', #6508, .T. ) ;
#3578 = EDGE_CURVE ( 'NONE', #2764, #173, #5153, .T. ) ;
#3579 = LINE ( 'NONE', #1536, #6551 ) ;
#3580 = ADVANCED_FACE ( 'NONE', ( #2208 ), #92, .T. ) ;
#3581 = ORIENTED_EDGE ( 'NONE', *, *, #4878, .T. ) ;
#3582 = VERTEX_POINT ( 'NONE', #2992 ) ;
#3583 = CARTESIAN_POINT ( 'NONE',  ( 26.57528370551430541, 12.17021255251879808, -3.963962033226693826 ) ) ;
#3584 = CARTESIAN_POINT ( 'NONE',  ( 27.37499999999999645, 8.049116928532395765E-16, -2.979908383766889823 ) ) ;
#3585 = ORIENTED_EDGE ( 'NONE', *, *, #4870, .T. ) ;
#3586 = DIRECTION ( 'NONE',  ( 5.472343655837564221E-32, -0.9396926207856849400, -0.3420201433262827218 ) ) ;
#3587 = ORIENTED_EDGE ( 'NONE', *, *, #3260, .F. ) ;
#3588 = DIRECTION ( 'NONE',  ( -0.9363291775690447682, -0.2482817665807340590, -0.2482817665806859586 ) ) ;
#3589 = CARTESIAN_POINT ( 'NONE',  ( 27.73965622573550149, 9.040448556990998696, -0.005051419533880566193 ) ) ;
#3590 =( NAMED_UNIT ( * ) PLANE_ANGLE_UNIT ( ) SI_UNIT ( $, .RADIAN. ) );
#3591 = CARTESIAN_POINT ( 'NONE',  ( 29.39000000000000057, 13.10000000000000142, -3.268085424949194184 ) ) ;
#3592 = DIRECTION ( 'NONE',  ( 6.162975822039150624E-33, 1.000000000000000000, -2.220446049250313574E-16 ) ) ;
#3593 = VECTOR ( 'NONE', #6127, 1000.000000000000000 ) ;
#3594 = PRODUCT_DEFINITION_SHAPE ( 'NONE', 'NONE',  #1257 ) ;
#3595 = EDGE_LOOP ( 'NONE', ( #1750, #2332, #4634, #982, #904 ) ) ;
#3596 = DIRECTION ( 'NONE',  ( 0.000000000000000000, 0.000000000000000000, 1.000000000000000000 ) ) ;
#3597 = CARTESIAN_POINT ( 'NONE',  ( 28.70000000000229434, 11.50000000000000000, 1.299999999999287947 ) ) ;
#3598 = AXIS2_PLACEMENT_3D ( 'NONE', #258, #3125, #3766 ) ;
#3599 = ORIENTED_EDGE ( 'NONE', *, *, #4181, .F. ) ;
#3600 = PLANE ( 'NONE',  #6391 ) ;
#3601 = ORIENTED_EDGE ( 'NONE', *, *, #6568, .F. ) ;
#3602 =( NAMED_UNIT ( * ) SI_UNIT ( $, .STERADIAN. ) SOLID_ANGLE_UNIT ( ) );
#3603 = CARTESIAN_POINT ( 'NONE',  ( 26.88999999999999702, 13.10000000000000142, -5.999999999999993783 ) ) ;
#3604 = CARTESIAN_POINT ( 'NONE',  ( 29.12499999999999645, 8.049116928532395765E-16, 1.509999999999660947 ) ) ;
#3605 = VECTOR ( 'NONE', #7670, 1000.000000000000000 ) ;
#3606 = FILL_AREA_STYLE ('',( #8495 ) ) ;
#3607 = ORIENTED_EDGE ( 'NONE', *, *, #68, .T. ) ;
#3608 = CARTESIAN_POINT ( 'NONE',  ( -30.75000000000000000, 1.272624325729198036, -5.999999999999998224 ) ) ;
#3609 = DIRECTION ( 'NONE',  ( -8.659560562355747604E-17, -0.7071067811864790720, 0.7071067811866160735 ) ) ;
#3610 = AXIS2_PLACEMENT_3D ( 'NONE', #6847, #7566, #8294 ) ;
#3611 = CARTESIAN_POINT ( 'NONE',  ( -30.75000000000000000, 2.223807899774399299, -3.826794156801795133 ) ) ;
#3612 = VERTEX_POINT ( 'NONE', #8567 ) ;
#3613 = CARTESIAN_POINT ( 'NONE',  ( -27.20000000000001350, 11.05175435324722599, -0.1164147921402720748 ) ) ;
#3614 = CARTESIAN_POINT ( 'NONE',  ( -29.25000000000001066, 6.469927298447299080, -4.302772520182898575 ) ) ;
#3615 = VECTOR ( 'NONE', #3326, 1000.000000000000114 ) ;
#3616 = CARTESIAN_POINT ( 'NONE',  ( 27.96999999999999531, -0.6118426718401985820, -3.490000000000388791 ) ) ;
#3617 = DIRECTION ( 'NONE',  ( -0.1294283079955639848, -0.9831056027603600755, -0.1294283079955638183 ) ) ;
#3618 = DIRECTION ( 'NONE',  ( 1.000000000000000000, 6.162975822039154730E-33, 2.465190328815661892E-32 ) ) ;
#3619 = EDGE_CURVE ( 'NONE', #3158, #1447, #811, .T. ) ;
#3620 = ORIENTED_EDGE ( 'NONE', *, *, #8864, .F. ) ;
#3621 = CARTESIAN_POINT ( 'NONE',  ( 28.84704498611530354, 8.947567814092598937, -0.1622226193544722972 ) ) ;
#3622 = ORIENTED_EDGE ( 'NONE', *, *, #3072, .F. ) ;
#3623 = DIRECTION ( 'NONE',  ( -1.000000000000000000, 6.162975822039154730E-33, 2.465190328815661892E-32 ) ) ;
#3624 = ADVANCED_FACE ( 'NONE', ( #7759 ), #7945, .T. ) ;
#3625 = ADVANCED_FACE ( 'NONE', ( #217 ), #5695, .T. ) ;
#3626 = ORIENTED_EDGE ( 'NONE', *, *, #1983, .T. ) ;
#3627 = LINE ( 'NONE', #8663, #7323 ) ;
#3628 = CARTESIAN_POINT ( 'NONE',  ( 26.59981606811929922, 12.27383770599160151, -3.999755210078195233 ) ) ;
#3629 = EDGE_LOOP ( 'NONE', ( #3128, #8699, #956, #2064, #6450, #4017, #2634 ) ) ;
#3630 = ORIENTED_EDGE ( 'NONE', *, *, #3703, .F. ) ;
#3631 = CARTESIAN_POINT ( 'NONE',  ( -28.25882086191949938, -0.4999999999999996669, 2.945883038380622043 ) ) ;
#3632 = EDGE_CURVE ( 'NONE', #8025, #8827, #8204, .T. ) ;
#3633 = DIRECTION ( 'NONE',  ( -1.000000000000000000, -6.162975822039154730E-33, -2.465190328815661892E-32 ) ) ;
#3634 = CARTESIAN_POINT ( 'NONE',  ( 29.67999999999999972, -2.555405713625399589, -3.910000000000392273 ) ) ;
#3635 = EDGE_CURVE ( 'NONE', #8010, #1582, #8479, .T. ) ;
#3636 = FACE_OUTER_BOUND ( 'NONE', #5304, .T. ) ;
#3637 = EDGE_CURVE ( 'NONE', #4607, #2534, #723, .T. ) ;
#3638 = ORIENTED_EDGE ( 'NONE', *, *, #6166, .T. ) ;
#3639 = FILL_AREA_STYLE_COLOUR ( '', #1742 ) ;
#3640 = CARTESIAN_POINT ( 'NONE',  ( 29.87500000000000000, -2.900000000000399591, 1.509999999999660947 ) ) ;
#3641 =( LENGTH_UNIT ( ) NAMED_UNIT ( * ) SI_UNIT ( .MILLI., .METRE. ) );
#3642 = ORIENTED_EDGE ( 'NONE', *, *, #5380, .T. ) ;
#3643 = CARTESIAN_POINT ( 'NONE',  ( 29.78750784642550542, 8.821320343559850841, -0.4999999999999922284 ) ) ;
#3644 = AXIS2_PLACEMENT_3D ( 'NONE', #4285, #4934, #734 ) ;
#3645 = MECHANICAL_DESIGN_GEOMETRIC_PRESENTATION_REPRESENTATION (  '', ( #7586 ), #7160 ) ;
#3646 = DIRECTION ( 'NONE',  ( 0.000000000000000000, -2.220446049250313574E-16, -1.000000000000000000 ) ) ;
#3647 = FACE_OUTER_BOUND ( 'NONE', #2054, .T. ) ;
#3648 = AXIS2_PLACEMENT_3D ( 'NONE', #5240, #1639, #5192 ) ;
#3649 = COLOUR_RGB ( '',0.9490196078431372140, 0.9490196078431372140, 1.000000000000000000 ) ;
#3650 = DIRECTION ( 'NONE',  ( 2.465190328815661345E-32, -6.137086701989279675E-49, -1.000000000000000000 ) ) ;
#3651 = ORIENTED_EDGE ( 'NONE', *, *, #5277, .F. ) ;
#3652 = DIRECTION ( 'NONE',  ( 0.000000000000000000, 0.000000000000000000, 1.000000000000000000 ) ) ;
#3653 = FACE_OUTER_BOUND ( 'NONE', #8235, .T. ) ;
#3654 = CARTESIAN_POINT ( 'NONE',  ( 26.59477713858519721, 12.33841225875979752, -3.992916900840294048 ) ) ;
#3655 = DIRECTION ( 'NONE',  ( -1.000000000000000000, -6.162975822039154730E-33, -2.465190328815661892E-32 ) ) ;
#3656 = FACE_OUTER_BOUND ( 'NONE', #7669, .T. ) ;
#3657 = ORIENTED_EDGE ( 'NONE', *, *, #1532, .T. ) ;
#3658 = CARTESIAN_POINT ( 'NONE',  ( 26.32072123880163872, 7.339736242751198070, 2.094707838363111918 ) ) ;
#3659 = CARTESIAN_POINT ( 'NONE',  ( -30.75000000000000000, 0.7107958125781029812, -5.499999999999998224 ) ) ;
#3660 = STYLED_ITEM ( 'NONE', ( #4569 ), #6218 ) ;
#3661 = FACE_OUTER_BOUND ( 'NONE', #6348, .T. ) ;
#3662 = VECTOR ( 'NONE', #934, 1000.000000000000000 ) ;
#3663 = CARTESIAN_POINT ( 'NONE',  ( -30.75000000000000000, 3.500000000000000444, -5.289204187421997716 ) ) ;
#3664 = DIRECTION ( 'NONE',  ( -1.224646799147350249E-16, -1.399777696666349997E-15, 1.000000000000000000 ) ) ;
#3665 = LINE ( 'NONE', #5182, #3395 ) ;
#3666 = ORIENTED_EDGE ( 'NONE', *, *, #191, .T. ) ;
#3667 = DIRECTION ( 'NONE',  ( 0.000000000000000000, -0.7071067811864789610, 0.7071067811866160735 ) ) ;
#3668 = CARTESIAN_POINT ( 'NONE',  ( 28.95435542175209420, 8.890951735269300826, -0.2850401646284101420 ) ) ;
#3669 = VERTEX_POINT ( 'NONE', #5742 ) ;
#3670 = DIRECTION ( 'NONE',  ( -1.000000000000000000, -6.162975822039154730E-33, -2.465190328815661892E-32 ) ) ;
#3671 = DIRECTION ( 'NONE',  ( -5.801957056841932144E-32, 0.7071067811866160735, 0.7071067811864790720 ) ) ;
#3672 = VECTOR ( 'NONE', #1109, 1000.000000000000000 ) ;
#3673 = DIRECTION ( 'NONE',  ( -5.801957056841932144E-32, 0.7071067811866160735, 0.7071067811864790720 ) ) ;
#3674 = VECTOR ( 'NONE', #1907, 1000.000000000000114 ) ;
#3675 = UNCERTAINTY_MEASURE_WITH_UNIT (LENGTH_MEASURE( 1.000000000000000082E-05 ), #5205, 'distance_accuracy_value', 'NONE');
#3676 = ORIENTED_EDGE ( 'NONE', *, *, #4240, .T. ) ;
#3677 = CARTESIAN_POINT ( 'NONE',  ( 26.56731827404540525, 12.15330541590080315, -3.950691864597396297 ) ) ;
#3678 = AXIS2_PLACEMENT_3D ( 'NONE', #6053, #2553, #6867 ) ;
#3679 = ORIENTED_EDGE ( 'NONE', *, *, #1430, .F. ) ;
#3680 = DIRECTION ( 'NONE',  ( -3.157997194805338088E-31, -0.3792829471100740424, -0.9252807390362650652 ) ) ;
#3681 = LINE ( 'NONE', #6485, #2072 ) ;
#3682 = EDGE_CURVE ( 'NONE', #4626, #1233, #4967, .T. ) ;
#3683 = CARTESIAN_POINT ( 'NONE',  ( 29.39000000000000057, 13.10000000000000142, -1.799999999999992495 ) ) ;
#3684 = FACE_OUTER_BOUND ( 'NONE', #5393, .T. ) ;
#3685 = DIRECTION ( 'NONE',  ( -1.936050386532797621E-31, 0.7071067811865475727, 0.7071067811865474617 ) ) ;
#3686 = DIRECTION ( 'NONE',  ( 0.000000000000000000, 0.000000000000000000, 1.000000000000000000 ) ) ;
#3687 = EDGE_CURVE ( 'NONE', #3773, #7081, #5017, .T. ) ;
#3688 = AXIS2_PLACEMENT_3D ( 'NONE', #1507, #8576, #6405 ) ;
#3689 = VERTEX_POINT ( 'NONE', #6528 ) ;
#3690 = FILL_AREA_STYLE_COLOUR ( '', #7901 ) ;
#3691 = LINE ( 'NONE', #321, #6463 ) ;
#3692 = EDGE_CURVE ( 'NONE', #359, #1541, #2250, .T. ) ;
#3693 = EDGE_LOOP ( 'NONE', ( #4282, #6832, #3500, #6403 ) ) ;
#3694 = CARTESIAN_POINT ( 'NONE',  ( -25.31999999999999673, 11.50000000000000000, 0.3318308546125126601 ) ) ;
#3695 = EDGE_LOOP ( 'NONE', ( #6399, #2414, #8987, #8097 ) ) ;
#3696 = DIRECTION ( 'NONE',  ( 1.000000000000000000, 6.162975822039154730E-33, 2.465190328815661892E-32 ) ) ;
#3697 = DIRECTION ( 'NONE',  ( 1.000000000000000000, 6.162975822039154730E-33, 2.465190328815661892E-32 ) ) ;
#3698 = LINE ( 'NONE', #5028, #6738 ) ;
#3699 =( NAMED_UNIT ( * ) SI_UNIT ( $, .STERADIAN. ) SOLID_ANGLE_UNIT ( ) );
#3700 = ADVANCED_FACE ( 'NONE', ( #3636 ), #9041, .F. ) ;
#3701 = EDGE_CURVE ( 'NONE', #5427, #1124, #6442, .T. ) ;
#3702 = CARTESIAN_POINT ( 'NONE',  ( 28.44672983080224427, 10.66863707979277365, 1.955133692238856913 ) ) ;
#3703 = EDGE_CURVE ( 'NONE', #8010, #4617, #6353, .T. ) ;
#3704 = ORIENTED_EDGE ( 'NONE', *, *, #1157, .F. ) ;
#3705 = CARTESIAN_POINT ( 'NONE',  ( 27.37000000000000455, 9.499263426672799326, -3.363696565584393117 ) ) ;
#3706 = CARTESIAN_POINT ( 'NONE',  ( 26.58858720125309461, 12.36328044663209980, -3.984146984899492594 ) ) ;
#3707 = CARTESIAN_POINT ( 'NONE',  ( -28.41508652073140695, 12.37513359952590086, -3.978777472404101179 ) ) ;
#3708 = CARTESIAN_POINT ( 'NONE',  ( -28.00000000000001066, 8.776040512034798624, 4.023959487965408144 ) ) ;
#3709 = ORIENTED_EDGE ( 'NONE', *, *, #434, .F. ) ;
#3710 = CARTESIAN_POINT ( 'NONE',  ( -26.31999999999999673, 11.50000000000000000, 1.299999999999280842 ) ) ;
#3711 = DIRECTION ( 'NONE',  ( 2.465190328815661345E-32, -6.137086701989279675E-49, -1.000000000000000000 ) ) ;
#3712 = CARTESIAN_POINT ( 'NONE',  ( -26.75000000000001066, 11.50000000000000000, -6.000000000000000888 ) ) ;
#3713 = DIRECTION ( 'NONE',  ( -1.000000000000000000, -6.162975822039154730E-33, -2.465190328815661345E-32 ) ) ;
#3714 = DIRECTION ( 'NONE',  ( 1.000000000000000000, 6.162975822039154730E-33, 2.465190328815661892E-32 ) ) ;
#3715 = LINE ( 'NONE', #6514, #6185 ) ;
#3716 = EDGE_LOOP ( 'NONE', ( #3217, #1951, #4355, #2353, #4761, #2977 ) ) ;
#3717 = CARTESIAN_POINT ( 'NONE',  ( 28.74727231807029781, 9.063707895694800953, 0.02881219719218057473 ) ) ;
#3718 = VERTEX_POINT ( 'NONE', #1461 ) ;
#3719 = DIRECTION ( 'NONE',  ( -1.000000000000000000, -6.162975822039154730E-33, -2.465190328815661892E-32 ) ) ;
#3720 = DIRECTION ( 'NONE',  ( -5.801957056841932144E-32, 0.7071067811866160735, 0.7071067811864790720 ) ) ;
#3721 = CARTESIAN_POINT ( 'NONE',  ( -30.75000000000000000, 3.289204187422301029, -5.499999999999999112 ) ) ;
#3722 = ORIENTED_EDGE ( 'NONE', *, *, #2914, .F. ) ;
#3723 = DIRECTION ( 'NONE',  ( -3.610187651973906322E-33, -0.7071067811864790720, 0.7071067811866160735 ) ) ;
#3724 = EDGE_LOOP ( 'NONE', ( #3186, #3099, #818, #7087 ) ) ;
#3725 = DIRECTION ( 'NONE',  ( -1.000000000000000000, -6.162975822039154730E-33, -2.465190328815661892E-32 ) ) ;
#3726 = PLANE ( 'NONE',  #9046 ) ;
#3727 = PLANE ( 'NONE',  #8867 ) ;
#3728 = CARTESIAN_POINT ( 'NONE',  ( 28.24999999999999645, 11.50000000000000000, -5.999999999999993783 ) ) ;
#3729 = ORIENTED_EDGE ( 'NONE', *, *, #5487, .F. ) ;
#3730 = ORIENTED_EDGE ( 'NONE', *, *, #6390, .F. ) ;
#3731 = DIRECTION ( 'NONE',  ( -1.000000000000000000, -6.162975822039154730E-33, -2.465190328815661892E-32 ) ) ;
#3732 = CARTESIAN_POINT ( 'NONE',  ( -28.11515481496650182, 8.823255851435597208, -0.4921945867926383889 ) ) ;
#3733 = ORIENTED_EDGE ( 'NONE', *, *, #1643, .T. ) ;
#3734 = DIRECTION ( 'NONE',  ( -1.000000000000000000, -6.162975822039154730E-33, -2.465190328815661892E-32 ) ) ;
#3735 = EDGE_CURVE ( 'NONE', #2871, #2386, #4274, .T. ) ;
#3736 = ORIENTED_EDGE ( 'NONE', *, *, #5375, .T. ) ;
#3737 = FACE_OUTER_BOUND ( 'NONE', #6008, .T. ) ;
#3738 = CARTESIAN_POINT ( 'NONE',  ( 26.52901155503820263, 10.36808542494920005, -5.999999999999993783 ) ) ;
#3739 = EDGE_CURVE ( 'NONE', #8794, #5594, #854, .T. ) ;
#3740 = VECTOR ( 'NONE', #9068, 1000.000000000000000 ) ;
#3741 = ORIENTED_EDGE ( 'NONE', *, *, #7219, .T. ) ;
#3742 = CARTESIAN_POINT ( 'NONE',  ( -29.25000000000001066, 13.10000000000000142, -3.268085424949201290 ) ) ;
#3743 = DIRECTION ( 'NONE',  ( 1.000000000000000000, 6.162975822039154730E-33, 2.465190328815661892E-32 ) ) ;
#3744 = DIRECTION ( 'NONE',  ( -3.610187651973074301E-33, -0.7071067811865470176, -0.7071067811865479058 ) ) ;
#3745 = DIRECTION ( 'NONE',  ( 0.000000000000000000, 0.000000000000000000, -1.000000000000000000 ) ) ;
#3746 = EDGE_CURVE ( 'NONE', #6783, #4264, #1875, .T. ) ;
#3747 = DIRECTION ( 'NONE',  ( -1.000000000000000000, -6.162975822039154730E-33, -2.465190328815661892E-32 ) ) ;
#3748 = CARTESIAN_POINT ( 'NONE',  ( 30.24411869353349402, 9.048147215587498238, 0.006252880977457644929 ) ) ;
#3749 = ORIENTED_EDGE ( 'NONE', *, *, #8874, .T. ) ;
#3750 = CARTESIAN_POINT ( 'NONE',  ( 26.81440535052469087, 8.826808315001200000, -0.4783063892780017312 ) ) ;
#3751 = PLANE ( 'NONE',  #5682 ) ;
#3752 = DIRECTION ( 'NONE',  ( -1.000000000000000000, -6.162975822039154730E-33, -2.465190328815661892E-32 ) ) ;
#3753 = EDGE_CURVE ( 'NONE', #4595, #8010, #316, .T. ) ;
#3754 = ORIENTED_EDGE ( 'NONE', *, *, #6444, .T. ) ;
#3755 = FACE_OUTER_BOUND ( 'NONE', #1518, .T. ) ;
#3756 = LINE ( 'NONE', #2875, #5129 ) ;
#3757 = CARTESIAN_POINT ( 'NONE',  ( 26.84625566823700638, 12.59999999999999964, -3.768085424949194628 ) ) ;
#3758 = DIRECTION ( 'NONE',  ( 2.449293598294709866E-16, 8.957850525376296048E-49, -1.000000000000000000 ) ) ;
#3759 = EDGE_CURVE ( 'NONE', #4437, #7743, #953, .T. ) ;
#3760 = ORIENTED_EDGE ( 'NONE', *, *, #4714, .T. ) ;
#3761 = CARTESIAN_POINT ( 'NONE',  ( 27.42828596527293783, 9.236883786533354623, -4.003785526045424703 ) ) ;
#3762 = LINE ( 'NONE', #6566, #3023 ) ;
#3763 = ORIENTED_EDGE ( 'NONE', *, *, #602, .T. ) ;
#3764 = LINE ( 'NONE', #2428, #8317 ) ;
#3765 = CARTESIAN_POINT ( 'NONE',  ( 27.68887253694249395, 8.977446171827802246, -0.1069672005114211816 ) ) ;
#3766 = DIRECTION ( 'NONE',  ( 0.000000000000000000, -0.7071067811864789610, 0.7071067811866160735 ) ) ;
#3767 = AXIS2_PLACEMENT_3D ( 'NONE', #7965, #2413, #8103 ) ;
#3768 = LINE ( 'NONE', #944, #3915 ) ;
#3769 = ORIENTED_EDGE ( 'NONE', *, *, #5768, .F. ) ;
#3770 = CYLINDRICAL_SURFACE ( 'NONE', #7598, 1.500000000000000222 ) ;
#3771 = VECTOR ( 'NONE', #8432, 1000.000000000000000 ) ;
#3772 = EDGE_LOOP ( 'NONE', ( #5030, #6156, #6641, #3763 ) ) ;
#3773 = VERTEX_POINT ( 'NONE', #1091 ) ;
#3774 = CARTESIAN_POINT ( 'NONE',  ( -27.63000000000000256, 13.59999999999999787, -3.363696565584401554 ) ) ;
#3775 = FILL_AREA_STYLE_COLOUR ( '', #2478 ) ;
#3776 = ORIENTED_EDGE ( 'NONE', *, *, #5097, .T. ) ;
#3777 = ORIENTED_EDGE ( 'NONE', *, *, #8756, .F. ) ;
#3778 = FILL_AREA_STYLE ('',( #3690 ) ) ;
#3779 = DIRECTION ( 'NONE',  ( -1.000000000000000000, -3.364689427464770415E-16, -1.224646799147349509E-16 ) ) ;
#3780 = SURFACE_SIDE_STYLE ('',( #7993 ) ) ;
#3781 = ORIENTED_EDGE ( 'NONE', *, *, #7333, .F. ) ;
#3782 = ORIENTED_EDGE ( 'NONE', *, *, #7557, .T. ) ;
#3783 = LINE ( 'NONE', #5255, #7594 ) ;
#3784 = PLANE ( 'NONE',  #36 ) ;
#3785 = CARTESIAN_POINT ( 'NONE',  ( -27.20000000000000284, 11.46816914538750076, 0.3000000000000033751 ) ) ;
#3786 = VECTOR ( 'NONE', #3568, 1000.000000000000000 ) ;
#3787 =( NAMED_UNIT ( * ) SI_UNIT ( $, .STERADIAN. ) SOLID_ANGLE_UNIT ( ) );
#3788 = CARTESIAN_POINT ( 'NONE',  ( 29.67999999999999972, -2.900000000000399591, 1.509999999999660947 ) ) ;
#3789 = VERTEX_POINT ( 'NONE', #3957 ) ;
#3790 = CARTESIAN_POINT ( 'NONE',  ( -26.97500000000001208, 9.757417244889499131, 2.759740042635483892 ) ) ;
#3791 = CARTESIAN_POINT ( 'NONE',  ( -30.75000000000000000, 3.016894614386100848, -4.165468861284097990 ) ) ;
#3792 = VECTOR ( 'NONE', #5503, 1000.000000000000114 ) ;
#3793 = CARTESIAN_POINT ( 'NONE',  ( -30.64999999999999503, 3.289204187422301029, -2.499999999999995115 ) ) ;
#3794 = COLOUR_RGB ( '',0.9490196078431372140, 0.9490196078431372140, 1.000000000000000000 ) ;
#3795 = CARTESIAN_POINT ( 'NONE',  ( 30.16064881754569527, 8.953175398965399268, -0.1513540303544110843 ) ) ;
#3796 = VERTEX_POINT ( 'NONE', #2533 ) ;
#3797 = CARTESIAN_POINT ( 'NONE',  ( 29.67999999999999972, -2.900000000000299227, 1.089999999999650360 ) ) ;
#3798 = CARTESIAN_POINT ( 'NONE',  ( 26.75891704890730338, 8.830888375319499772, -0.4629458469277095700 ) ) ;
#3799 = CARTESIAN_POINT ( 'NONE',  ( 27.85603512408128069, 8.565243927529872181, -0.3787303874231177647 ) ) ;
#3800 = EDGE_CURVE ( 'NONE', #7337, #7175, #6295, .T. ) ;
#3801 = LINE ( 'NONE', #8058, #7024 ) ;
#3802 =( GEOMETRIC_REPRESENTATION_CONTEXT ( 3 ) GLOBAL_UNCERTAINTY_ASSIGNED_CONTEXT ( ( #8524 ) ) GLOBAL_UNIT_ASSIGNED_CONTEXT ( ( #1609, #2359, #1555 ) ) REPRESENTATION_CONTEXT ( 'NONE', 'WORKASPACE' ) );
#3803 = ADVANCED_FACE ( 'NONE', ( #2439, #8166 ), #1795, .T. ) ;
#3804 = VECTOR ( 'NONE', #6757, 1000.000000000000000 ) ;
#3805 = ORIENTED_EDGE ( 'NONE', *, *, #7959, .T. ) ;
#3806 = CARTESIAN_POINT ( 'NONE',  ( -27.20241988368000818, 9.234412138041101059, 0.2378231711086236655 ) ) ;
#3807 = DIRECTION ( 'NONE',  ( -3.335559729097691015E-32, 1.000000000000000000, -3.943844354434941479E-48 ) ) ;
#3808 = ORIENTED_EDGE ( 'NONE', *, *, #4754, .F. ) ;
#3809 = CIRCLE ( 'NONE', #6151, 0.2000000000000000944 ) ;
#3810 = ADVANCED_FACE ( 'NONE', ( #3094 ), #5890, .T. ) ;
#3811 = ORIENTED_EDGE ( 'NONE', *, *, #3574, .T. ) ;
#3812 = EDGE_CURVE ( 'NONE', #946, #6522, #8670, .T. ) ;
#3813 = DIRECTION ( 'NONE',  ( 0.000000000000000000, 0.000000000000000000, 1.000000000000000000 ) ) ;
#3814 = CARTESIAN_POINT ( 'NONE',  ( 27.53544111968360397, 8.887070465783498463, -0.2945565400528943889 ) ) ;
#3815 = LINE ( 'NONE', #4349, #5943 ) ;
#3816 = EDGE_CURVE ( 'NONE', #8022, #7164, #4620, .T. ) ;
#3817 = ADVANCED_FACE ( 'NONE', ( #757 ), #2941, .F. ) ;
#3818 = PRESENTATION_LAYER_ASSIGNMENT (  '', '', ( #4386 ) ) ;
#3819 = ORIENTED_EDGE ( 'NONE', *, *, #4832, .T. ) ;
#3820 = DIRECTION ( 'NONE',  ( 6.162975822039150624E-33, -1.000000000000000000, 2.220446049250313574E-16 ) ) ;
#3821 = ORIENTED_EDGE ( 'NONE', *, *, #2523, .T. ) ;
#3822 = STYLED_ITEM ( 'NONE', ( #2222 ), #8714 ) ;
#3823 = CIRCLE ( 'NONE', #8917, 1.500000000000000222 ) ;
#3824 = ORIENTED_EDGE ( 'NONE', *, *, #4772, .T. ) ;
#3825 = CARTESIAN_POINT ( 'NONE',  ( 30.35603512408128424, 8.565243927529872181, -0.3787303874231180978 ) ) ;
#3826 = VECTOR ( 'NONE', #4315, 1000.000000000000114 ) ;
#3827 = CARTESIAN_POINT ( 'NONE',  ( -30.75000000000000000, 8.049116928532391821E-16, -4.165468861284097990 ) ) ;
#3828 = PRESENTATION_LAYER_ASSIGNMENT (  '', '', ( #4112 ) ) ;
#3829 = VECTOR ( 'NONE', #6401, 1000.000000000000000 ) ;
#3830 = ORIENTED_EDGE ( 'NONE', *, *, #5937, .T. ) ;
#3831 = VERTEX_POINT ( 'NONE', #7842 ) ;
#3832 =( LENGTH_UNIT ( ) NAMED_UNIT ( * ) SI_UNIT ( .MILLI., .METRE. ) );
#3833 = CARTESIAN_POINT ( 'NONE',  ( 27.63332648821169357, 13.30756217274460163, -5.999999999999993783 ) ) ;
#3834 = DIRECTION ( 'NONE',  ( 1.000000000000000000, 6.162975822039154730E-33, 2.465190328815661892E-32 ) ) ;
#3835 = CARTESIAN_POINT ( 'NONE',  ( 25.75000000000115463, 8.673617379884035472E-16, -6.000000000000000000 ) ) ;
#3836 = ORIENTED_EDGE ( 'NONE', *, *, #2622, .T. ) ;
#3837 = ORIENTED_EDGE ( 'NONE', *, *, #925, .F. ) ;
#3838 = CARTESIAN_POINT ( 'NONE',  ( -30.75000000000000000, 1.670670136135498751, -4.323565720717695626 ) ) ;
#3839 = VECTOR ( 'NONE', #3758, 1000.000000000000000 ) ;
#3840 = EDGE_LOOP ( 'NONE', ( #6530, #3882, #6944, #3626 ) ) ;
#3841 = DIRECTION ( 'NONE',  ( 0.2456180623827268206, 1.513738179920851070E-33, 0.9693666836813378263 ) ) ;
#3842 = CARTESIAN_POINT ( 'NONE',  ( 26.57415994051730124, 12.40261374011299900, -3.962065322160892578 ) ) ;
#3843 = CYLINDRICAL_SURFACE ( 'NONE', #3538, 0.2000000000000000944 ) ;
#3844 = AXIS2_PLACEMENT_3D ( 'NONE', #5479, #1969, #1833 ) ;
#3845 = CARTESIAN_POINT ( 'NONE',  ( 30.02493619615029274, 8.883391849895300396, -0.3038543545001940460 ) ) ;
#3846 = ORIENTED_EDGE ( 'NONE', *, *, #6560, .F. ) ;
#3847 = DIRECTION ( 'NONE',  ( -1.000000000000000000, -6.162975822039154730E-33, -2.465190328815661892E-32 ) ) ;
#3848 = CARTESIAN_POINT ( 'NONE',  ( 26.55364953375630321, 8.861320472512499435, -0.3639060635991734349 ) ) ;
#3849 = CARTESIAN_POINT ( 'NONE',  ( 28.24999999999999645, 11.99780271866330139, -3.499999999999992895 ) ) ;
#3850 = DIRECTION ( 'NONE',  ( 0.3247461304922956704, -0.3434588883340428112, -0.8812354638543686836 ) ) ;
#3851 = VECTOR ( 'NONE', #5699, 1000.000000000000000 ) ;
#3852 = EDGE_LOOP ( 'NONE', ( #1074, #3736 ) ) ;
#3853 =( BOUNDED_CURVE ( )  B_SPLINE_CURVE ( 3, ( #2268, #190, #1619, #4332 ),
 .UNSPECIFIED., .F., .T. ) 
 B_SPLINE_CURVE_WITH_KNOTS ( ( 4, 4 ),
 ( 0.7475843496690033341, 0.8849433621761790825 ),
 .UNSPECIFIED. ) 
 CURVE ( )  GEOMETRIC_REPRESENTATION_ITEM ( )  RATIONAL_B_SPLINE_CURVE ( ( 1.000000000000000000, 0.9984283264015854087, 0.9984283264015854087, 1.000000000000000000 ) ) 
 REPRESENTATION_ITEM ( '' )  );
#3854 = CARTESIAN_POINT ( 'NONE',  ( -27.54187027574150903, 8.864047594714000056, -0.3559867545354661877 ) ) ;
#3855 = EDGE_CURVE ( 'NONE', #8337, #3307, #6583, .T. ) ;
#3856 = ORIENTED_EDGE ( 'NONE', *, *, #8340, .T. ) ;
#3857 = DIRECTION ( 'NONE',  ( 2.465190328815661892E-32, -6.137086701989279675E-49, -1.000000000000000000 ) ) ;
#3858 = CARTESIAN_POINT ( 'NONE',  ( 27.26838356951440190, 8.833405360466999312, -0.4537755725756101866 ) ) ;
#3859 = ORIENTED_EDGE ( 'NONE', *, *, #3871, .F. ) ;
#3860 = ADVANCED_FACE ( 'NONE', ( #7696 ), #5642, .T. ) ;
#3861 = PLANE ( 'NONE',  #4956 ) ;
#3862 = CARTESIAN_POINT ( 'NONE',  ( 27.70168268788750154, 8.990477150926302841, -0.08445946488351042947 ) ) ;
#3863 = LINE ( 'NONE', #4456, #8702 ) ;
#3864 = UNCERTAINTY_MEASURE_WITH_UNIT (LENGTH_MEASURE( 1.000000000000000082E-05 ), #8076, 'distance_accuracy_value', 'NONE');
#3865 = EDGE_CURVE ( 'NONE', #5819, #5910, #5995, .T. ) ;
#3866 = ORIENTED_EDGE ( 'NONE', *, *, #1319, .F. ) ;
#3867 = FILL_AREA_STYLE_COLOUR ( '', #2025 ) ;
#3868 = DIRECTION ( 'NONE',  ( -2.465190328815661345E-32, 6.137086701989279675E-49, 1.000000000000000000 ) ) ;
#3869 = ORIENTED_EDGE ( 'NONE', *, *, #7662, .F. ) ;
#3870 = EDGE_CURVE ( 'NONE', #8424, #4959, #2144, .T. ) ;
#3871 = EDGE_CURVE ( 'NONE', #219, #1143, #4310, .T. ) ;
#3872 = DIRECTION ( 'NONE',  ( 0.000000000000000000, 0.000000000000000000, 1.000000000000000000 ) ) ;
#3873 = FACE_OUTER_BOUND ( 'NONE', #8167, .T. ) ;
#3874 = CARTESIAN_POINT ( 'NONE',  ( 30.59999999999999787, 10.72111025509270377, 2.078889744906690762 ) ) ;
#3875 = CARTESIAN_POINT ( 'NONE',  ( 26.20000000000000284, 11.09999999999999787, 0.3000000000000068723 ) ) ;
#3876 = EDGE_CURVE ( 'NONE', #4080, #1695, #1455, .T. ) ;
#3877 = ORIENTED_EDGE ( 'NONE', *, *, #4419, .F. ) ;
#3878 = ORIENTED_EDGE ( 'NONE', *, *, #3072, .T. ) ;
#3879 = DIRECTION ( 'NONE',  ( 0.000000000000000000, 0.000000000000000000, 1.000000000000000000 ) ) ;
#3880 = FACE_OUTER_BOUND ( 'NONE', #8155, .T. ) ;
#3881 = LINE ( 'NONE', #1146, #1869 ) ;
#3882 = ORIENTED_EDGE ( 'NONE', *, *, #2840, .F. ) ;
#3883 = CARTESIAN_POINT ( 'NONE',  ( -28.56995369686565311, 8.704888543804758072, -0.4999999999999990563 ) ) ;
#3884 = EDGE_CURVE ( 'NONE', #7300, #6037, #5011, .T. ) ;
#3885 = EDGE_LOOP ( 'NONE', ( #2658, #2610, #6753, #516, #741 ) ) ;
#3886 = FILL_AREA_STYLE_COLOUR ( '', #2939 ) ;
#3887 = CARTESIAN_POINT ( 'NONE',  ( -28.12475758542328563, 12.93132002674946790, -3.215578274443864348 ) ) ;
#3888 = ORIENTED_EDGE ( 'NONE', *, *, #4906, .T. ) ;
#3889 = CARTESIAN_POINT ( 'NONE',  ( -28.00000000000001066, 6.890273209732502124, 0.4172889630133704841 ) ) ;
#3890 = DIRECTION ( 'NONE',  ( 0.000000000000000000, 0.000000000000000000, 1.000000000000000000 ) ) ;
#3891 = CARTESIAN_POINT ( 'NONE',  ( 28.80811949549320516, 12.89289321881345174, -1.299999999999991607 ) ) ;
#3892 = CARTESIAN_POINT ( 'NONE',  ( 29.87324928764219223, 8.847006307348900478, -0.4075909618378326660 ) ) ;
#3893 = ORIENTED_EDGE ( 'NONE', *, *, #5162, .F. ) ;
#3894 = PLANE ( 'NONE',  #1730 ) ;
#3895 = DIRECTION ( 'NONE',  ( -2.465190328815661345E-32, 6.137086701989279675E-49, 1.000000000000000000 ) ) ;
#3896 = EDGE_LOOP ( 'NONE', ( #384, #6168, #6999, #6370 ) ) ;
#3897 = FACE_OUTER_BOUND ( 'NONE', #3539, .T. ) ;
#3898 = FACE_OUTER_BOUND ( 'NONE', #8920, .T. ) ;
#3899 = ORIENTED_EDGE ( 'NONE', *, *, #7502, .F. ) ;
#3900 = LINE ( 'NONE', #445, #7118 ) ;
#3901 = ORIENTED_EDGE ( 'NONE', *, *, #4489, .F. ) ;
#3902 = DIRECTION ( 'NONE',  ( 1.224646799147350249E-16, 1.410381911693479320E-49, -1.000000000000000000 ) ) ;
#3903 = STYLED_ITEM ( 'NONE', ( #4500 ), #1591 ) ;
#3904 = ADVANCED_FACE ( 'NONE', ( #7306 ), #264, .T. ) ;
#3905 = ORIENTED_EDGE ( 'NONE', *, *, #4594, .F. ) ;
#3906 = CARTESIAN_POINT ( 'NONE',  ( 29.50000000000000000, 8.821320343559701627, -0.4999999999999917843 ) ) ;
#3907 = ORIENTED_EDGE ( 'NONE', *, *, #438, .T. ) ;
#3908 = DIRECTION ( 'NONE',  ( 2.465190328815661345E-32, -6.137086701989279675E-49, -1.000000000000000000 ) ) ;
#3909 = VECTOR ( 'NONE', #6507, 1000.000000000000000 ) ;
#3910 = DIRECTION ( 'NONE',  ( 0.000000000000000000, 0.000000000000000000, -1.000000000000000000 ) ) ;
#3911 = CARTESIAN_POINT ( 'NONE',  ( 30.45000000000000284, 8.699502414410101636, -0.1421431015282015875 ) ) ;
#3912 = CARTESIAN_POINT ( 'NONE',  ( 26.53250136184209751, 12.10075045774459923, -3.877405964805094030 ) ) ;
#3913 = EDGE_CURVE ( 'NONE', #2307, #4051, #3007, .T. ) ;
#3914 = EDGE_CURVE ( 'NONE', #1186, #3460, #7258, .T. ) ;
#3915 = VECTOR ( 'NONE', #3080, 1000.000000000000000 ) ;
#3916 = ORIENTED_EDGE ( 'NONE', *, *, #2897, .F. ) ;
#3917 = EDGE_LOOP ( 'NONE', ( #5567, #3776, #6807, #4821 ) ) ;
#3918 = CARTESIAN_POINT ( 'NONE',  ( 26.99999999999999645, 9.999999999999998224, 2.799999999999877254 ) ) ;
#3919 = CARTESIAN_POINT ( 'NONE',  ( -28.74411869353389548, 9.048147215588299375, 0.006252880978630317999 ) ) ;
#3920 = CARTESIAN_POINT ( 'NONE',  ( -30.75000000000000000, 3.174991473819500420, -3.786746853471398389 ) ) ;
#3921 = ORIENTED_EDGE ( 'NONE', *, *, #7662, .T. ) ;
#3922 = ADVANCED_FACE ( 'NONE', ( #5965 ), #6013, .T. ) ;
#3923 = ORIENTED_EDGE ( 'NONE', *, *, #6880, .F. ) ;
#3924 = VECTOR ( 'NONE', #2920, 1000.000000000000000 ) ;
#3925 = FACE_OUTER_BOUND ( 'NONE', #7265, .T. ) ;
#3926 = LINE ( 'NONE', #5211, #3216 ) ;
#3927 = DIRECTION ( 'NONE',  ( 1.000000000000000000, 0.000000000000000000, 0.000000000000000000 ) ) ;
#3928 = EDGE_CURVE ( 'NONE', #4724, #5101, #7393, .T. ) ;
#3929 = LINE ( 'NONE', #7324, #1595 ) ;
#3930 = ORIENTED_EDGE ( 'NONE', *, *, #2957, .F. ) ;
#3931 = LINE ( 'NONE', #6736, #4252 ) ;
#3932 = CARTESIAN_POINT ( 'NONE',  ( 26.56703807286370278, 12.41753315790929868, -3.950132128705794443 ) ) ;
#3933 = CARTESIAN_POINT ( 'NONE',  ( -27.24320775699649744, 8.049116928532395765E-16, 0.7082077569961630070 ) ) ;
#3934 = PLANE ( 'NONE',  #4319 ) ;
#3935 = EDGE_LOOP ( 'NONE', ( #4471, #2213 ) ) ;
#3936 = CARTESIAN_POINT ( 'NONE',  ( 25.75000000000115463, 11.50000000000000000, -5.126471437761221495 ) ) ;
#3937 = LINE ( 'NONE', #2947, #6022 ) ;
#3938 = AXIS2_PLACEMENT_3D ( 'NONE', #2567, #6846, #4742 ) ;
#3939 = ORIENTED_EDGE ( 'NONE', *, *, #357, .F. ) ;
#3940 = CARTESIAN_POINT ( 'NONE',  ( -27.69137226816740949, 8.837811387977103195, -0.4382110761899180584 ) ) ;
#3941 = DIRECTION ( 'NONE',  ( 1.000000000000000000, 6.162975822039154730E-33, 2.465190328815661892E-32 ) ) ;
#3942 = AXIS2_PLACEMENT_3D ( 'NONE', #560, #3503, #2076 ) ;
#3943 = ORIENTED_EDGE ( 'NONE', *, *, #5252, .T. ) ;
#3944 = FACE_OUTER_BOUND ( 'NONE', #816, .T. ) ;
#3945 = ORIENTED_EDGE ( 'NONE', *, *, #5998, .T. ) ;
#3946 = CARTESIAN_POINT ( 'NONE',  ( -30.64999999999999503, 2.223807899774399299, -2.822911629612196549 ) ) ;
#3947 = PLANE ( 'NONE',  #1679 ) ;
#3948 = VERTEX_POINT ( 'NONE', #6710 ) ;
#3949 = SURFACE_SIDE_STYLE ('',( #4460 ) ) ;
#3950 = PLANE ( 'NONE',  #7484 ) ;
#3951 = DIRECTION ( 'NONE',  ( -1.000000000000000000, -6.162975822039154730E-33, -2.465190328815661892E-32 ) ) ;
#3952 = ORIENTED_EDGE ( 'NONE', *, *, #4351, .T. ) ;
#3953 = FILL_AREA_STYLE_COLOUR ( '', #1180 ) ;
#3954 = CARTESIAN_POINT ( 'NONE',  ( 26.35103797640960011, 17.06074899999999772, -4.099999999999992539 ) ) ;
#3955 = CARTESIAN_POINT ( 'NONE',  ( 30.45000000000000284, 7.225050937922400607, 1.666696453860487814 ) ) ;
#3956 = MECHANICAL_DESIGN_GEOMETRIC_PRESENTATION_REPRESENTATION (  '', ( #3660 ), #276 ) ;
#3957 = CARTESIAN_POINT ( 'NONE',  ( -30.75000000000000000, 1.812905561071200822, -3.855766422117396619 ) ) ;
#3958 = AXIS2_PLACEMENT_3D ( 'NONE', #2088, #19, #4997 ) ;
#3959 = ORIENTED_EDGE ( 'NONE', *, *, #7653, .T. ) ;
#3960 = AXIS2_PLACEMENT_3D ( 'NONE', #5388, #5168, #229 ) ;
#3961 = ORIENTED_EDGE ( 'NONE', *, *, #5041, .T. ) ;
#3962 = CARTESIAN_POINT ( 'NONE',  ( -29.25000000000001066, 12.09205754721679860, -3.851763809020500862 ) ) ;
#3963 = CARTESIAN_POINT ( 'NONE',  ( -28.43457114437809707, 8.858593335528297530, -0.3718254155903686353 ) ) ;
#3964 = LINE ( 'NONE', #4469, #3434 ) ;
#3965 = AXIS2_PLACEMENT_3D ( 'NONE', #2385, #2195, #2984 ) ;
#3966 = EDGE_CURVE ( 'NONE', #6392, #3414, #400, .T. ) ;
#3967 = ORIENTED_EDGE ( 'NONE', *, *, #1579, .T. ) ;
#3968 = AXIS2_PLACEMENT_3D ( 'NONE', #4765, #1166, #8906 ) ;
#3969 = ORIENTED_EDGE ( 'NONE', *, *, #2523, .F. ) ;
#3970 = ADVANCED_FACE ( 'NONE', ( #1129 ), #3770, .F. ) ;
#3971 = APPLICATION_PROTOCOL_DEFINITION ( 'draft international standard', 'automotive_design', 1998, #7542 ) ;
#3972 = AXIS2_PLACEMENT_3D ( 'NONE', #5799, #1614, #5851 ) ;
#3973 = AXIS2_PLACEMENT_3D ( 'NONE', #155, #8497, #2964 ) ;
#3974 = VECTOR ( 'NONE', #2109, 1000.000000000000000 ) ;
#3975 = PRODUCT_DEFINITION_SHAPE ( 'NONE', 'NONE',  #9070 ) ;
#3976 = ORIENTED_EDGE ( 'NONE', *, *, #6049, .F. ) ;
#3977 = CARTESIAN_POINT ( 'NONE',  ( -30.75000000000000000, 8.049116928532391821E-16, 5.739098000000004696 ) ) ;
#3978 = CARTESIAN_POINT ( 'NONE',  ( -30.75000000000000000, 0.8250085261886024313, -5.000185169558794662 ) ) ;
#3979 = DIRECTION ( 'NONE',  ( 1.000000000000000000, 6.162975822039154730E-33, 2.465190328815661345E-32 ) ) ;
#3980 = CARTESIAN_POINT ( 'NONE',  ( -28.43785354715100411, 12.42666406871190077, -3.941421356237300611 ) ) ;
#3981 = EDGE_CURVE ( 'NONE', #3541, #4061, #7981, .T. ) ;
#3982 = DIRECTION ( 'NONE',  ( 0.000000000000000000, 0.9396926207859036539, 0.3420201433256818135 ) ) ;
#3983 = PRODUCT_DEFINITION_FORMATION_WITH_SPECIFIED_SOURCE ( 'ANY', '', #8403, .NOT_KNOWN. ) ;
#3984 = VECTOR ( 'NONE', #6491, 1000.000000000000227 ) ;
#3985 = EDGE_LOOP ( 'NONE', ( #2510, #1813, #7490, #5238 ) ) ;
#3986 = ORIENTED_EDGE ( 'NONE', *, *, #5869, .T. ) ;
#3987 = ADVANCED_FACE ( 'NONE', ( #3129 ), #2659, .F. ) ;
#3988 = CARTESIAN_POINT ( 'NONE',  ( 26.21803201035809039, 9.139839182139702700, 0.1295531490785161721 ) ) ;
#3989 = ADVANCED_FACE ( 'NONE', ( #8829 ), #2611, .T. ) ;
#3990 = FACE_OUTER_BOUND ( 'NONE', #8129, .T. ) ;
#3991 = DIRECTION ( 'NONE',  ( -2.449293598294709866E-16, -8.957850525376296048E-49, 1.000000000000000000 ) ) ;
#3992 = EDGE_CURVE ( 'NONE', #1843, #1181, #4123, .T. ) ;
#3993 = FACE_OUTER_BOUND ( 'NONE', #8042, .T. ) ;
#3994 = CARTESIAN_POINT ( 'NONE',  ( -27.36243717333751491, 8.936349306312999730, -0.1839662671131603866 ) ) ;
#3995 = ORIENTED_EDGE ( 'NONE', *, *, #5200, .F. ) ;
#3996 = LINE ( 'NONE', #4733, #8716 ) ;
#3997 = ORIENTED_EDGE ( 'NONE', *, *, #6057, .F. ) ;
#3998 = CARTESIAN_POINT ( 'NONE',  ( -28.00000000000001066, 7.439997600000002542, 0.2399975999999842124 ) ) ;
#3999 = AXIS2_PLACEMENT_3D ( 'NONE', #7142, #3409, #8292 ) ;
#4000 = CARTESIAN_POINT ( 'NONE',  ( -30.75000000000000000, 2.223807899774399299, -2.822911629612196549 ) ) ;
#4001 = DIRECTION ( 'NONE',  ( -5.801957056841933239E-32, 0.7071067811866160735, 0.7071067811864790720 ) ) ;
#4002 = VERTEX_POINT ( 'NONE', #7481 ) ;
#4003 = CARTESIAN_POINT ( 'NONE',  ( 29.48556301468430263, 8.821320343559701627, -0.4999999999999917843 ) ) ;
#4004 = ORIENTED_EDGE ( 'NONE', *, *, #5638, .T. ) ;
#4005 = FILL_AREA_STYLE ('',( #3953 ) ) ;
#4006 = DIRECTION ( 'NONE',  ( 1.000000000000000000, 6.162975822039154730E-33, 2.465190328815661892E-32 ) ) ;
#4007 = CARTESIAN_POINT ( 'NONE',  ( 29.50000000000000000, 8.821320343559701627, -0.4999999999999917843 ) ) ;
#4008 = ORIENTED_EDGE ( 'NONE', *, *, #6208, .T. ) ;
#4009 = VERTEX_POINT ( 'NONE', #1868 ) ;
#4010 = CARTESIAN_POINT ( 'NONE',  ( 25.75000000000115463, 9.443391120976400543, -3.499999999999997780 ) ) ;
#4011 = CARTESIAN_POINT ( 'NONE',  ( -28.72978070540360562, 9.025582109329098657, -0.02775009080174979659 ) ) ;
#4012 = DIRECTION ( 'NONE',  ( -6.162975822039150624E-33, 1.000000000000000000, -2.220446049250313574E-16 ) ) ;
#4013 = ORIENTED_EDGE ( 'NONE', *, *, #1043, .F. ) ;
#4014 = CARTESIAN_POINT ( 'NONE',  ( 29.39000000000000057, 13.10000000000000142, -7.200002399999990921 ) ) ;
#4015 = VECTOR ( 'NONE', #7907, 1000.000000000000000 ) ;
#4016 = EDGE_CURVE ( 'NONE', #5064, #3718, #4783, .T. ) ;
#4017 = ORIENTED_EDGE ( 'NONE', *, *, #7351, .T. ) ;
#4018 = DIRECTION ( 'NONE',  ( -1.000000000000000000, -6.162975822039154730E-33, -2.465190328815661892E-32 ) ) ;
#4019 = FACE_OUTER_BOUND ( 'NONE', #475, .T. ) ;
#4020 = CARTESIAN_POINT ( 'NONE',  ( -28.43296192713941295, 12.41753315791549817, -3.950132128700597267 ) ) ;
#4021 = LINE ( 'NONE', #8848, #355 ) ;
#4022 = ORIENTED_EDGE ( 'NONE', *, *, #8669, .T. ) ;
#4023 = ORIENTED_EDGE ( 'NONE', *, *, #981, .T. ) ;
#4024 = CARTESIAN_POINT ( 'NONE',  ( 26.27531849418510035, 9.018243830426198926, -0.03910416079978308590 ) ) ;
#4025 = DIRECTION ( 'NONE',  ( -5.621012823832637317E-32, -0.9396926207859064295, 0.3420201433256739865 ) ) ;
#4026 = FACE_OUTER_BOUND ( 'NONE', #6693, .T. ) ;
#4027 = EDGE_CURVE ( 'NONE', #1336, #5394, #1966, .T. ) ;
#4028 = EDGE_CURVE ( 'NONE', #1575, #2839, #1267, .T. ) ;
#4029 = ORIENTED_EDGE ( 'NONE', *, *, #8073, .T. ) ;
#4030 = CARTESIAN_POINT ( 'NONE',  ( -27.62675071235780422, 8.847006307348900478, -0.4075909618378292243 ) ) ;
#4031 = DIRECTION ( 'NONE',  ( 0.000000000000000000, 0.000000000000000000, 1.000000000000000000 ) ) ;
#4032 = ORIENTED_EDGE ( 'NONE', *, *, #8380, .F. ) ;
#4033 = EDGE_CURVE ( 'NONE', #5957, #2699, #9008, .T. ) ;
#4034 = DIRECTION ( 'NONE',  ( -3.610187651973906322E-33, -0.7071067811864790720, 0.7071067811866160735 ) ) ;
#4035 = EDGE_CURVE ( 'NONE', #6969, #5026, #3309, .T. ) ;
#4036 = DIRECTION ( 'NONE',  ( -1.000000000000000000, 3.364689427464710265E-16, -1.224646799147350989E-16 ) ) ;
#4037 = DIRECTION ( 'NONE',  ( 1.000000000000000000, 6.162975822039154730E-33, 2.465190328815661892E-32 ) ) ;
#4038 = EDGE_CURVE ( 'NONE', #5787, #8277, #4081, .T. ) ;
#4039 = AXIS2_PLACEMENT_3D ( 'NONE', #661, #3482, #6290 ) ;
#4040 = AXIS2_PLACEMENT_3D ( 'NONE', #3479, #8808, #4108 ) ;
#4041 = VECTOR ( 'NONE', #4841, 999.9999999999998863 ) ;
#4042 = ORIENTED_EDGE ( 'NONE', *, *, #5942, .T. ) ;
#4043 = CARTESIAN_POINT ( 'NONE',  ( -31.32000000000000028, 6.800000000000001599, 6.000000000000001776 ) ) ;
#4044 = CARTESIAN_POINT ( 'NONE',  ( 28.99662944544549603, 8.876428779011801495, -0.3219454768150723512 ) ) ;
#4045 = VERTEX_POINT ( 'NONE', #4689 ) ;
#4046 = CARTESIAN_POINT ( 'NONE',  ( -28.37499999999999645, 8.049116928532395765E-16, 1.509999999999661391 ) ) ;
#4047 = CARTESIAN_POINT ( 'NONE',  ( 28.24999999999999645, 12.42666406871190077, -3.941421356237293505 ) ) ;
#4048 = VECTOR ( 'NONE', #5068, 1000.000000000000000 ) ;
#4049 = CARTESIAN_POINT ( 'NONE',  ( -30.64999999999999503, 3.016894614386100848, -4.165468861284097990 ) ) ;
#4050 = FACE_OUTER_BOUND ( 'NONE', #6493, .T. ) ;
#4051 = VERTEX_POINT ( 'NONE', #583 ) ;
#4052 = EDGE_LOOP ( 'NONE', ( #8882, #6667, #8784 ) ) ;
#4053 = CARTESIAN_POINT ( 'NONE',  ( -28.65295501388480304, 8.947567814092700189, -0.1622226193542988248 ) ) ;
#4054 = AXIS2_PLACEMENT_3D ( 'NONE', #5776, #2288, #4262 ) ;
#4055 = ORIENTED_EDGE ( 'NONE', *, *, #6993, .T. ) ;
#4056 = ORIENTED_EDGE ( 'NONE', *, *, #5212, .T. ) ;
#4057 = PLANE ( 'NONE',  #8436 ) ;
#4058 = CARTESIAN_POINT ( 'NONE',  ( -26.25000000000000000, -1.155557966632341512E-30, 0.01364251303455094738 ) ) ;
#4059 = VECTOR ( 'NONE', #2944, 1000.000000000000000 ) ;
#4060 = UNCERTAINTY_MEASURE_WITH_UNIT (LENGTH_MEASURE( 1.000000000000000082E-05 ), #8713, 'distance_accuracy_value', 'NONE');
#4061 = VERTEX_POINT ( 'NONE', #2008 ) ;
#4062 = CARTESIAN_POINT ( 'NONE',  ( -26.31999999999999673, 11.50000000000000000, 1.299999999999280842 ) ) ;
#4063 = CARTESIAN_POINT ( 'NONE',  ( 27.80000000000000426, 11.46816914538750076, 0.3000000000000103140 ) ) ;
#4064 = ORIENTED_EDGE ( 'NONE', *, *, #2059, .T. ) ;
#4065 = ORIENTED_EDGE ( 'NONE', *, *, #2333, .T. ) ;
#4066 = DIRECTION ( 'NONE',  ( -1.936050386532797621E-31, 0.7071067811865475727, 0.7071067811865474617 ) ) ;
#4067 = LINE ( 'NONE', #4222, #2647 ) ;
#4068 = ORIENTED_EDGE ( 'NONE', *, *, #4038, .T. ) ;
#4069 = DIRECTION ( 'NONE',  ( 0.2456180623827268206, 1.513738179920851070E-33, 0.9693666836813378263 ) ) ;
#4070 = DIRECTION ( 'NONE',  ( 0.000000000000000000, 0.000000000000000000, 1.000000000000000000 ) ) ;
#4071 = EDGE_CURVE ( 'NONE', #4224, #5045, #1311, .T. ) ;
#4072 = DIRECTION ( 'NONE',  ( 6.162975822039150624E-33, 1.000000000000000000, -2.220446049250313574E-16 ) ) ;
#4073 = VERTEX_POINT ( 'NONE', #3406 ) ;
#4074 = FACE_OUTER_BOUND ( 'NONE', #3985, .T. ) ;
#4075 = EDGE_CURVE ( 'NONE', #2098, #7372, #5428, .T. ) ;
#4076 = DIRECTION ( 'NONE',  ( -1.000000000000000000, -6.162975822039154730E-33, -2.465190328815661892E-32 ) ) ;
#4077 = AXIS2_PLACEMENT_3D ( 'NONE', #7515, #2652, #1919 ) ;
#4078 = CARTESIAN_POINT ( 'NONE',  ( -31.32000000000000028, 8.049116928532391821E-16, 6.000000000000005329 ) ) ;
#4079 = ADVANCED_FACE ( 'NONE', ( #3269 ), #4823, .F. ) ;
#4080 = VERTEX_POINT ( 'NONE', #2746 ) ;
#4081 = LINE ( 'NONE', #6063, #1436 ) ;
#4082 = VECTOR ( 'NONE', #53, 1000.000000000000000 ) ;
#4083 = EDGE_CURVE ( 'NONE', #4002, #3144, #8335, .T. ) ;
#4084 = CARTESIAN_POINT ( 'NONE',  ( 29.16516562446219751, 8.841236368605498441, -0.4265575964492815952 ) ) ;
#4085 = VERTEX_POINT ( 'NONE', #4863 ) ;
#4086 = VECTOR ( 'NONE', #4868, 1000.000000000000114 ) ;
#4087 = FACE_OUTER_BOUND ( 'NONE', #8518, .T. ) ;
#4088 = DIRECTION ( 'NONE',  ( 1.000000000000000000, 6.162975822039154730E-33, 2.465190328815661345E-32 ) ) ;
#4089 = AXIS2_PLACEMENT_3D ( 'NONE', #4214, #715, #3542 ) ;
#4090 = EDGE_CURVE ( 'NONE', #4901, #8025, #1177, .T. ) ;
#4091 = EDGE_CURVE ( 'NONE', #4258, #6089, #8373, .T. ) ;
#4092 = CARTESIAN_POINT ( 'NONE',  ( -24.92954185356900609, 8.049116928532391821E-16, -8.499999999999500844 ) ) ;
#4093 = STYLED_ITEM ( 'NONE', ( #3466 ), #5818 ) ;
#4094 = EDGE_CURVE ( 'NONE', #8030, #2803, #2560, .T. ) ;
#4095 = EDGE_LOOP ( 'NONE', ( #4916, #8430, #7937, #5354 ) ) ;
#4096 = LINE ( 'NONE', #4132, #7021 ) ;
#4097 = EDGE_LOOP ( 'NONE', ( #450, #6386 ) ) ;
#4098 = CARTESIAN_POINT ( 'NONE',  ( 29.12499999999999645, 8.049116928532395765E-16, 1.089999999999650360 ) ) ;
#4099 = FILL_AREA_STYLE ('',( #1885 ) ) ;
#4100 = VECTOR ( 'NONE', #5046, 1000.000000000000000 ) ;
#4101 = ORIENTED_EDGE ( 'NONE', *, *, #4083, .F. ) ;
#4102 = AXIS2_PLACEMENT_3D ( 'NONE', #1849, #469, #4756 ) ;
#4103 = VECTOR ( 'NONE', #242, 1000.000000000000114 ) ;
#4104 = ORIENTED_EDGE ( 'NONE', *, *, #3256, .T. ) ;
#4105 = DIRECTION ( 'NONE',  ( -1.000000000000000000, -6.162975822039154730E-33, -2.465190328815661892E-32 ) ) ;
#4106 = DIRECTION ( 'NONE',  ( -8.377077475354103092E-17, 0.9396926207859065405, 0.3420201433256735979 ) ) ;
#4107 = CARTESIAN_POINT ( 'NONE',  ( 28.49999999999999645, 7.260769515458562751, 1.799999999999649658 ) ) ;
#4108 = DIRECTION ( 'NONE',  ( -1.000000000000000000, -6.162975822039154730E-33, -1.224646799147350249E-16 ) ) ;
#4109 = VERTEX_POINT ( 'NONE', #6963 ) ;
#4110 = VECTOR ( 'NONE', #8302, 1000.000000000000000 ) ;
#4111 = DIRECTION ( 'NONE',  ( 0.000000000000000000, 0.000000000000000000, -1.000000000000000000 ) ) ;
#4112 = STYLED_ITEM ( 'NONE', ( #8001 ), #4548 ) ;
#4113 = ORIENTED_EDGE ( 'NONE', *, *, #7936, .F. ) ;
#4114 = AXIS2_PLACEMENT_3D ( 'NONE', #5370, #483, #2689 ) ;
#4115 = CARTESIAN_POINT ( 'NONE',  ( -28.00000000000001066, 13.10000000000000142, -3.700000000000400746 ) ) ;
#4116 = PLANE ( 'NONE',  #1100 ) ;
#4117 = ORIENTED_EDGE ( 'NONE', *, *, #78, .F. ) ;
#4118 = PLANE ( 'NONE',  #8310 ) ;
#4119 = VECTOR ( 'NONE', #4623, 1000.000000000000000 ) ;
#4120 = DIRECTION ( 'NONE',  ( -3.335559729097691015E-32, 1.000000000000000000, -3.943844354434941479E-48 ) ) ;
#4121 = EDGE_CURVE ( 'NONE', #8084, #45, #7986, .T. ) ;
#4122 = ORIENTED_EDGE ( 'NONE', *, *, #1956, .T. ) ;
#4123 = LINE ( 'NONE', #6800, #122 ) ;
#4124 = CARTESIAN_POINT ( 'NONE',  ( 27.80000000000000426, 9.294435844492799248, 0.3000000000000103140 ) ) ;
#4125 = CIRCLE ( 'NONE', #8357, 0.5000000000000000000 ) ;
#4126 = VERTEX_POINT ( 'NONE', #7006 ) ;
#4127 = DIRECTION ( 'NONE',  ( -2.102964564689860617E-32, -1.000000000000000000, 2.220446049250313574E-16 ) ) ;
#4128 = LINE ( 'NONE', #3444, #6706 ) ;
#4129 = CARTESIAN_POINT ( 'NONE',  ( 29.50000000000000000, 8.821320343559701627, -0.4999999999999917843 ) ) ;
#4130 = ADVANCED_FACE ( 'NONE', ( #699 ), #6236, .T. ) ;
#4131 = ORIENTED_EDGE ( 'NONE', *, *, #6105, .F. ) ;
#4132 = CARTESIAN_POINT ( 'NONE',  ( 29.67999999999999972, 11.50000000000000000, 1.299999999999287947 ) ) ;
#4133 = ADVANCED_FACE ( 'NONE', ( #6335 ), #1307, .T. ) ;
#4134 = ORIENTED_EDGE ( 'NONE', *, *, #6891, .F. ) ;
#4135 = DIRECTION ( 'NONE',  ( -0.9486832980503371315, -0.2236067977503532478, -0.2236067977503540805 ) ) ;
#4136 = PLANE ( 'NONE',  #2896 ) ;
#4137 = EDGE_CURVE ( 'NONE', #2830, #3796, #3403, .T. ) ;
#4138 =( BOUNDED_CURVE ( )  B_SPLINE_CURVE ( 3, ( #8359, #4233, #821, #7039 ),
 .UNSPECIFIED., .F., .T. ) 
 B_SPLINE_CURVE_WITH_KNOTS ( ( 4, 4 ),
 ( 3.141592653589793116, 3.715422812395861474 ),
 .UNSPECIFIED. ) 
 CURVE ( )  GEOMETRIC_REPRESENTATION_ITEM ( )  RATIONAL_B_SPLINE_CURVE ( ( 1.000000000000000000, 0.9727476362330325088, 0.9727476362330325088, 1.000000000000000000 ) ) 
 REPRESENTATION_ITEM ( '' )  );
#4139 = ORIENTED_EDGE ( 'NONE', *, *, #6985, .T. ) ;
#4140 = ORIENTED_EDGE ( 'NONE', *, *, #9037, .T. ) ;
#4141 = CARTESIAN_POINT ( 'NONE',  ( 29.50000000000000000, 6.148333950160602690, -2.351666049838894157 ) ) ;
#4142 = ADVANCED_FACE ( 'NONE', ( #7737 ), #8414, .F. ) ;
#4143 = CARTESIAN_POINT ( 'NONE',  ( 27.79922683999279442, 9.254073569774403651, 0.2589467002751585367 ) ) ;
#4144 = CARTESIAN_POINT ( 'NONE',  ( -28.47472778034430974, 12.09347363370460293, -3.857048715740798439 ) ) ;
#4145 = UNCERTAINTY_MEASURE_WITH_UNIT (LENGTH_MEASURE( 1.000000000000000082E-05 ), #2253, 'distance_accuracy_value', 'NONE');
#4146 = ADVANCED_FACE ( 'NONE', ( #4253 ), #6918, .T. ) ;
#4147 = ORIENTED_EDGE ( 'NONE', *, *, #7897, .F. ) ;
#4148 = CARTESIAN_POINT ( 'NONE',  ( 26.28999999999999559, 13.10000000000000142, -1.799999999999992495 ) ) ;
#4149 = CYLINDRICAL_SURFACE ( 'NONE', #2048, 0.7999999999999986011 ) ;
#4150 = FACE_BOUND ( 'NONE', #1253, .T. ) ;
#4151 = EDGE_LOOP ( 'NONE', ( #2933, #4176, #5355, #1397 ) ) ;
#4152 = LINE ( 'NONE', #3465, #8855 ) ;
#4153 = ORIENTED_EDGE ( 'NONE', *, *, #2052, .T. ) ;
#4154 = LINE ( 'NONE', #6227, #1431 ) ;
#4155 = ORIENTED_EDGE ( 'NONE', *, *, #1823, .F. ) ;
#4156 = DIRECTION ( 'NONE',  ( -5.472343655837564221E-32, 0.9396926207856849400, 0.3420201433262827218 ) ) ;
#4157 = DIRECTION ( 'NONE',  ( 3.610187651973074301E-33, 0.7071067811865470176, 0.7071067811865479058 ) ) ;
#4158 = DIRECTION ( 'NONE',  ( 6.162975822039150624E-33, -1.000000000000000000, 2.220446049250313574E-16 ) ) ;
#4159 = ORIENTED_EDGE ( 'NONE', *, *, #3463, .T. ) ;
#4160 = CARTESIAN_POINT ( 'NONE',  ( 27.49999999999999645, -0.9239499999999990498, 7.200002400000009573 ) ) ;
#4161 = SURFACE_SIDE_STYLE ('',( #7734 ) ) ;
#4162 = CARTESIAN_POINT ( 'NONE',  ( -30.75000000000000000, 8.049116928532391821E-16, -5.999999999999998224 ) ) ;
#4163 = DIRECTION ( 'NONE',  ( 2.465190328815661345E-32, -6.137086701989279675E-49, -1.000000000000000000 ) ) ;
#4164 = EDGE_LOOP ( 'NONE', ( #8765, #8841, #3676, #6088, #5793, #5278, #6337 ) ) ;
#4165 = DIRECTION ( 'NONE',  ( -6.162975822039150624E-33, 1.000000000000000000, -2.220446049250313574E-16 ) ) ;
#4166 = LINE ( 'NONE', #2093, #2716 ) ;
#4167 = ORIENTED_EDGE ( 'NONE', *, *, #4984, .T. ) ;
#4168 = DIRECTION ( 'NONE',  ( 0.000000000000000000, 0.000000000000000000, 1.000000000000000000 ) ) ;
#4169 = CARTESIAN_POINT ( 'NONE',  ( 29.86999999999999389, 13.10000000000000142, -1.799999999999992495 ) ) ;
#4170 = ORIENTED_EDGE ( 'NONE', *, *, #6501, .F. ) ;
#4171 = VERTEX_POINT ( 'NONE', #6371 ) ;
#4172 = CARTESIAN_POINT ( 'NONE',  ( -27.05000000000000426, 5.170765814495903001, -5.999999999999999112 ) ) ;
#4173 = DIRECTION ( 'NONE',  ( -5.546678239835239257E-32, -0.7071067811865480168, 0.7071067811865470176 ) ) ;
#4174 = DIRECTION ( 'NONE',  ( -6.162975822039150624E-33, 1.000000000000000000, -2.220446049250313574E-16 ) ) ;
#4175 = AXIS2_PLACEMENT_3D ( 'NONE', #2383, #5189, #5822 ) ;
#4176 = ORIENTED_EDGE ( 'NONE', *, *, #5038, .T. ) ;
#4177 = CARTESIAN_POINT ( 'NONE',  ( -26.89999999999999503, 18.79999999999789750, -6.000000000000002665 ) ) ;
#4178 = CARTESIAN_POINT ( 'NONE',  ( 26.88999999999999702, 13.10000000000000142, -3.268085424949194184 ) ) ;
#4179 = ADVANCED_FACE ( 'NONE', ( #2181 ), #64, .T. ) ;
#4180 = VECTOR ( 'NONE', #5420, 1000.000000000000114 ) ;
#4181 = EDGE_CURVE ( 'NONE', #2832, #565, #5913, .T. ) ;
#4182 = VERTEX_POINT ( 'NONE', #4297 ) ;
#4183 = CARTESIAN_POINT ( 'NONE',  ( 27.95000000000000284, 8.699502414410101636, -0.1421431015282015875 ) ) ;
#4184 = PLANE ( 'NONE',  #5453 ) ;
#4185 = EDGE_CURVE ( 'NONE', #2803, #2128, #7925, .T. ) ;
#4186 = EDGE_LOOP ( 'NONE', ( #4211, #2376, #347, #1739, #8483 ) ) ;
#4187 = CARTESIAN_POINT ( 'NONE',  ( -27.62499999999999645, -2.629463045522899112, 1.089999999999650804 ) ) ;
#4188 = CARTESIAN_POINT ( 'NONE',  ( -29.25000000000001066, 12.42666406871190077, -3.941421356237300611 ) ) ;
#4189 = DIRECTION ( 'NONE',  ( 2.465190328815661892E-32, -6.137086701989279675E-49, -1.000000000000000000 ) ) ;
#4190 = VECTOR ( 'NONE', #7487, 1000.000000000000000 ) ;
#4191 = ADVANCED_FACE ( 'NONE', ( #5130 ), #7097, .F. ) ;
#4192 = ADVANCED_FACE ( 'NONE', ( #8592 ), #3120, .F. ) ;
#4193 = ORIENTED_EDGE ( 'NONE', *, *, #3981, .F. ) ;
#4194 = CARTESIAN_POINT ( 'NONE',  ( 30.75000000000000000, 11.50000000000000000, -5.999999999999990230 ) ) ;
#4195 = DIRECTION ( 'NONE',  ( 1.000000000000000000, 6.162975822039154730E-33, 2.465190328815661892E-32 ) ) ;
#4196 = VECTOR ( 'NONE', #5347, 1000.000000000000000 ) ;
#4197 = CARTESIAN_POINT ( 'NONE',  ( 27.17999999999999616, -0.8445942863764986930, -3.910000000000392273 ) ) ;
#4198 = VERTEX_POINT ( 'NONE', #6421 ) ;
#4199 = DIRECTION ( 'NONE',  ( 6.162975822039150624E-33, -1.000000000000000000, 2.220446049250313574E-16 ) ) ;
#4200 = DIRECTION ( 'NONE',  ( -1.000000000000000000, -6.054821875991488453E-32, -2.449293598294709866E-16 ) ) ;
#4201 = DIRECTION ( 'NONE',  ( -1.000000000000000000, -6.162975822039154730E-33, -2.465190328815661892E-32 ) ) ;
#4202 =( LENGTH_UNIT ( ) NAMED_UNIT ( * ) SI_UNIT ( .MILLI., .METRE. ) );
#4203 = VECTOR ( 'NONE', #2084, 1000.000000000000000 ) ;
#4204 = DIRECTION ( 'NONE',  ( 0.000000000000000000, -0.7071067811864789610, 0.7071067811866160735 ) ) ;
#4205 = LINE ( 'NONE', #6288, #3401 ) ;
#4206 = ORIENTED_EDGE ( 'NONE', *, *, #915, .F. ) ;
#4207 = ORIENTED_EDGE ( 'NONE', *, *, #7897, .T. ) ;
#4208 = CARTESIAN_POINT ( 'NONE',  ( -28.00000000000001066, 11.50000000000000000, -3.700000000000400746 ) ) ;
#4209 = FACE_OUTER_BOUND ( 'NONE', #6110, .T. ) ;
#4210 = VECTOR ( 'NONE', #8244, 999.9999999999998863 ) ;
#4211 = ORIENTED_EDGE ( 'NONE', *, *, #2884, .T. ) ;
#4212 = VECTOR ( 'NONE', #7144, 1000.000000000000114 ) ;
#4213 = EDGE_LOOP ( 'NONE', ( #2461, #7698, #5894, #1901 ) ) ;
#4214 = CARTESIAN_POINT ( 'NONE',  ( -29.25000000000001066, 12.28524271247460220, -3.800000000000001155 ) ) ;
#4215 = ORIENTED_EDGE ( 'NONE', *, *, #3981, .T. ) ;
#4216 = EDGE_LOOP ( 'NONE', ( #5978, #7221, #2917, #3630 ) ) ;
#4217 = DIRECTION ( 'NONE',  ( 1.000000000000000000, 6.162975822039154730E-33, 2.449293598294709866E-16 ) ) ;
#4218 = CARTESIAN_POINT ( 'NONE',  ( 26.51304050858312777, 12.53900965913011056, -3.829075765819185406 ) ) ;
#4219 = DIRECTION ( 'NONE',  ( 3.285554987676965681E-14, 0.7071067811864790720, -0.7071067811866160735 ) ) ;
#4220 = AXIS2_PLACEMENT_3D ( 'NONE', #930, #5226, #6555 ) ;
#4221 = CONTEXT_DEPENDENT_SHAPE_REPRESENTATION ( #1547, #3975 ) ;
#4222 = CARTESIAN_POINT ( 'NONE',  ( -30.75000000000000000, 8.049116928532391821E-16, -3.944843712904794408 ) ) ;
#4223 = EDGE_CURVE ( 'NONE', #474, #8999, #164, .T. ) ;
#4224 = VERTEX_POINT ( 'NONE', #3663 ) ;
#4225 = CARTESIAN_POINT ( 'NONE',  ( 25.74999999999999645, 8.049116928532395765E-16, -3.499999999999989342 ) ) ;
#4226 = DIRECTION ( 'NONE',  ( 1.000000000000000000, 6.162975822039154730E-33, 2.465190328815661892E-32 ) ) ;
#4227 =( BOUNDED_CURVE ( )  B_SPLINE_CURVE ( 3, ( #7145, #8548, #5180, #6470 ),
 .UNSPECIFIED., .F., .T. ) 
 B_SPLINE_CURVE_WITH_KNOTS ( ( 4, 4 ),
 ( 0.6435011087945589070, 1.982313172863239714 ),
 .UNSPECIFIED. ) 
 CURVE ( )  GEOMETRIC_REPRESENTATION_ITEM ( )  RATIONAL_B_SPLINE_CURVE ( ( 1.000000000000000000, 0.8561269155848348911, 0.8561269155848348911, 1.000000000000000000 ) ) 
 REPRESENTATION_ITEM ( '' )  );
#4228 = ORIENTED_EDGE ( 'NONE', *, *, #1707, .T. ) ;
#4229 = CARTESIAN_POINT ( 'NONE',  ( 29.87500000000000000, 8.049116928532395765E-16, 0.1329537193263605199 ) ) ;
#4230 = DIRECTION ( 'NONE',  ( 2.964296775167248380E-17, -0.7071067811864790720, 0.7071067811866160735 ) ) ;
#4231 = EDGE_CURVE ( 'NONE', #7483, #4280, #4227, .T. ) ;
#4232 = CARTESIAN_POINT ( 'NONE',  ( 25.74999999999999645, 13.10000000000000142, -3.268085424949194184 ) ) ;
#4233 = CARTESIAN_POINT ( 'NONE',  ( 29.20907689484984715, 8.821320343559850841, -0.4999999999999923395 ) ) ;
#4234 = VECTOR ( 'NONE', #4882, 1000.000000000000114 ) ;
#4235 = ADVANCED_FACE ( 'NONE', ( #3755 ), #4496, .T. ) ;
#4236 = EDGE_LOOP ( 'NONE', ( #4131, #957, #8509, #2985, #6274, #1501, #5499, #2591, #8282, #878, #360, #1806, #167, #5358, #2661, #2845, #7568, #431, #2442, #8895, #7270, #5049 ) ) ;
#4237 = DIRECTION ( 'NONE',  ( 1.000000000000000000, 6.162975822039154730E-33, 2.465190328815661892E-32 ) ) ;
#4238 = LINE ( 'NONE', #5506, #7567 ) ;
#4239 = CARTESIAN_POINT ( 'NONE',  ( 30.75000000000000355, 8.049116928532395765E-16, -9.312129131822686645 ) ) ;
#4240 = EDGE_CURVE ( 'NONE', #5736, #5899, #1402, .T. ) ;
#4241 = VECTOR ( 'NONE', #3650, 1000.000000000000000 ) ;
#4242 = ADVANCED_FACE ( 'NONE', ( #3897 ), #1772, .T. ) ;
#4243 = VECTOR ( 'NONE', #3617, 1000.000000000000114 ) ;
#4244 = LINE ( 'NONE', #2228, #4506 ) ;
#4245 = ORIENTED_EDGE ( 'NONE', *, *, #5196, .F. ) ;
#4246 = VECTOR ( 'NONE', #8856, 1000.000000000000114 ) ;
#4247 = CARTESIAN_POINT ( 'NONE',  ( -28.17999999999999616, -0.7705369544777969093, 1.089999999999650804 ) ) ;
#4248 = SURFACE_STYLE_FILL_AREA ( #5720 ) ;
#4249 = EDGE_CURVE ( 'NONE', #4512, #5308, #4589, .T. ) ;
#4250 = FILL_AREA_STYLE_COLOUR ( '', #4637 ) ;
#4251 = PRODUCT_DEFINITION_FORMATION_WITH_SPECIFIED_SOURCE ( 'ANY', '', #706, .NOT_KNOWN. ) ;
#4252 = VECTOR ( 'NONE', #3242, 1000.000000000000114 ) ;
#4253 = FACE_OUTER_BOUND ( 'NONE', #988, .T. ) ;
#4254 = DIRECTION ( 'NONE',  ( 0.9914448613738103822, 0.1305261922200520452, -4.683861624749757595E-31 ) ) ;
#4255 = DIRECTION ( 'NONE',  ( -1.000000000000000000, -6.162975822039154730E-33, -2.465190328815661892E-32 ) ) ;
#4256 = ORIENTED_EDGE ( 'NONE', *, *, #5604, .F. ) ;
#4257 = CARTESIAN_POINT ( 'NONE',  ( 28.76034377426410416, 9.040448556991599105, -0.005051419532961162751 ) ) ;
#4258 = VERTEX_POINT ( 'NONE', #4856 ) ;
#4259 = AXIS2_PLACEMENT_3D ( 'NONE', #298, #1676, #335 ) ;
#4260 = CLOSED_SHELL ( 'NONE', ( #7646, #7215, #7106, #1309, #7776, #6888, #2237, #855, #7771, #7998, #7041, #5941, #3420, #3624, #6176, #8168, #2446, #2728, #491 ) ) ;
#4261 = SURFACE_SIDE_STYLE ('',( #121 ) ) ;
#4262 = DIRECTION ( 'NONE',  ( 0.000000000000000000, -0.7071067811864789610, 0.7071067811866160735 ) ) ;
#4263 = ORIENTED_EDGE ( 'NONE', *, *, #4417, .T. ) ;
#4264 = VERTEX_POINT ( 'NONE', #1958 ) ;
#4265 = CARTESIAN_POINT ( 'NONE',  ( 27.37000000000000455, 8.049116928532395765E-16, -3.499999999999989342 ) ) ;
#4266 = DIRECTION ( 'NONE',  ( -1.000000000000000000, -6.162975822039154730E-33, -2.465190328815661892E-32 ) ) ;
#4267 = ORIENTED_EDGE ( 'NONE', *, *, #8825, .T. ) ;
#4268 = CARTESIAN_POINT ( 'NONE',  ( 27.11515481496640234, 8.823255851435597208, -0.4921945867926522666 ) ) ;
#4269 = ORIENTED_EDGE ( 'NONE', *, *, #1594, .F. ) ;
#4270 = DIRECTION ( 'NONE',  ( 0.000000000000000000, 0.000000000000000000, 1.000000000000000000 ) ) ;
#4271 = CYLINDRICAL_SURFACE ( 'NONE', #439, 1.500000000000000222 ) ;
#4272 = FILL_AREA_STYLE ('',( #2762 ) ) ;
#4273 = CARTESIAN_POINT ( 'NONE',  ( -28.40957719332830322, 12.21356064408829845, -3.986795451170400906 ) ) ;
#4274 = LINE ( 'NONE', #5062, #3061 ) ;
#4275 = VECTOR ( 'NONE', #6601, 1000.000000000000000 ) ;
#4276 = ORIENTED_EDGE ( 'NONE', *, *, #2284, .F. ) ;
#4277 = LINE ( 'NONE', #6982, #5694 ) ;
#4278 = FACE_OUTER_BOUND ( 'NONE', #5109, .T. ) ;
#4279 = SURFACE_SIDE_STYLE ('',( #7768 ) ) ;
#4280 = VERTEX_POINT ( 'NONE', #2778 ) ;
#4281 = CARTESIAN_POINT ( 'NONE',  ( -28.80000000000000782, 9.294435844495001930, 0.3000000000000033751 ) ) ;
#4282 = ORIENTED_EDGE ( 'NONE', *, *, #4819, .T. ) ;
#4283 = FACE_OUTER_BOUND ( 'NONE', #6483, .T. ) ;
#4284 = DIRECTION ( 'NONE',  ( -2.178940998026185355E-32, 0.7071067811866160735, 0.7071067811864790720 ) ) ;
#4285 = CARTESIAN_POINT ( 'NONE',  ( 26.20000000000230500, 11.09999999999999787, 0.3000000000000068723 ) ) ;
#4286 = ADVANCED_FACE ( 'NONE', ( #652 ), #2688, .T. ) ;
#4287 = DIRECTION ( 'NONE',  ( -4.930380657631324879E-32, -0.9659258262890683122, -0.2588190451025209060 ) ) ;
#4288 = ORIENTED_EDGE ( 'NONE', *, *, #3134, .F. ) ;
#4289 = LINE ( 'NONE', #3516, #850 ) ;
#4290 = DIRECTION ( 'NONE',  ( 3.647563707725548394E-33, 0.9252807390362649542, -0.3792829471100741534 ) ) ;
#4291 = ORIENTED_EDGE ( 'NONE', *, *, #88, .T. ) ;
#4292 = DIRECTION ( 'NONE',  ( -3.335559729097691015E-32, 1.000000000000000000, -3.943844354434941479E-48 ) ) ;
#4293 = FILL_AREA_STYLE ('',( #7195 ) ) ;
#4294 = EDGE_CURVE ( 'NONE', #8999, #1082, #3517, .T. ) ;
#4295 = CARTESIAN_POINT ( 'NONE',  ( -30.75000000000000000, 3.174991473819601229, -5.999999999999999112 ) ) ;
#4296 = EDGE_CURVE ( 'NONE', #9020, #5917, #739, .T. ) ;
#4297 = CARTESIAN_POINT ( 'NONE',  ( 29.50000000000000000, 8.049116928532395765E-16, 1.799999999999659428 ) ) ;
#4298 = CARTESIAN_POINT ( 'NONE',  ( -27.62499999999999645, -0.8445942863764986930, 1.509999999999661391 ) ) ;
#4299 = ORIENTED_EDGE ( 'NONE', *, *, #7718, .T. ) ;
#4300 = CYLINDRICAL_SURFACE ( 'NONE', #8225, 1.500000000000000222 ) ;
#4301 = EDGE_CURVE ( 'NONE', #3789, #5102, #5468, .T. ) ;
#4302 = CARTESIAN_POINT ( 'NONE',  ( 28.78649029883169419, 9.004153843639100430, -0.06180644872461234229 ) ) ;
#4303 = ORIENTED_EDGE ( 'NONE', *, *, #7456, .F. ) ;
#4304 = ADVANCED_FACE ( 'NONE', ( #1996 ), #615, .F. ) ;
#4305 =( LENGTH_UNIT ( ) NAMED_UNIT ( * ) SI_UNIT ( .MILLI., .METRE. ) );
#4306 = DIRECTION ( 'NONE',  ( 1.000000000000000000, 6.162975822039154730E-33, 2.465190328815661892E-32 ) ) ;
#4307 = CARTESIAN_POINT ( 'NONE',  ( -30.75000000000000000, 2.776945663413300291, -4.165468861284299606 ) ) ;
#4308 = ADVANCED_FACE ( 'NONE', ( #7637 ), #6327, .T. ) ;
#4309 = VERTEX_POINT ( 'NONE', #2126 ) ;
#4310 = LINE ( 'NONE', #8516, #6147 ) ;
#4311 = ORIENTED_EDGE ( 'NONE', *, *, #2517, .T. ) ;
#4312 = ORIENTED_EDGE ( 'NONE', *, *, #2172, .F. ) ;
#4313 = PRESENTATION_STYLE_ASSIGNMENT (( #7758 ) ) ;
#4314 = CARTESIAN_POINT ( 'NONE',  ( -28.40827247161230318, 12.21880027177659933, -3.988640934248398828 ) ) ;
#4315 = DIRECTION ( 'NONE',  ( 0.2294157338709659766, -0.9733285267844798971, 2.161223481921226417E-16 ) ) ;
#4316 = ORIENTED_EDGE ( 'NONE', *, *, #5705, .F. ) ;
#4317 = CARTESIAN_POINT ( 'NONE',  ( -30.64999999999999503, 2.776945663413300291, -4.165468861284299606 ) ) ;
#4318 = LINE ( 'NONE', #6448, #3851 ) ;
#4319 = AXIS2_PLACEMENT_3D ( 'NONE', #4624, #8762, #6819 ) ;
#4320 = ORIENTED_EDGE ( 'NONE', *, *, #8016, .F. ) ;
#4321 = FACE_OUTER_BOUND ( 'NONE', #613, .T. ) ;
#4322 = EDGE_LOOP ( 'NONE', ( #7424, #2812, #8873, #4691, #705, #1867, #7966, #2037 ) ) ;
#4323 = CARTESIAN_POINT ( 'NONE',  ( 26.88999999999999702, 13.10000000000000142, -1.799999999999992495 ) ) ;
#4324 = LINE ( 'NONE', #5578, #1282 ) ;
#4325 = DIRECTION ( 'NONE',  ( -1.000000000000000000, -6.162975822039154730E-33, -2.465190328815661892E-32 ) ) ;
#4326 = AXIS2_PLACEMENT_3D ( 'NONE', #744, #1348, #2874 ) ;
#4327 = VECTOR ( 'NONE', #8198, 1000.000000000000000 ) ;
#4328 = CARTESIAN_POINT ( 'NONE',  ( -27.66433489327103246, 13.04216400291150890, -3.325921422037791508 ) ) ;
#4329 = ORIENTED_EDGE ( 'NONE', *, *, #2172, .T. ) ;
#4330 = DIRECTION ( 'NONE',  ( -1.000000000000000000, -6.162975822039154730E-33, -2.465190328815661892E-32 ) ) ;
#4331 = CARTESIAN_POINT ( 'NONE',  ( 26.59697489079819377, 12.32541675069500187, -3.995923573500093084 ) ) ;
#4332 = CARTESIAN_POINT ( 'NONE',  ( 26.05000000000000426, 10.53798004549439860, 1.696334529555780124 ) ) ;
#4333 = VECTOR ( 'NONE', #4939, 1000.000000000000114 ) ;
#4334 = VECTOR ( 'NONE', #4789, 1000.000000000000000 ) ;
#4335 = PLANE ( 'NONE',  #8002 ) ;
#4336 = ORIENTED_EDGE ( 'NONE', *, *, #4342, .T. ) ;
#4337 = DIRECTION ( 'NONE',  ( -1.000000000000000000, -6.162975822039154730E-33, -2.465190328815661892E-32 ) ) ;
#4338 = CARTESIAN_POINT ( 'NONE',  ( -27.20000000000000284, 11.46816914538750076, 0.3000000000000033751 ) ) ;
#4339 = PLANE ( 'NONE',  #3490 ) ;
#4340 = VECTOR ( 'NONE', #3177, 1000.000000000000000 ) ;
#4341 = CARTESIAN_POINT ( 'NONE',  ( 29.67999999999999972, 12.59999999999999964, -1.799999999999992495 ) ) ;
#4342 = EDGE_CURVE ( 'NONE', #5177, #3557, #4810, .T. ) ;
#4343 = LINE ( 'NONE', #793, #6326 ) ;
#4344 = EDGE_LOOP ( 'NONE', ( #3405, #79, #3258, #1634, #6718, #4567, #7377, #4782, #2303, #2596 ) ) ;
#4345 = CARTESIAN_POINT ( 'NONE',  ( 28.70077316000710255, 9.254073569775401964, 0.2589467002762999570 ) ) ;
#4346 = VERTEX_POINT ( 'NONE', #2821 ) ;
#4347 = EDGE_CURVE ( 'NONE', #7749, #8628, #690, .T. ) ;
#4348 = CARTESIAN_POINT ( 'NONE',  ( 27.30000000000050520, 9.197444395117798877, -4.099999999999990763 ) ) ;
#4349 = CARTESIAN_POINT ( 'NONE',  ( -27.05000000000000426, 8.260820357969000938, -0.5808251579691882105 ) ) ;
#4350 = CARTESIAN_POINT ( 'NONE',  ( 27.37000000000000455, 12.42666406871190077, -3.941421356237293505 ) ) ;
#4351 = EDGE_CURVE ( 'NONE', #2252, #4648, #8278, .T. ) ;
#4352 = ADVANCED_FACE ( 'NONE', ( #3433 ), #2732, .T. ) ;
#4353 = ORIENTED_EDGE ( 'NONE', *, *, #1484, .F. ) ;
#4354 = CARTESIAN_POINT ( 'NONE',  ( 27.17999999999999616, -1.699999999999999289, -3.598657782019488938 ) ) ;
#4355 = ORIENTED_EDGE ( 'NONE', *, *, #25, .F. ) ;
#4356 = EDGE_CURVE ( 'NONE', #6969, #6906, #5625, .T. ) ;
#4357 = CARTESIAN_POINT ( 'NONE',  ( -28.00000000000001066, 9.999999999999998224, 2.799999999999884359 ) ) ;
#4358 = EDGE_CURVE ( 'NONE', #7480, #2830, #9040, .T. ) ;
#4359 = DIRECTION ( 'NONE',  ( 1.000000000000000000, 6.162975822039154730E-33, 2.465190328815661892E-32 ) ) ;
#4360 = CARTESIAN_POINT ( 'NONE',  ( -30.75000000000000000, 9.100000000000399325, -6.000000000000000000 ) ) ;
#4361 = CARTESIAN_POINT ( 'NONE',  ( -30.75000000000000000, 3.016894614386100848, -5.000185169558795550 ) ) ;
#4362 = DIRECTION ( 'NONE',  ( 1.000000000000000000, 6.162975822039154730E-33, 2.465190328815661892E-32 ) ) ;
#4363 = DIRECTION ( 'NONE',  ( 1.000000000000000000, 6.162975822039154730E-33, 2.465190328815661892E-32 ) ) ;
#4364 = ADVANCED_FACE ( 'NONE', ( #5584 ), #8363, .T. ) ;
#4365 = VECTOR ( 'NONE', #8865, 1000.000000000000000 ) ;
#4366 = AXIS2_PLACEMENT_3D ( 'NONE', #3614, #7787, #7683 ) ;
#4367 = ORIENTED_EDGE ( 'NONE', *, *, #4091, .T. ) ;
#4368 = CARTESIAN_POINT ( 'NONE',  ( -28.52765649973865081, 10.73674594545684968, -0.4314231999306499810 ) ) ;
#4369 = ORIENTED_EDGE ( 'NONE', *, *, #4121, .T. ) ;
#4370 = CARTESIAN_POINT ( 'NONE',  ( -27.99999999999999645, 0.3000000000000024869, 0.7999999999996625366 ) ) ;
#4371 = VECTOR ( 'NONE', #7541, 1000.000000000000000 ) ;
#4372 = CARTESIAN_POINT ( 'NONE',  ( 27.60999760000000691, -3.663797942702598842, 1.190555906808520081 ) ) ;
#4373 = AXIS2_PLACEMENT_3D ( 'NONE', #3347, #1963, #4777 ) ;
#4374 = DIRECTION ( 'NONE',  ( 6.162975822039150624E-33, -1.000000000000000000, 2.220446049250313574E-16 ) ) ;
#4375 = FACE_OUTER_BOUND ( 'NONE', #2580, .T. ) ;
#4376 = CARTESIAN_POINT ( 'NONE',  ( 30.45000000000000284, 8.896334529556398252, 3.337980045494138626 ) ) ;
#4377 = AXIS2_PLACEMENT_3D ( 'NONE', #8785, #4602, #2433 ) ;
#4378 = CARTESIAN_POINT ( 'NONE',  ( 30.75000000000000000, 11.50000000000000000, 0.3318308546125092184 ) ) ;
#4379 = EDGE_LOOP ( 'NONE', ( #1744, #557, #1359, #2495 ) ) ;
#4380 = CARTESIAN_POINT ( 'NONE',  ( -30.75000000000000000, 8.049116928532391821E-16, 6.000000000000005329 ) ) ;
#4381 = CARTESIAN_POINT ( 'NONE',  ( -28.41317599067420829, 12.36930457608920264, -3.981594081774998184 ) ) ;
#4382 = CARTESIAN_POINT ( 'NONE',  ( 30.75000000000000000, 9.146826233591601962, -0.3941071819291899203 ) ) ;
#4383 = ORIENTED_EDGE ( 'NONE', *, *, #6173, .T. ) ;
#4384 = DIRECTION ( 'NONE',  ( -1.000000000000000000, -6.162975822039154730E-33, -1.224646799147350249E-16 ) ) ;
#4385 = DIRECTION ( 'NONE',  ( 2.465190328815661892E-32, -6.137086701989279675E-49, -1.000000000000000000 ) ) ;
#4386 = STYLED_ITEM ( 'NONE', ( #7711 ), #6133 ) ;
#4387 = CARTESIAN_POINT ( 'NONE',  ( -28.45825756949539453, 9.443391120976400543, -3.499999999999997780 ) ) ;
#4388 = AXIS2_PLACEMENT_3D ( 'NONE', #6111, #4692, #3908 ) ;
#4389 = AXIS2_PLACEMENT_3D ( 'NONE', #8459, #2182, #2929 ) ;
#4390 = CARTESIAN_POINT ( 'NONE',  ( -27.26034377426640631, 9.040448556987698225, -0.005051419538758608607 ) ) ;
#4391 = DIRECTION ( 'NONE',  ( -2.465190328815661345E-32, 6.137086701989279675E-49, 1.000000000000000000 ) ) ;
#4392 = CARTESIAN_POINT ( 'NONE',  ( -26.74999999999885247, 6.800000000000001599, 6.000000000000001776 ) ) ;
#4393 = FACE_OUTER_BOUND ( 'NONE', #1276, .T. ) ;
#4394 = ORIENTED_EDGE ( 'NONE', *, *, #4989, .F. ) ;
#4395 = CARTESIAN_POINT ( 'NONE',  ( 28.92466885169820046, 8.903206040094101326, -0.2558723502691321317 ) ) ;
#4396 = ORIENTED_EDGE ( 'NONE', *, *, #8977, .T. ) ;
#4397 = DIRECTION ( 'NONE',  ( -3.610187651973074301E-33, -0.7071067811865470176, -0.7071067811865479058 ) ) ;
#4398 = COLOUR_RGB ( '',0.9490196078431372140, 0.9490196078431372140, 1.000000000000000000 ) ;
#4399 = DIRECTION ( 'NONE',  ( 0.000000000000000000, 0.000000000000000000, 1.000000000000000000 ) ) ;
#4400 = AXIS2_PLACEMENT_3D ( 'NONE', #2677, #4757, #3381 ) ;
#4401 = FACE_OUTER_BOUND ( 'NONE', #3385, .T. ) ;
#4402 = UNCERTAINTY_MEASURE_WITH_UNIT (LENGTH_MEASURE( 1.000000000000000082E-05 ), #1693, 'distance_accuracy_value', 'NONE');
#4403 = EDGE_CURVE ( 'NONE', #6809, #1434, #3480, .T. ) ;
#4404 = DIRECTION ( 'NONE',  ( 1.000000000000000000, 6.162975822039154730E-33, 2.465190328815661892E-32 ) ) ;
#4405 = ORIENTED_EDGE ( 'NONE', *, *, #192, .T. ) ;
#4406 = CARTESIAN_POINT ( 'NONE',  ( -29.25000000000001066, 6.469927298447299080, -4.302772520182898575 ) ) ;
#4407 = VECTOR ( 'NONE', #3714, 1000.000000000000000 ) ;
#4408 = CARTESIAN_POINT ( 'NONE',  ( -29.25000000000001066, 12.28524271247460220, -3.800000000000001155 ) ) ;
#4409 = EDGE_LOOP ( 'NONE', ( #3484, #1752, #2418, #6187 ) ) ;
#4410 = CARTESIAN_POINT ( 'NONE',  ( 30.07045814643100101, 8.049116928532395765E-16, -8.499999999999486633 ) ) ;
#4411 = PRODUCT_RELATED_PRODUCT_CATEGORY ( 'part', '', ( #1918 ) ) ;
#4412 = DIRECTION ( 'NONE',  ( 1.000000000000000000, 6.162975822039154730E-33, 2.465190328815661892E-32 ) ) ;
#4413 = CARTESIAN_POINT ( 'NONE',  ( -28.51363925116426756, 12.06074378829285898, -3.734899269740357131 ) ) ;
#4414 = DIRECTION ( 'NONE',  ( -1.000000000000000000, -6.162975822039154730E-33, -2.465190328815661892E-32 ) ) ;
#4415 = CARTESIAN_POINT ( 'NONE',  ( -28.79999999999770210, 8.337215522247198862, -0.6572203222474491957 ) ) ;
#4416 = CARTESIAN_POINT ( 'NONE',  ( -30.64999999999999503, 0.7107958125781029812, -5.289204187421996828 ) ) ;
#4417 = EDGE_CURVE ( 'NONE', #7834, #3263, #3396, .T. ) ;
#4418 = VECTOR ( 'NONE', #3847, 1000.000000000000000 ) ;
#4419 = EDGE_CURVE ( 'NONE', #1548, #4809, #4238, .T. ) ;
#4420 = EDGE_CURVE ( 'NONE', #8970, #1527, #6996, .T. ) ;
#4421 = ORIENTED_EDGE ( 'NONE', *, *, #4874, .T. ) ;
#4422 = ORIENTED_EDGE ( 'NONE', *, *, #6624, .F. ) ;
#4423 = CARTESIAN_POINT ( 'NONE',  ( -28.80000000000001137, 11.05175435324722244, -0.1164147921402779173 ) ) ;
#4424 = FACE_OUTER_BOUND ( 'NONE', #3772, .T. ) ;
#4425 = CARTESIAN_POINT ( 'NONE',  ( 26.62499999999999645, 8.049116928532395765E-16, -3.490000000000388791 ) ) ;
#4426 = EDGE_LOOP ( 'NONE', ( #8333, #51, #8570, #6680 ) ) ;
#4427 = DIRECTION ( 'NONE',  ( 2.465190328815661892E-32, -6.137086701989279675E-49, -1.000000000000000000 ) ) ;
#4428 = ADVANCED_FACE ( 'NONE', ( #104 ), #5174, .F. ) ;
#4429 = ORIENTED_EDGE ( 'NONE', *, *, #1657, .F. ) ;
#4430 = DIRECTION ( 'NONE',  ( 5.613386355101264327E-31, 0.1305261922200520452, 0.9914448613738103822 ) ) ;
#4431 = VECTOR ( 'NONE', #8790, 1000.000000000000000 ) ;
#4432 = DIRECTION ( 'NONE',  ( 1.000000000000000000, 6.162975822039154730E-33, 2.465190328815661892E-32 ) ) ;
#4433 = CARTESIAN_POINT ( 'NONE',  ( 25.74999999999999645, 11.09999999999999787, -0.06816914538748143626 ) ) ;
#4434 = LINE ( 'NONE', #2362, #7884 ) ;
#4435 = EDGE_CURVE ( 'NONE', #7480, #4661, #6142, .T. ) ;
#4436 = LINE ( 'NONE', #2916, #8342 ) ;
#4437 = VERTEX_POINT ( 'NONE', #3791 ) ;
#4438 = FACE_OUTER_BOUND ( 'NONE', #1945, .T. ) ;
#4439 = CARTESIAN_POINT ( 'NONE',  ( 29.50000000000000000, 9.717157287525500564, 2.517157287525060294 ) ) ;
#4440 =( BOUNDED_CURVE ( )  B_SPLINE_CURVE ( 3, ( #3705, #1757, #922, #5121 ),
 .UNSPECIFIED., .F., .T. ) 
 B_SPLINE_CURVE_WITH_KNOTS ( ( 4, 4 ),
 ( 3.974663011931456325, 4.712388980384689674 ),
 .UNSPECIFIED. ) 
 CURVE ( )  GEOMETRIC_REPRESENTATION_ITEM ( )  RATIONAL_B_SPLINE_CURVE ( ( 1.000000000000000000, 0.9551586035392560792, 0.9551586035392560792, 1.000000000000000000 ) ) 
 REPRESENTATION_ITEM ( '' )  );
#4441 = CARTESIAN_POINT ( 'NONE',  ( 30.20168268788750510, 8.990477150926302841, -0.08445946488351042947 ) ) ;
#4442 = ORIENTED_EDGE ( 'NONE', *, *, #3254, .T. ) ;
#4443 = DIRECTION ( 'NONE',  ( 2.465190328815661345E-32, -6.137086701989279675E-49, -1.000000000000000000 ) ) ;
#4444 = CARTESIAN_POINT ( 'NONE',  ( -27.20000000000000284, 18.79999999999789750, -6.000000000000002665 ) ) ;
#4445 = ORIENTED_EDGE ( 'NONE', *, *, #6632, .T. ) ;
#4446 = CARTESIAN_POINT ( 'NONE',  ( -27.27531849418550536, 9.018243830425598517, -0.03910416080067820321 ) ) ;
#4447 = FACE_OUTER_BOUND ( 'NONE', #6843, .T. ) ;
#4448 = DIRECTION ( 'NONE',  ( -6.162975822039150624E-33, 1.000000000000000000, -2.220446049250313574E-16 ) ) ;
#4449 = DIRECTION ( 'NONE',  ( 0.000000000000000000, 0.000000000000000000, 1.000000000000000000 ) ) ;
#4450 = ORIENTED_EDGE ( 'NONE', *, *, #2394, .F. ) ;
#4451 = FACE_OUTER_BOUND ( 'NONE', #7112, .T. ) ;
#4452 = CARTESIAN_POINT ( 'NONE',  ( 27.80000000000000426, 11.50000000000000000, 1.299999999999277511 ) ) ;
#4453 = ORIENTED_EDGE ( 'NONE', *, *, #4861, .T. ) ;
#4454 =( NAMED_UNIT ( * ) SI_UNIT ( $, .STERADIAN. ) SOLID_ANGLE_UNIT ( ) );
#4455 = CARTESIAN_POINT ( 'NONE',  ( 27.73487993433390741, 9.032920430457499705, -0.01639595547069279402 ) ) ;
#4456 = CARTESIAN_POINT ( 'NONE',  ( 26.84625566823700638, 12.59999999999999964, -5.999999999999993783 ) ) ;
#4457 = FACE_BOUND ( 'NONE', #1345, .T. ) ;
#4458 =( NAMED_UNIT ( * ) SI_UNIT ( $, .STERADIAN. ) SOLID_ANGLE_UNIT ( ) );
#4459 = ORIENTED_EDGE ( 'NONE', *, *, #5399, .F. ) ;
#4460 = SURFACE_STYLE_FILL_AREA ( #1083 ) ;
#4461 = DIRECTION ( 'NONE',  ( 6.162975822039154730E-33, -0.7071067811865469066, 0.7071067811865481278 ) ) ;
#4462 = ORIENTED_EDGE ( 'NONE', *, *, #1153, .T. ) ;
#4463 = LINE ( 'NONE', #5243, #2656 ) ;
#4464 = LINE ( 'NONE', #7439, #3180 ) ;
#4465 = CARTESIAN_POINT ( 'NONE',  ( 29.12499999999999645, 8.049116928532395765E-16, 1.089999999999650360 ) ) ;
#4466 = ORIENTED_EDGE ( 'NONE', *, *, #3992, .F. ) ;
#4467 = EDGE_LOOP ( 'NONE', ( #4875, #8388, #1886, #8409 ) ) ;
#4468 = LINE ( 'NONE', #8040, #7190 ) ;
#4469 = CARTESIAN_POINT ( 'NONE',  ( -30.75000000000000000, 1.812905561071200822, -4.254546152071797316 ) ) ;
#4470 = ADVANCED_FACE ( 'NONE', ( #58 ), #3487, .F. ) ;
#4471 = ORIENTED_EDGE ( 'NONE', *, *, #7718, .F. ) ;
#4472 = VECTOR ( 'NONE', #1794, 1000.000000000000114 ) ;
#4473 = ORIENTED_EDGE ( 'NONE', *, *, #8315, .T. ) ;
#4474 = EDGE_CURVE ( 'NONE', #4662, #4198, #2225, .T. ) ;
#4475 = CARTESIAN_POINT ( 'NONE',  ( 25.74999999999999645, 13.10000000000000142, -1.299999999999992051 ) ) ;
#4476 = DIRECTION ( 'NONE',  ( -3.335559729097691015E-32, 1.000000000000000000, -3.943844354434941479E-48 ) ) ;
#4477 = DIRECTION ( 'NONE',  ( 0.000000000000000000, 0.000000000000000000, 1.000000000000000000 ) ) ;
#4478 = EDGE_CURVE ( 'NONE', #4171, #2832, #2315, .T. ) ;
#4479 = AXIS2_PLACEMENT_3D ( 'NONE', #2791, #4165, #2092 ) ;
#4480 = EDGE_CURVE ( 'NONE', #5718, #1582, #5667, .T. ) ;
#4481 = DIRECTION ( 'NONE',  ( 2.465190328815661892E-32, -6.137086701989279675E-49, -1.000000000000000000 ) ) ;
#4482 = ORIENTED_EDGE ( 'NONE', *, *, #5200, .T. ) ;
#4483 = DIRECTION ( 'NONE',  ( 1.000000000000000000, 6.162975822039154730E-33, 2.465190328815661892E-32 ) ) ;
#4484 = DIRECTION ( 'NONE',  ( 0.000000000000000000, 0.000000000000000000, 1.000000000000000000 ) ) ;
#4485 = CARTESIAN_POINT ( 'NONE',  ( -28.39999999999999503, 12.28524271247460220, -4.000000000000000000 ) ) ;
#4486 = DIRECTION ( 'NONE',  ( -3.610187651973906322E-33, -0.7071067811864790720, 0.7071067811866160735 ) ) ;
#4487 = CARTESIAN_POINT ( 'NONE',  ( 30.21350970116780488, 9.004153843638601273, -0.06180644872547276514 ) ) ;
#4488 = ORIENTED_EDGE ( 'NONE', *, *, #147, .F. ) ;
#4489 = EDGE_CURVE ( 'NONE', #9066, #8460, #6414, .T. ) ;
#4490 = VECTOR ( 'NONE', #6698, 1000.000000000000000 ) ;
#4491 = EDGE_CURVE ( 'NONE', #7164, #5778, #5413, .T. ) ;
#4492 = CARTESIAN_POINT ( 'NONE',  ( -28.00000000000001066, 9.443391120976400543, -3.499999999999997780 ) ) ;
#4493 = VECTOR ( 'NONE', #8780, 1000.000000000000000 ) ;
#4494 = DIRECTION ( 'NONE',  ( 0.000000000000000000, 0.000000000000000000, 1.000000000000000000 ) ) ;
#4495 = ORIENTED_EDGE ( 'NONE', *, *, #915, .T. ) ;
#4496 = CYLINDRICAL_SURFACE ( 'NONE', #3314, 0.2000000000000000944 ) ;
#4497 = LINE ( 'NONE', #7926, #7479 ) ;
#4498 = LINE ( 'NONE', #5956, #2209 ) ;
#4499 = ORIENTED_EDGE ( 'NONE', *, *, #8703, .T. ) ;
#4500 = PRESENTATION_STYLE_ASSIGNMENT (( #6702 ) ) ;
#4501 = CARTESIAN_POINT ( 'NONE',  ( 27.18559464947579940, 8.826808315001297700, -0.4783063892778802728 ) ) ;
#4502 = ORIENTED_EDGE ( 'NONE', *, *, #6897, .F. ) ;
#4503 = DIRECTION ( 'NONE',  ( 5.291399422828629572E-32, 0.7071067811865479058, -0.7071067811865470176 ) ) ;
#4504 = CARTESIAN_POINT ( 'NONE',  ( 27.76433081391900615, 9.087896905887998145, 0.06258671926746665892 ) ) ;
#4505 = FACE_OUTER_BOUND ( 'NONE', #6119, .T. ) ;
#4506 = VECTOR ( 'NONE', #8451, 1000.000000000000114 ) ;
#4507 = DIRECTION ( 'NONE',  ( 3.157997194805338088E-31, 0.3792829471100740424, 0.9252807390362650652 ) ) ;
#4508 = EDGE_LOOP ( 'NONE', ( #5537, #3939, #5421, #5556, #4013, #1269, #1968 ) ) ;
#4509 = VECTOR ( 'NONE', #6934, 1000.000000000000114 ) ;
#4510 = CARTESIAN_POINT ( 'NONE',  ( 27.20431987793739381, 7.492889638489399928, -1.007110361510141550 ) ) ;
#4511 = ORIENTED_EDGE ( 'NONE', *, *, #3753, .T. ) ;
#4512 = VERTEX_POINT ( 'NONE', #6737 ) ;
#4513 = CARTESIAN_POINT ( 'NONE',  ( 26.28999999999999559, 13.10000000000000142, -3.268085424949194184 ) ) ;
#4514 = DIRECTION ( 'NONE',  ( 0.000000000000000000, 0.000000000000000000, -1.000000000000000000 ) ) ;
#4515 = ORIENTED_EDGE ( 'NONE', *, *, #856, .F. ) ;
#4516 = ORIENTED_EDGE ( 'NONE', *, *, #1664, .T. ) ;
#4517 = CARTESIAN_POINT ( 'NONE',  ( -28.80000000000000782, 11.46816914538750076, 0.3000000000000033751 ) ) ;
#4518 = LINE ( 'NONE', #5975, #8656 ) ;
#4519 = CARTESIAN_POINT ( 'NONE',  ( -29.10000000000000142, 10.72111025509270377, 2.078889744906683656 ) ) ;
#4520 = VERTEX_POINT ( 'NONE', #2587 ) ;
#4521 = ORIENTED_EDGE ( 'NONE', *, *, #2158, .F. ) ;
#4522 = DIRECTION ( 'NONE',  ( -2.104171563618355009E-32, 0.7071067811865470176, -0.7071067811865481278 ) ) ;
#4523 =( GEOMETRIC_REPRESENTATION_CONTEXT ( 3 ) GLOBAL_UNCERTAINTY_ASSIGNED_CONTEXT ( ( #1537 ) ) GLOBAL_UNIT_ASSIGNED_CONTEXT ( ( #2709, #6972, #3450 ) ) REPRESENTATION_CONTEXT ( 'NONE', 'WORKASPACE' ) );
#4524 =( LENGTH_UNIT ( ) NAMED_UNIT ( * ) SI_UNIT ( .MILLI., .METRE. ) );
#4525 = EDGE_CURVE ( 'NONE', #6994, #5339, #5947, .T. ) ;
#4526 = VECTOR ( 'NONE', #1604, 1000.000000000000114 ) ;
#4527 = EDGE_CURVE ( 'NONE', #5925, #8718, #8052, .T. ) ;
#4528 = ORIENTED_EDGE ( 'NONE', *, *, #6939, .T. ) ;
#4529 = CARTESIAN_POINT ( 'NONE',  ( -30.75000000000000000, 3.174991473819500420, -3.786746853471398389 ) ) ;
#4530 = CARTESIAN_POINT ( 'NONE',  ( 29.12499999999999645, -1.700000000000401634, 0.7517031175790431785 ) ) ;
#4531 = VECTOR ( 'NONE', #2081, 1000.000000000000000 ) ;
#4532 = DIRECTION ( 'NONE',  ( 0.000000000000000000, 0.000000000000000000, 1.000000000000000000 ) ) ;
#4533 = VECTOR ( 'NONE', #6966, 999.9999999999998863 ) ;
#4534 = CARTESIAN_POINT ( 'NONE',  ( 30.15295501388419552, 8.947567814092199256, -0.1622226193551835061 ) ) ;
#4535 = ORIENTED_EDGE ( 'NONE', *, *, #3194, .F. ) ;
#4536 = PRESENTATION_LAYER_ASSIGNMENT (  '', '', ( #114 ) ) ;
#4537 = CARTESIAN_POINT ( 'NONE',  ( -22.81999999999999318, 6.800000000000001599, 6.000000000000001776 ) ) ;
#4538 = CARTESIAN_POINT ( 'NONE',  ( 30.75000000000000000, 9.689337846835098134, -2.899999999999987477 ) ) ;
#4539 = VECTOR ( 'NONE', #3554, 1000.000000000000000 ) ;
#4540 = ADVANCED_FACE ( 'NONE', ( #1900 ), #5361, .T. ) ;
#4541 = VECTOR ( 'NONE', #8962, 1000.000000000000000 ) ;
#4542 = EDGE_CURVE ( 'NONE', #6988, #1690, #5907, .T. ) ;
#4543 = ORIENTED_EDGE ( 'NONE', *, *, #3021, .T. ) ;
#4544 = EDGE_CURVE ( 'NONE', #759, #1086, #6690, .T. ) ;
#4545 = CARTESIAN_POINT ( 'NONE',  ( -29.25000000000001066, 12.28524271247460220, -3.800000000000001155 ) ) ;
#4546 = DIRECTION ( 'NONE',  ( 0.000000000000000000, -0.7071067811864790720, 0.7071067811866160735 ) ) ;
#4547 = VERTEX_POINT ( 'NONE', #2410 ) ;
#4548 = ADVANCED_BREP_SHAPE_REPRESENTATION ( '', ( #3119, #6133, #7772 ), #2360 ) ;
#4549 = CARTESIAN_POINT ( 'NONE',  ( -30.75000000000000000, 0.9831053856220991483, -5.158282028992294599 ) ) ;
#4550 = CARTESIAN_POINT ( 'NONE',  ( 27.25473326778869776, 8.832146868583297561, -0.4583607072374210611 ) ) ;
#4551 = VERTEX_POINT ( 'NONE', #5318 ) ;
#4552 = EDGE_CURVE ( 'NONE', #8635, #69, #1066, .T. ) ;
#4553 = FACE_OUTER_BOUND ( 'NONE', #420, .T. ) ;
#4554 = CARTESIAN_POINT ( 'NONE',  ( 27.77644303290649574, 9.122305473327600112, 0.1072924063487603469 ) ) ;
#4555 = CARTESIAN_POINT ( 'NONE',  ( 25.75000000000115463, 9.443391120976404096, -3.499999999999991118 ) ) ;
#4556 = CIRCLE ( 'NONE', #4704, 0.5000000000000004441 ) ;
#4557 = VECTOR ( 'NONE', #1672, 1000.000000000000000 ) ;
#4558 = VERTEX_POINT ( 'NONE', #8185 ) ;
#4559 = LINE ( 'NONE', #7357, #1015 ) ;
#4560 = VERTEX_POINT ( 'NONE', #4718 ) ;
#4561 = AXIS2_PLACEMENT_3D ( 'NONE', #1758, #8140, #8760 ) ;
#4562 = VECTOR ( 'NONE', #4483, 1000.000000000000000 ) ;
#4563 = CYLINDRICAL_SURFACE ( 'NONE', #8657, 0.4567242605854620052 ) ;
#4564 = CARTESIAN_POINT ( 'NONE',  ( -28.71000000000000085, 13.10000000000000142, -6.000000000000000888 ) ) ;
#4565 = FACE_OUTER_BOUND ( 'NONE', #5837, .T. ) ;
#4566 = VECTOR ( 'NONE', #7295, 1000.000000000000114 ) ;
#4567 = ORIENTED_EDGE ( 'NONE', *, *, #6977, .F. ) ;
#4568 = ORIENTED_EDGE ( 'NONE', *, *, #7159, .T. ) ;
#4569 = PRESENTATION_STYLE_ASSIGNMENT (( #5973 ) ) ;
#4570 = DIRECTION ( 'NONE',  ( -1.000000000000000000, -6.162975822039154730E-33, -2.465190328815661892E-32 ) ) ;
#4571 = LINE ( 'NONE', #4616, #7153 ) ;
#4572 = EDGE_LOOP ( 'NONE', ( #3553, #7504, #6567, #1820, #6777, #3505 ) ) ;
#4573 = ORIENTED_EDGE ( 'NONE', *, *, #2105, .F. ) ;
#4574 = DIRECTION ( 'NONE',  ( 0.000000000000000000, 0.000000000000000000, 1.000000000000000000 ) ) ;
#4575 = DIRECTION ( 'NONE',  ( 2.465190328815661345E-32, -6.137086701989279675E-49, -1.000000000000000000 ) ) ;
#4576 = VECTOR ( 'NONE', #1667, 1000.000000000000000 ) ;
#4577 = ORIENTED_EDGE ( 'NONE', *, *, #3871, .T. ) ;
#4578 = DIRECTION ( 'NONE',  ( 3.236649337805362286E-31, -0.2588190451025209615, 0.9659258262890682012 ) ) ;
#4579 = CARTESIAN_POINT ( 'NONE',  ( 25.75000000000115463, 11.09999999999999787, -0.06816914538748143626 ) ) ;
#4580 = CARTESIAN_POINT ( 'NONE',  ( 29.91038674013099552, 8.853664842278501368, -0.3867188096481916637 ) ) ;
#4581 = ORIENTED_EDGE ( 'NONE', *, *, #7173, .F. ) ;
#4582 = DIRECTION ( 'NONE',  ( -2.465190328815661345E-32, 6.137086701989279675E-49, 1.000000000000000000 ) ) ;
#4583 = CARTESIAN_POINT ( 'NONE',  ( 26.92787518004309533, 8.822091372997002523, -0.4968726694431092050 ) ) ;
#4584 = CARTESIAN_POINT ( 'NONE',  ( 28.54999999999999361, 8.049116928532395765E-16, 8.557359312876911872 ) ) ;
#4585 = DIRECTION ( 'NONE',  ( -1.000000000000000000, -6.162975822039154730E-33, -2.465190328815661892E-32 ) ) ;
#4586 = EDGE_CURVE ( 'NONE', #5483, #4051, #7501, .T. ) ;
#4587 = VECTOR ( 'NONE', #5840, 1000.000000000000000 ) ;
#4588 = VERTEX_POINT ( 'NONE', #288 ) ;
#4589 = LINE ( 'NONE', #1721, #4490 ) ;
#4590 = CARTESIAN_POINT ( 'NONE',  ( -28.65541998903439591, 13.30756217274460163, -6.000000000000000888 ) ) ;
#4591 = ORIENTED_EDGE ( 'NONE', *, *, #6101, .T. ) ;
#4592 = CARTESIAN_POINT ( 'NONE',  ( 29.50000000000000000, 6.379337428220302364, 1.300657771779909266 ) ) ;
#4593 = CARTESIAN_POINT ( 'NONE',  ( 27.49999999999999645, 9.361408879023397134, -3.700000000000392308 ) ) ;
#4594 = EDGE_CURVE ( 'NONE', #6734, #6596, #1851, .T. ) ;
#4595 = VERTEX_POINT ( 'NONE', #4530 ) ;
#4596 = DIRECTION ( 'NONE',  ( -1.000000000000000000, -6.162975822039154730E-33, -2.465190328815661892E-32 ) ) ;
#4597 = LINE ( 'NONE', #8658, #3058 ) ;
#4598 = ADVANCED_FACE ( 'NONE', ( #7327 ), #5264, .F. ) ;
#4599 = EDGE_CURVE ( 'NONE', #6742, #4264, #2152, .T. ) ;
#4600 =( BOUNDED_CURVE ( )  B_SPLINE_CURVE ( 3, ( #8603, #8824, #7477, #5378 ),
 .UNSPECIFIED., .F., .T. ) 
 B_SPLINE_CURVE_WITH_KNOTS ( ( 4, 4 ),
 ( 4.208490971255638868, 4.575793755148968245 ),
 .UNSPECIFIED. ) 
 CURVE ( )  GEOMETRIC_REPRESENTATION_ITEM ( )  RATIONAL_B_SPLINE_CURVE ( ( 1.000000000000000000, 0.9887889523180812823, 0.9887889523180812823, 1.000000000000000000 ) ) 
 REPRESENTATION_ITEM ( '' )  );
#4601 = EDGE_LOOP ( 'NONE', ( #4737, #5931, #6515, #6630 ) ) ;
#4602 = DIRECTION ( 'NONE',  ( 4.930380657631323784E-32, 0.3420201433256818691, -0.9396926207859036539 ) ) ;
#4603 = DIRECTION ( 'NONE',  ( 0.000000000000000000, 0.000000000000000000, 1.000000000000000000 ) ) ;
#4604 = LINE ( 'NONE', #3000, #7197 ) ;
#4605 = ADVANCED_FACE ( 'NONE', ( #2506 ), #8761, .F. ) ;
#4606 = CARTESIAN_POINT ( 'NONE',  ( -26.74999999999885247, 6.800000000000001599, 6.000000000000005329 ) ) ;
#4607 = VERTEX_POINT ( 'NONE', #6818 ) ;
#4608 = DIRECTION ( 'NONE',  ( 6.162975822039150624E-33, -1.000000000000000000, 2.220446049250313574E-16 ) ) ;
#4609 = DIRECTION ( 'NONE',  ( -1.000000000000000000, -6.162975822039154730E-33, -2.465190328815661892E-32 ) ) ;
#4610 = ADVANCED_FACE ( 'NONE', ( #4150, #3382, #513, #6943 ), #5496, .T. ) ;
#4611 = DIRECTION ( 'NONE',  ( 1.000000000000000000, 6.162975822039154730E-33, 2.465190328815661345E-32 ) ) ;
#4612 = VERTEX_POINT ( 'NONE', #6222 ) ;
#4613 = ORIENTED_EDGE ( 'NONE', *, *, #2097, .T. ) ;
#4614 = DIRECTION ( 'NONE',  ( 0.9961946980917455452, -0.08715574274765815199, -1.479114197289397135E-31 ) ) ;
#4615 = CARTESIAN_POINT ( 'NONE',  ( -28.71925944787080809, 9.011095579586399396, -0.05046751304236922475 ) ) ;
#4616 = CARTESIAN_POINT ( 'NONE',  ( -30.75000000000000000, 2.634710238477500965, -3.855766422117396619 ) ) ;
#4617 = VERTEX_POINT ( 'NONE', #6 ) ;
#4618 = ORIENTED_EDGE ( 'NONE', *, *, #251, .T. ) ;
#4619 = CARTESIAN_POINT ( 'NONE',  ( 26.29000000000004178, 13.10000000000000142, -1.507106781186539735 ) ) ;
#4620 = B_SPLINE_CURVE_WITH_KNOTS ( 'NONE', 3,
 ( #2393, #8740, #2486, #5199, #7401, #3912, #6069, #6716, #8126, #8834, #4651, #7988, #7440, #2572, #5390, #2244, #7114, #3677, #2802, #3583, #7066, #894, #7212, #7887, #7162, #5099, #6347, #6481, #6434, #2292, #804, #5608, #1583, #2102, #3628, #126, #8385 ),
 .UNSPECIFIED., .F., .F.,
 ( 4, 3, 3, 3, 3, 3, 3, 3, 3, 3, 3, 3, 4 ),
 ( 0.000000000000000000, 0.01711168294149090219, 0.03424506083140809592, 0.05144923776152699607, 0.06867805834563069090, 0.1029961684339460032, 0.1372984743995339929, 0.1716089881446329901, 0.1886986446325129851, 0.2058223087029790177, 0.2400180158523049778, 0.2571168774770160037, 0.2742096523501780236 ),
 .UNSPECIFIED. ) ;
#4621 = EDGE_LOOP ( 'NONE', ( #8844, #4543, #8671, #3248 ) ) ;
#4622 = LINE ( 'NONE', #5495, #3672 ) ;
#4623 = DIRECTION ( 'NONE',  ( -1.000000000000000000, -6.162975822039154730E-33, -2.449293598294709866E-16 ) ) ;
#4624 = CARTESIAN_POINT ( 'NONE',  ( -25.69999760000001032, 11.93282699999999963, -0.4999999999999970024 ) ) ;
#4625 = CARTESIAN_POINT ( 'NONE',  ( 30.04564457824740487, 8.890951735269100098, -0.2850401646288889257 ) ) ;
#4626 = VERTEX_POINT ( 'NONE', #6183 ) ;
#4627 = CARTESIAN_POINT ( 'NONE',  ( 26.65215850329090586, 8.843018263682399294, -0.4205632591576125567 ) ) ;
#4628 = DIRECTION ( 'NONE',  ( -1.000000000000000000, -6.162975822039154730E-33, -2.465190328815661892E-32 ) ) ;
#4629 = CARTESIAN_POINT ( 'NONE',  ( 26.99999999999999645, 8.049116928532395765E-16, -4.200000000000390976 ) ) ;
#4630 = VECTOR ( 'NONE', #5595, 1000.000000000000000 ) ;
#4631 = ORIENTED_EDGE ( 'NONE', *, *, #1439, .T. ) ;
#4632 = CARTESIAN_POINT ( 'NONE',  ( -27.34704498611580092, 8.947567814092199256, -0.1622226193551765672 ) ) ;
#4633 = DIRECTION ( 'NONE',  ( -6.162975822039150624E-33, 1.000000000000000000, -2.220446049250313574E-16 ) ) ;
#4634 = ORIENTED_EDGE ( 'NONE', *, *, #5651, .F. ) ;
#4635 = CARTESIAN_POINT ( 'NONE',  ( 27.30000000000050520, 9.197444395117798877, -4.099999999999990763 ) ) ;
#4636 = CARTESIAN_POINT ( 'NONE',  ( -31.32000000000000028, 6.800000000000001599, 6.000000000000001776 ) ) ;
#4637 = COLOUR_RGB ( '',0.9490196078431372140, 0.9490196078431372140, 1.000000000000000000 ) ;
#4638 = ORIENTED_EDGE ( 'NONE', *, *, #7507, .T. ) ;
#4639 = DIRECTION ( 'NONE',  ( 3.157997194805338088E-31, 0.3792829471100740424, 0.9252807390362650652 ) ) ;
#4640 = LINE ( 'NONE', #8957, #3214 ) ;
#4641 = FACE_OUTER_BOUND ( 'NONE', #2922, .T. ) ;
#4642 = CIRCLE ( 'NONE', #653, 0.1580968594335841193 ) ;
#4643 = EDGE_CURVE ( 'NONE', #5194, #6965, #8275, .T. ) ;
#4644 = ORIENTED_EDGE ( 'NONE', *, *, #3870, .T. ) ;
#4645 = CARTESIAN_POINT ( 'NONE',  ( -28.67927876119836839, 7.339736242751198070, 2.094707838363115915 ) ) ;
#4646 = DIRECTION ( 'NONE',  ( 1.000000000000000000, 6.162975822039154730E-33, 2.465190328815661892E-32 ) ) ;
#4647 = DIRECTION ( 'NONE',  ( -0.9961946980917455452, -0.08715574274765815199, 1.935246246535164504E-17 ) ) ;
#4648 = VERTEX_POINT ( 'NONE', #2029 ) ;
#4649 = FACE_OUTER_BOUND ( 'NONE', #7841, .T. ) ;
#4650 = DIRECTION ( 'NONE',  ( 2.465190328815661345E-32, -6.137086701989279675E-49, -1.000000000000000000 ) ) ;
#4651 = CARTESIAN_POINT ( 'NONE',  ( 26.54235574123969954, 12.11280759174220023, -3.901464470451792454 ) ) ;
#4652 = EDGE_CURVE ( 'NONE', #7793, #2270, #7713, .T. ) ;
#4653 = VECTOR ( 'NONE', #2713, 1000.000000000000000 ) ;
#4654 = EDGE_LOOP ( 'NONE', ( #1924, #599, #803, #5368 ) ) ;
#4655 = ADVANCED_FACE ( 'NONE', ( #4758 ), #6984, .F. ) ;
#4656 = VERTEX_POINT ( 'NONE', #1947 ) ;
#4657 = LINE ( 'NONE', #2575, #1442 ) ;
#4658 = CARTESIAN_POINT ( 'NONE',  ( -28.76433081391939339, 9.087896905888900534, 0.06258671926872259872 ) ) ;
#4659 = DIRECTION ( 'NONE',  ( 0.000000000000000000, 0.000000000000000000, 1.000000000000000000 ) ) ;
#4660 = EDGE_CURVE ( 'NONE', #7292, #1655, #8983, .T. ) ;
#4661 = VERTEX_POINT ( 'NONE', #4806 ) ;
#4662 = VERTEX_POINT ( 'NONE', #1242 ) ;
#4663 = EDGE_CURVE ( 'NONE', #7337, #7175, #4847, .T. ) ;
#4664 = DIRECTION ( 'NONE',  ( -1.000000000000000000, -6.162975822039154730E-33, -2.465190328815661892E-32 ) ) ;
#4665 = CARTESIAN_POINT ( 'NONE',  ( -28.46364980239811260, 12.10518928200770006, -3.887234380810501211 ) ) ;
#4666 = DIRECTION ( 'NONE',  ( 0.000000000000000000, 0.000000000000000000, 1.000000000000000000 ) ) ;
#4667 = VERTEX_POINT ( 'NONE', #1987 ) ;
#4668 = CARTESIAN_POINT ( 'NONE',  ( 26.70399149855239074, -3.500000000000399680, -3.831008501447890513 ) ) ;
#4669 = CARTESIAN_POINT ( 'NONE',  ( -28.95000000000000284, 5.170765814495903001, -5.999999999999999112 ) ) ;
#4670 = CARTESIAN_POINT ( 'NONE',  ( -26.74999999999885247, 9.100000000000399325, -6.000000000000000000 ) ) ;
#4671 = ORIENTED_EDGE ( 'NONE', *, *, #6397, .F. ) ;
#4672 = ORIENTED_EDGE ( 'NONE', *, *, #3816, .F. ) ;
#4673 = CARTESIAN_POINT ( 'NONE',  ( 26.43425025768919667, 8.898916855692901251, -0.2657891617609420831 ) ) ;
#4674 = PLANE ( 'NONE',  #8608 ) ;
#4675 = FACE_OUTER_BOUND ( 'NONE', #2888, .T. ) ;
#4676 = VECTOR ( 'NONE', #3334, 1000.000000000000000 ) ;
#4677 = MECHANICAL_DESIGN_GEOMETRIC_PRESENTATION_REPRESENTATION (  '', ( #2466 ), #1877 ) ;
#4678 = VECTOR ( 'NONE', #3670, 1000.000000000000000 ) ;
#4679 = CARTESIAN_POINT ( 'NONE',  ( -27.48584662674870316, 8.879910313775097208, -0.3128999174202579669 ) ) ;
#4680 = PRESENTATION_LAYER_ASSIGNMENT (  '', '', ( #835 ) ) ;
#4681 = ORIENTED_EDGE ( 'NONE', *, *, #2402, .F. ) ;
#4682 = CARTESIAN_POINT ( 'NONE',  ( -27.62499999999999645, -2.900000000000299227, 1.089999999999650804 ) ) ;
#4683 = ORIENTED_EDGE ( 'NONE', *, *, #2953, .T. ) ;
#4684 = CARTESIAN_POINT ( 'NONE',  ( -28.50731792312646462, 12.02792326038781923, -3.612411392067511606 ) ) ;
#4685 = CONICAL_SURFACE ( 'NONE', #2024, 1.500000000000001776, 0.5235987755982987046 ) ;
#4686 = CARTESIAN_POINT ( 'NONE',  ( -28.37499999999999645, -1.699999999999999289, 1.198657782018810014 ) ) ;
#4687 = VECTOR ( 'NONE', #5739, 1000.000000000000000 ) ;
#4688 = ORIENTED_EDGE ( 'NONE', *, *, #536, .F. ) ;
#4689 = CARTESIAN_POINT ( 'NONE',  ( 26.62499999999999645, -2.629463045522899112, -3.490000000000388791 ) ) ;
#4690 = LINE ( 'NONE', #1608, #1685 ) ;
#4691 = ORIENTED_EDGE ( 'NONE', *, *, #7333, .T. ) ;
#4692 = DIRECTION ( 'NONE',  ( 1.000000000000000000, 6.162975822039154730E-33, 2.465190328815661345E-32 ) ) ;
#4693 = CARTESIAN_POINT ( 'NONE',  ( -28.43785354715100411, 12.42666406871190077, -3.941421356237300611 ) ) ;
#4694 = VECTOR ( 'NONE', #2329, 1000.000000000000114 ) ;
#4695 = LINE ( 'NONE', #2752, #1847 ) ;
#4696 = ADVANCED_FACE ( 'NONE', ( #8898 ), #1373, .F. ) ;
#4697 = VECTOR ( 'NONE', #8412, 1000.000000000000000 ) ;
#4698 = ORIENTED_EDGE ( 'NONE', *, *, #4075, .T. ) ;
#4699 = VECTOR ( 'NONE', #6041, 999.9999999999998863 ) ;
#4700 = ORIENTED_EDGE ( 'NONE', *, *, #1599, .F. ) ;
#4701 = CARTESIAN_POINT ( 'NONE',  ( 28.26244130498639606, 5.170765814495903001, -5.999999999999992006 ) ) ;
#4702 = CARTESIAN_POINT ( 'NONE',  ( -28.34784149670770148, 8.843018263682198565, -0.4205632591582683100 ) ) ;
#4703 = DIRECTION ( 'NONE',  ( -8.659560562354920532E-17, 0.7071067811865470176, 0.7071067811865480168 ) ) ;
#4704 = AXIS2_PLACEMENT_3D ( 'NONE', #985, #7499, #8230 ) ;
#4705 = EDGE_LOOP ( 'NONE', ( #2584, #6636, #644, #2996 ) ) ;
#4706 = VECTOR ( 'NONE', #1647, 1000.000000000000000 ) ;
#4707 = ORIENTED_EDGE ( 'NONE', *, *, #260, .F. ) ;
#4708 = ADVANCED_FACE ( 'NONE', ( #7668 ), #2679, .F. ) ;
#4709 = FACE_OUTER_BOUND ( 'NONE', #146, .T. ) ;
#4710 = DIRECTION ( 'NONE',  ( -1.000000000000000000, -6.162975822039154730E-33, -2.465190328815661892E-32 ) ) ;
#4711 = DIRECTION ( 'NONE',  ( 0.000000000000000000, 0.000000000000000000, 1.000000000000000000 ) ) ;
#4712 = ADVANCED_FACE ( 'NONE', ( #5458 ), #8232, .T. ) ;
#4713 = AXIS2_PLACEMENT_3D ( 'NONE', #4918, #2761, #2106 ) ;
#4714 = EDGE_CURVE ( 'NONE', #838, #338, #1288, .T. ) ;
#4715 = VERTEX_POINT ( 'NONE', #2903 ) ;
#4716 = CARTESIAN_POINT ( 'NONE',  ( -30.75000000000000000, 3.289204187422301029, -2.499999999999995115 ) ) ;
#4717 = CARTESIAN_POINT ( 'NONE',  ( 27.79999999999999005, 11.05175435324722599, -0.1164147921402651220 ) ) ;
#4718 = CARTESIAN_POINT ( 'NONE',  ( 27.95000000000000284, 7.225050937922400607, 1.666696453860487814 ) ) ;
#4719 = EDGE_CURVE ( 'NONE', #4792, #7018, #7853, .T. ) ;
#4720 = DIRECTION ( 'NONE',  ( -1.182917971378667130E-16, 0.2588190451025211281, 0.9659258262890682012 ) ) ;
#4721 = VECTOR ( 'NONE', #4546, 1000.000000000000114 ) ;
#4722 = EDGE_LOOP ( 'NONE', ( #3821, #3651, #8067, #5564 ) ) ;
#4723 = CLOSED_SHELL ( 'NONE', ( #4605, #8714, #2961, #3803, #5152, #4931, #4923, #686, #7492, #4921, #1591, #3904, #6546, #1041, #4818, #6218, #5888, #5818, #6506 ) ) ;
#4724 = VERTEX_POINT ( 'NONE', #2254 ) ;
#4725 = CARTESIAN_POINT ( 'NONE',  ( 26.29224002740829391, 8.997212129575400397, -0.07314534866122331114 ) ) ;
#4726 = CARTESIAN_POINT ( 'NONE',  ( -25.31999999999999673, 9.443391120976400543, -3.499999999999997780 ) ) ;
#4727 = DIRECTION ( 'NONE',  ( 0.1305261922200520452, -0.9914448613738103822, 2.361298308994180692E-16 ) ) ;
#4728 = ADVANCED_FACE ( 'NONE', ( #5657 ), #5789, .T. ) ;
#4729 = AXIS2_PLACEMENT_3D ( 'NONE', #8801, #7701, #7071 ) ;
#4730 = VERTEX_POINT ( 'NONE', #3047 ) ;
#4731 = CARTESIAN_POINT ( 'NONE',  ( -27.80043951455389717, 8.827712827613797941, -0.4748437240681985805 ) ) ;
#4732 = VERTEX_POINT ( 'NONE', #3556 ) ;
#4733 = CARTESIAN_POINT ( 'NONE',  ( -30.75000000000000000, 8.049116928532391821E-16, -4.165468861284396418 ) ) ;
#4734 = ORIENTED_EDGE ( 'NONE', *, *, #4766, .T. ) ;
#4735 = LINE ( 'NONE', #1215, #401 ) ;
#4736 = VECTOR ( 'NONE', #5346, 1000.000000000000000 ) ;
#4737 = ORIENTED_EDGE ( 'NONE', *, *, #6544, .T. ) ;
#4738 = DIRECTION ( 'NONE',  ( 1.000000000000000000, 6.162975822039154730E-33, 2.465190328815661345E-32 ) ) ;
#4739 = CARTESIAN_POINT ( 'NONE',  ( 29.01900007258699432, 8.870049089596800940, -0.3392488324807599875 ) ) ;
#4740 = ORIENTED_EDGE ( 'NONE', *, *, #358, .F. ) ;
#4741 = DIRECTION ( 'NONE',  ( 0.000000000000000000, -0.7071067811864789610, 0.7071067811866160735 ) ) ;
#4742 = DIRECTION ( 'NONE',  ( 0.000000000000000000, -0.7071067811864789610, 0.7071067811866160735 ) ) ;
#4743 = DIRECTION ( 'NONE',  ( 1.000000000000000000, 6.162975822039154730E-33, 2.465190328815661892E-32 ) ) ;
#4744 = ORIENTED_EDGE ( 'NONE', *, *, #4094, .F. ) ;
#4745 = ORIENTED_EDGE ( 'NONE', *, *, #5651, .T. ) ;
#4746 = CARTESIAN_POINT ( 'NONE',  ( -28.17999999999999616, -1.700000000000401634, 0.7517031175790435116 ) ) ;
#4747 = CARTESIAN_POINT ( 'NONE',  ( -28.38584775840280372, 8.849074499526599524, -0.4009453565511373330 ) ) ;
#4748 = PRESENTATION_STYLE_ASSIGNMENT (( #8220 ) ) ;
#4749 = ORIENTED_EDGE ( 'NONE', *, *, #544, .T. ) ;
#4750 = DIRECTION ( 'NONE',  ( -1.000000000000000000, -6.162975822039154730E-33, -2.465190328815661892E-32 ) ) ;
#4751 = CARTESIAN_POINT ( 'NONE',  ( 29.67999999999999972, 11.50000000000000000, -2.899999999999992806 ) ) ;
#4752 = CARTESIAN_POINT ( 'NONE',  ( -28.45965853218390862, 12.11020634343829983, -3.896758821379502802 ) ) ;
#4753 = APPLICATION_PROTOCOL_DEFINITION ( 'draft international standard', 'automotive_design', 1998, #2390 ) ;
#4754 = EDGE_CURVE ( 'NONE', #2082, #6994, #4318, .T. ) ;
#4755 = ORIENTED_EDGE ( 'NONE', *, *, #201, .T. ) ;
#4756 = DIRECTION ( 'NONE',  ( -6.162975822039150624E-33, 1.000000000000000000, -2.220446049250313574E-16 ) ) ;
#4757 = DIRECTION ( 'NONE',  ( -1.000000000000000000, -6.162975822039154730E-33, -2.465190328815661892E-32 ) ) ;
#4758 = FACE_OUTER_BOUND ( 'NONE', #7285, .T. ) ;
#4759 = CARTESIAN_POINT ( 'NONE',  ( 27.95000000000000284, 18.23431457504869968, -5.999999999999995559 ) ) ;
#4760 = EDGE_CURVE ( 'NONE', #5987, #3139, #5065, .T. ) ;
#4761 = ORIENTED_EDGE ( 'NONE', *, *, #3004, .F. ) ;
#4762 = ORIENTED_EDGE ( 'NONE', *, *, #4480, .T. ) ;
#4763 = CARTESIAN_POINT ( 'NONE',  ( 26.22355696709330175, 9.122305473328397696, 0.1072924063497977115 ) ) ;
#4764 = CARTESIAN_POINT ( 'NONE',  ( 30.45000000000000284, 8.260820357969000938, -0.5808251579691882105 ) ) ;
#4765 = CARTESIAN_POINT ( 'NONE',  ( -30.75000000000000000, 0.7107958125781029812, -2.499999999999995115 ) ) ;
#4766 = EDGE_CURVE ( 'NONE', #2007, #7119, #456, .T. ) ;
#4767 = EDGE_CURVE ( 'NONE', #4045, #209, #8441, .T. ) ;
#4768 = ORIENTED_EDGE ( 'NONE', *, *, #5760, .T. ) ;
#4769 = CARTESIAN_POINT ( 'NONE',  ( 27.96999999999999531, -1.973616114660898813, -3.698245903371588650 ) ) ;
#4770 = CARTESIAN_POINT ( 'NONE',  ( -30.75000000000000000, 3.289204187422301029, -5.289204187421997716 ) ) ;
#4771 = DIRECTION ( 'NONE',  ( -2.178940998026185355E-32, 0.7071067811866160735, 0.7071067811864790720 ) ) ;
#4772 = EDGE_CURVE ( 'NONE', #6767, #8417, #1551, .T. ) ;
#4773 = CARTESIAN_POINT ( 'NONE',  ( -27.62499999999999645, -2.555405713625399589, 1.509999999999661391 ) ) ;
#4774 = ORIENTED_EDGE ( 'NONE', *, *, #2945, .T. ) ;
#4775 = DIRECTION ( 'NONE',  ( 1.000000000000000000, 6.162975822039154730E-33, 2.449293598294709866E-16 ) ) ;
#4776 = DIRECTION ( 'NONE',  ( -1.000000000000000000, -6.162975822039154730E-33, -2.465190328815661892E-32 ) ) ;
#4777 = DIRECTION ( 'NONE',  ( -6.162975822039150624E-33, 1.000000000000000000, -2.220446049250313574E-16 ) ) ;
#4778 = EDGE_CURVE ( 'NONE', #3689, #4558, #1421, .T. ) ;
#4779 = DIRECTION ( 'NONE',  ( -1.000000000000000000, -6.162975822039154730E-33, -2.465190328815661892E-32 ) ) ;
#4780 = AXIS2_PLACEMENT_3D ( 'NONE', #7303, #3079, #4399 ) ;
#4781 = DIRECTION ( 'NONE',  ( -3.335559729097691015E-32, 1.000000000000000000, -3.943844354434941479E-48 ) ) ;
#4782 = ORIENTED_EDGE ( 'NONE', *, *, #8486, .F. ) ;
#4783 = LINE ( 'NONE', #8248, #6746 ) ;
#4784 = CARTESIAN_POINT ( 'NONE',  ( 29.20473328494119158, 8.836299104498301915, -0.4435170253452944689 ) ) ;
#4785 = ORIENTED_EDGE ( 'NONE', *, *, #7441, .T. ) ;
#4786 = CARTESIAN_POINT ( 'NONE',  ( -27.19399689342349902, 8.489055053478896440, -0.4999999999999987232 ) ) ;
#4787 = CARTESIAN_POINT ( 'NONE',  ( -30.64999999999999503, 0.9831053856220991483, -4.165468861284299606 ) ) ;
#4788 = VECTOR ( 'NONE', #6964, 1000.000000000000000 ) ;
#4789 = DIRECTION ( 'NONE',  ( -1.000000000000000000, -6.162975822039154730E-33, -2.465190328815661892E-32 ) ) ;
#4790 = LINE ( 'NONE', #2703, #6462 ) ;
#4791 = VERTEX_POINT ( 'NONE', #6534 ) ;
#4792 = VERTEX_POINT ( 'NONE', #729 ) ;
#4793 = CARTESIAN_POINT ( 'NONE',  ( 30.02765649973864726, 10.73674594545685679, -0.4314231999306349374 ) ) ;
#4794 = CARTESIAN_POINT ( 'NONE',  ( -28.66064881754630633, 8.953175398965901977, -0.1513540303534985920 ) ) ;
#4795 = SHAPE_REPRESENTATION ( '1990012', ( #2196, #1023, #2794 ), #7624 ) ;
#4796 = VECTOR ( 'NONE', #485, 1000.000000000000000 ) ;
#4797 = VERTEX_POINT ( 'NONE', #224 ) ;
#4798 = ORIENTED_EDGE ( 'NONE', *, *, #2840, .T. ) ;
#4799 = CYLINDRICAL_SURFACE ( 'NONE', #7708, 0.1580968594334401511 ) ;
#4800 = CARTESIAN_POINT ( 'NONE',  ( 29.86999999999999389, 13.10000000000000142, -3.268085424949194184 ) ) ;
#4801 = DIRECTION ( 'NONE',  ( 0.000000000000000000, 0.000000000000000000, 1.000000000000000000 ) ) ;
#4802 = CIRCLE ( 'NONE', #2873, 0.2000000000000000944 ) ;
#4803 = ORIENTED_EDGE ( 'NONE', *, *, #68, .F. ) ;
#4804 = PLANE ( 'NONE',  #1017 ) ;
#4805 = FACE_OUTER_BOUND ( 'NONE', #6799, .T. ) ;
#4806 = CARTESIAN_POINT ( 'NONE',  ( -30.75000000000000000, 3.016894614386100848, -5.158282028992295487 ) ) ;
#4807 = ORIENTED_EDGE ( 'NONE', *, *, #5196, .T. ) ;
#4808 = DIRECTION ( 'NONE',  ( 1.000000000000000000, 6.162975822039154730E-33, 2.465190328815661892E-32 ) ) ;
#4809 = VERTEX_POINT ( 'NONE', #8626 ) ;
#4810 = LINE ( 'NONE', #8319, #2880 ) ;
#4811 = CARTESIAN_POINT ( 'NONE',  ( 27.37000000000000455, 9.443391120976400543, -3.499999999999991118 ) ) ;
#4812 = VERTEX_POINT ( 'NONE', #2356 ) ;
#4813 = CARTESIAN_POINT ( 'NONE',  ( -30.64999999999999503, 1.670670136135498751, -3.944843712904898325 ) ) ;
#4814 = EDGE_CURVE ( 'NONE', #784, #4280, #5161, .T. ) ;
#4815 = CARTESIAN_POINT ( 'NONE',  ( 28.54999999999999361, 5.170765814495903001, -5.999999999999992006 ) ) ;
#4816 = CARTESIAN_POINT ( 'NONE',  ( -30.75000000000000000, 8.049116928532391821E-16, -5.158282028992294599 ) ) ;
#4817 = VECTOR ( 'NONE', #1748, 1000.000000000000000 ) ;
#4818 = ADVANCED_FACE ( 'NONE', ( #7033 ), #7178, .T. ) ;
#4819 = EDGE_CURVE ( 'NONE', #6640, #6928, #3964, .T. ) ;
#4820 = CARTESIAN_POINT ( 'NONE',  ( 30.45000000000000284, 11.02314555571559929, 1.776854444283810786 ) ) ;
#4821 = ORIENTED_EDGE ( 'NONE', *, *, #8315, .F. ) ;
#4822 = EDGE_CURVE ( 'NONE', #6031, #2803, #6587, .T. ) ;
#4823 = PLANE ( 'NONE',  #4968 ) ;
#4824 = VECTOR ( 'NONE', #4443, 1000.000000000000000 ) ;
#4825 = PLANE ( 'NONE',  #8420 ) ;
#4826 = ORIENTED_EDGE ( 'NONE', *, *, #5809, .T. ) ;
#4827 = PRESENTATION_LAYER_ASSIGNMENT (  '', '', ( #7586 ) ) ;
#4828 = FACE_OUTER_BOUND ( 'NONE', #1910, .T. ) ;
#4829 = DIRECTION ( 'NONE',  ( -1.000000000000000000, -6.162975822039154730E-33, -2.449293598294709866E-16 ) ) ;
#4830 = AXIS2_PLACEMENT_3D ( 'NONE', #4406, #2843, #7019 ) ;
#4831 = LINE ( 'NONE', #1971, #4334 ) ;
#4832 = EDGE_CURVE ( 'NONE', #7149, #4085, #8132, .T. ) ;
#4833 = VECTOR ( 'NONE', #8753, 1000.000000000000000 ) ;
#4834 = ORIENTED_EDGE ( 'NONE', *, *, #3260, .T. ) ;
#4835 = ORIENTED_EDGE ( 'NONE', *, *, #3632, .T. ) ;
#4836 = CARTESIAN_POINT ( 'NONE',  ( 30.46999999999999886, -1.421564544460798718, 1.299999999999652101 ) ) ;
#4837 = VECTOR ( 'NONE', #6027, 1000.000000000000000 ) ;
#4838 = ORIENTED_EDGE ( 'NONE', *, *, #1894, .T. ) ;
#4839 = CARTESIAN_POINT ( 'NONE',  ( -27.99999999999999645, 8.049116928532395765E-16, 0.7999999999996625366 ) ) ;
#4840 = CARTESIAN_POINT ( 'NONE',  ( 27.80000000000000426, 9.294435844492799248, 0.3000000000000103140 ) ) ;
#4841 = DIRECTION ( 'NONE',  ( -7.321236402449588710E-32, -0.9396926207859098712, -0.3420201433256647716 ) ) ;
#4842 = DIRECTION ( 'NONE',  ( 6.162975822039150624E-33, -1.000000000000000000, 2.220446049250313574E-16 ) ) ;
#4843 = VECTOR ( 'NONE', #4237, 1000.000000000000000 ) ;
#4844 = ORIENTED_EDGE ( 'NONE', *, *, #8555, .F. ) ;
#4845 = CARTESIAN_POINT ( 'NONE',  ( 32.57045814643100101, 8.049116928532395765E-16, -8.499999999999486633 ) ) ;
#4846 = CARTESIAN_POINT ( 'NONE',  ( 29.12499999999999645, -1.699999999999999289, 1.198657782018809570 ) ) ;
#4847 = LINE ( 'NONE', #4928, #4676 ) ;
#4848 = DIRECTION ( 'NONE',  ( 8.377077475354036531E-17, -0.9396926207859076507, -0.3420201433256706558 ) ) ;
#4849 = EDGE_LOOP ( 'NONE', ( #6901, #2814, #4155, #391, #8850, #4336, #6645, #5091, #8666, #8979, #3666, #225, #8836, #8735, #1826, #5646, #3233, #6860, #2094 ) ) ;
#4850 = CARTESIAN_POINT ( 'NONE',  ( 29.87500000000000000, 8.049116928532395765E-16, 0.5799083837662311058 ) ) ;
#4851 = AXIS2_PLACEMENT_3D ( 'NONE', #4972, #5573, #9025 ) ;
#4852 = VECTOR ( 'NONE', #1117, 1000.000000000000000 ) ;
#4853 = AXIS2_PLACEMENT_3D ( 'NONE', #822, #1613, #4325 ) ;
#4854 = EDGE_LOOP ( 'NONE', ( #660, #7013, #6158, #3532 ) ) ;
#4855 = CIRCLE ( 'NONE', #1315, 0.1580968594333850563 ) ;
#4856 = CARTESIAN_POINT ( 'NONE',  ( -30.64999999999999503, 0.7107958125781029812, -2.499999999999995115 ) ) ;
#4857 = LINE ( 'NONE', #8321, #4180 ) ;
#4858 = EDGE_LOOP ( 'NONE', ( #5634, #6912, #8351, #6502 ) ) ;
#4859 = LINE ( 'NONE', #8413, #1835 ) ;
#4860 = VECTOR ( 'NONE', #339, 1000.000000000000000 ) ;
#4861 = EDGE_CURVE ( 'NONE', #4607, #6089, #272, .T. ) ;
#4862 = ORIENTED_EDGE ( 'NONE', *, *, #147, .T. ) ;
#4863 = CARTESIAN_POINT ( 'NONE',  ( -30.64999999999999503, 3.174991473819500420, -3.786746853471398389 ) ) ;
#4864 = CARTESIAN_POINT ( 'NONE',  ( -29.25000000000001066, 11.50000000000000000, -6.000000000000000888 ) ) ;
#4865 = ORIENTED_EDGE ( 'NONE', *, *, #3865, .T. ) ;
#4866 = EDGE_CURVE ( 'NONE', #45, #1259, #4571, .T. ) ;
#4867 = DIRECTION ( 'NONE',  ( -2.465190328815661345E-32, 6.137086701989279675E-49, 1.000000000000000000 ) ) ;
#4868 = DIRECTION ( 'NONE',  ( 0.000000000000000000, -0.7071067811865470176, -0.7071067811865479058 ) ) ;
#4869 = CARTESIAN_POINT ( 'NONE',  ( 29.67156877314939933, 8.826012422144900782, -0.4813860480453891477 ) ) ;
#4870 = EDGE_CURVE ( 'NONE', #4959, #5467, #6125, .T. ) ;
#4871 = EDGE_CURVE ( 'NONE', #9066, #534, #5250, .T. ) ;
#4872 = VERTEX_POINT ( 'NONE', #7447 ) ;
#4873 = DIRECTION ( 'NONE',  ( -1.000000000000000000, -6.162975822039154730E-33, -2.465190328815661892E-32 ) ) ;
#4874 = EDGE_CURVE ( 'NONE', #4588, #4929, #7268, .T. ) ;
#4875 = ORIENTED_EDGE ( 'NONE', *, *, #4223, .F. ) ;
#4876 = DIRECTION ( 'NONE',  ( -2.465190328815661345E-32, 6.137086701989279675E-49, 1.000000000000000000 ) ) ;
#4877 = FACE_OUTER_BOUND ( 'NONE', #7133, .T. ) ;
#4878 = EDGE_CURVE ( 'NONE', #7175, #440, #7365, .T. ) ;
#4879 = EDGE_CURVE ( 'NONE', #3101, #6767, #1699, .T. ) ;
#4880 = VERTEX_POINT ( 'NONE', #1059 ) ;
#4881 = EDGE_LOOP ( 'NONE', ( #4482, #8849, #5440, #2724 ) ) ;
#4882 = DIRECTION ( 'NONE',  ( 0.000000000000000000, 0.7071067811864790720, -0.7071067811866160735 ) ) ;
#4883 = DIRECTION ( 'NONE',  ( -6.162975822039150624E-33, 1.000000000000000000, -2.220446049250313574E-16 ) ) ;
#4884 = DIRECTION ( 'NONE',  ( -3.335559729097691015E-32, 1.000000000000000000, -3.943844354434941479E-48 ) ) ;
#4885 =( BOUNDED_CURVE ( )  B_SPLINE_CURVE ( 3, ( #3911, #951, #3825, #7311 ),
 .UNSPECIFIED., .F., .T. ) 
 B_SPLINE_CURVE_WITH_KNOTS ( ( 4, 4 ),
 ( 0.8849433621761488844, 1.003521876353292708 ),
 .UNSPECIFIED. ) 
 CURVE ( )  GEOMETRIC_REPRESENTATION_ITEM ( )  RATIONAL_B_SPLINE_CURVE ( ( 1.000000000000000000, 0.9988286045339554997, 0.9988286045339554997, 1.000000000000000000 ) ) 
 REPRESENTATION_ITEM ( '' )  );
#4886 = ORIENTED_EDGE ( 'NONE', *, *, #5391, .T. ) ;
#4887 = CARTESIAN_POINT ( 'NONE',  ( -27.50000000000001066, 9.361408879023397134, -3.700000000000398970 ) ) ;
#4888 = ORIENTED_EDGE ( 'NONE', *, *, #5930, .F. ) ;
#4889 = CARTESIAN_POINT ( 'NONE',  ( 30.46999999999999886, -3.500000000000399680, 1.509999999999660947 ) ) ;
#4890 = CARTESIAN_POINT ( 'NONE',  ( 28.39999999999999503, 9.054972578080199952, 3.745027421919528532 ) ) ;
#4891 = ORIENTED_EDGE ( 'NONE', *, *, #7451, .F. ) ;
#4892 = CARTESIAN_POINT ( 'NONE',  ( -27.63000000000000256, 13.10000000000000142, -1.799999999999999600 ) ) ;
#4893 = CARTESIAN_POINT ( 'NONE',  ( -28.00000000000001066, 9.443391120976400543, -3.499999999999997780 ) ) ;
#4894 = DIRECTION ( 'NONE',  ( 1.000000000000000000, 6.162975822039154730E-33, 2.465190328815661345E-32 ) ) ;
#4895 = EDGE_LOOP ( 'NONE', ( #172, #551, #5605, #8705, #6056, #4888, #7810 ) ) ;
#4896 = DIRECTION ( 'NONE',  ( 1.000000000000000000, 6.162975822039154730E-33, 2.465190328815661345E-32 ) ) ;
#4897 = PLANE ( 'NONE',  #4366 ) ;
#4898 = CARTESIAN_POINT ( 'NONE',  ( 30.17927876119835773, 7.339736242751197182, 2.094707838363110142 ) ) ;
#4899 = LINE ( 'NONE', #6960, #7762 ) ;
#4900 = DIRECTION ( 'NONE',  ( -6.162975822039150624E-33, 1.000000000000000000, -2.220446049250313574E-16 ) ) ;
#4901 = VERTEX_POINT ( 'NONE', #8797 ) ;
#4902 = DIRECTION ( 'NONE',  ( 6.162975822039150624E-33, -1.000000000000000000, 2.220446049250313574E-16 ) ) ;
#4903 = DIRECTION ( 'NONE',  ( -2.465190328815661345E-32, 6.137086701989279675E-49, 1.000000000000000000 ) ) ;
#4904 = ORIENTED_EDGE ( 'NONE', *, *, #2462, .F. ) ;
#4905 = CARTESIAN_POINT ( 'NONE',  ( 28.24999999999999645, 12.09205754721679860, -3.851763809020494200 ) ) ;
#4906 = EDGE_CURVE ( 'NONE', #6082, #6313, #3881, .T. ) ;
#4907 = STYLED_ITEM ( 'NONE', ( #4313 ), #686 ) ;
#4908 = EDGE_CURVE ( 'NONE', #6268, #4809, #6727, .T. ) ;
#4909 = ORIENTED_EDGE ( 'NONE', *, *, #1325, .T. ) ;
#4910 = SURFACE_STYLE_USAGE ( .BOTH. , #7748 ) ;
#4911 = ORIENTED_EDGE ( 'NONE', *, *, #4772, .F. ) ;
#4912 = LINE ( 'NONE', #8469, #6153 ) ;
#4913 = DIRECTION ( 'NONE',  ( -1.000000000000000000, -6.162975822039154730E-33, -2.465190328815661892E-32 ) ) ;
#4914 = ORIENTED_EDGE ( 'NONE', *, *, #8777, .F. ) ;
#4915 = CIRCLE ( 'NONE', #1232, 0.2000000000000000944 ) ;
#4916 = ORIENTED_EDGE ( 'NONE', *, *, #1167, .F. ) ;
#4917 = CARTESIAN_POINT ( 'NONE',  ( 27.37499999999999645, -1.700000000000401634, -3.151703117579792046 ) ) ;
#4918 = CARTESIAN_POINT ( 'NONE',  ( 27.96999999999999531, -1.421564544460798718, -3.700000000000289724 ) ) ;
#4919 = CARTESIAN_POINT ( 'NONE',  ( 27.37499999999999645, -2.900000000000399591, -3.490000000000388791 ) ) ;
#4920 = CARTESIAN_POINT ( 'NONE',  ( 27.17999999999999616, 13.10000000000000142, -1.799999999999992495 ) ) ;
#4921 = ADVANCED_FACE ( 'NONE', ( #5935 ), #2577, .T. ) ;
#4922 = ADVANCED_FACE ( 'NONE', ( #6251 ), #8973, .F. ) ;
#4923 = ADVANCED_FACE ( 'NONE', ( #6896 ), #4136, .T. ) ;
#4924 = AXIS2_PLACEMENT_3D ( 'NONE', #2955, #1789, #1085 ) ;
#4925 = ORIENTED_EDGE ( 'NONE', *, *, #1080, .T. ) ;
#4926 = CARTESIAN_POINT ( 'NONE',  ( 27.67927876119835418, 7.339736242751197182, 2.094707838363108809 ) ) ;
#4927 = CARTESIAN_POINT ( 'NONE',  ( 28.24999999999999645, 12.28524271247460220, -3.799999999999994493 ) ) ;
#4928 = CARTESIAN_POINT ( 'NONE',  ( 27.17999999999999616, 11.50000000000000000, -4.099999999999992539 ) ) ;
#4929 = VERTEX_POINT ( 'NONE', #6123 ) ;
#4930 = CARTESIAN_POINT ( 'NONE',  ( 27.75679224300349546, 8.049116928532395765E-16, -3.108207756996890669 ) ) ;
#4931 = ADVANCED_FACE ( 'NONE', ( #2067 ), #4118, .F. ) ;
#4932 = ORIENTED_EDGE ( 'NONE', *, *, #6897, .T. ) ;
#4933 = DIRECTION ( 'NONE',  ( 2.465190328815661345E-32, -6.137086701989279675E-49, -1.000000000000000000 ) ) ;
#4934 = DIRECTION ( 'NONE',  ( 1.000000000000000000, 6.162975822039154730E-33, 2.465190328815661345E-32 ) ) ;
#4935 = AXIS2_PLACEMENT_3D ( 'NONE', #7048, #2823, #8540 ) ;
#4936 = EDGE_LOOP ( 'NONE', ( #2401, #932, #1915, #6384 ) ) ;
#4937 = DIRECTION ( 'NONE',  ( 0.000000000000000000, 0.000000000000000000, 1.000000000000000000 ) ) ;
#4938 = CARTESIAN_POINT ( 'NONE',  ( 25.10999760000000336, -2.797045472603198579, -3.923554220670089077 ) ) ;
#4939 = DIRECTION ( 'NONE',  ( -8.377077475353881224E-17, -0.9396926207859096492, 0.3420201433256651602 ) ) ;
#4940 = VECTOR ( 'NONE', #1741, 1000.000000000000000 ) ;
#4941 = DIRECTION ( 'NONE',  ( -2.465190328815661345E-32, -6.137086701989279675E-49, -1.000000000000000000 ) ) ;
#4942 = VERTEX_POINT ( 'NONE', #6281 ) ;
#4943 = DIRECTION ( 'NONE',  ( 0.000000000000000000, -2.220446049250313574E-16, -1.000000000000000000 ) ) ;
#4944 = CARTESIAN_POINT ( 'NONE',  ( 30.75000000000000000, 8.418613096565399800, -5.999999999999989342 ) ) ;
#4945 = PLANE ( 'NONE',  #6455 ) ;
#4946 = CARTESIAN_POINT ( 'NONE',  ( -30.75000000000000000, 2.223807899774399299, -4.055156287094595413 ) ) ;
#4947 = VERTEX_POINT ( 'NONE', #9001 ) ;
#4948 = DIRECTION ( 'NONE',  ( 5.801957056841933239E-32, -0.7071067811866160735, -0.7071067811864790720 ) ) ;
#4949 = CARTESIAN_POINT ( 'NONE',  ( 28.79831731211439205, 8.990477150924402139, -0.08445946488679946518 ) ) ;
#4950 = VERTEX_POINT ( 'NONE', #5510 ) ;
#4951 = AXIS2_PLACEMENT_3D ( 'NONE', #5471, #4776, #1260 ) ;
#4952 = DIRECTION ( 'NONE',  ( -2.465190328815661618E-32, 2.220446049250313574E-16, 1.000000000000000000 ) ) ;
#4953 = VECTOR ( 'NONE', #1021, 1000.000000000000114 ) ;
#4954 = CIRCLE ( 'NONE', #7158, 0.5000000000000000000 ) ;
#4955 = ORIENTED_EDGE ( 'NONE', *, *, #7510, .F. ) ;
#4956 = AXIS2_PLACEMENT_3D ( 'NONE', #7977, #1635, #6660 ) ;
#4957 = ORIENTED_EDGE ( 'NONE', *, *, #697, .F. ) ;
#4958 = DIRECTION ( 'NONE',  ( -2.964296775167248380E-17, 0.7071067811864790720, -0.7071067811866160735 ) ) ;
#4959 = VERTEX_POINT ( 'NONE', #8956 ) ;
#4960 = VECTOR ( 'NONE', #1546, 999.9999999999998863 ) ;
#4961 = VERTEX_POINT ( 'NONE', #6150 ) ;
#4962 = CARTESIAN_POINT ( 'NONE',  ( -30.75000000000000000, 3.174991473819601229, -5.000185169558795550 ) ) ;
#4963 = EDGE_CURVE ( 'NONE', #2518, #6584, #8283, .T. ) ;
#4964 = LINE ( 'NONE', #3419, #5715 ) ;
#4965 = CARTESIAN_POINT ( 'NONE',  ( -27.63000000000000256, 8.418613096565399800, -6.000000000000000000 ) ) ;
#4966 = ITEM_DEFINED_TRANSFORMATION ( 'NONE', 'NONE', #2794,  #7772 ) ;
#4967 = LINE ( 'NONE', #8621, #3826 ) ;
#4968 = AXIS2_PLACEMENT_3D ( 'NONE', #7603, #4738, #3441 ) ;
#4969 = PRODUCT_DEFINITION ( 'UNKNOWN', '', #4251, #6070 ) ;
#4970 = VERTEX_POINT ( 'NONE', #8914 ) ;
#4971 = DIRECTION ( 'NONE',  ( 6.162975822039150624E-33, -1.000000000000000000, 2.220446049250313574E-16 ) ) ;
#4972 = CARTESIAN_POINT ( 'NONE',  ( -29.25000000000001066, 13.10000000000000142, -1.299999999999999156 ) ) ;
#4973 = DIRECTION ( 'NONE',  ( 1.000000000000000000, 6.162975822039154730E-33, 2.465190328815661892E-32 ) ) ;
#4974 = AXIS2_PLACEMENT_3D ( 'NONE', #2624, #4614, #1096 ) ;
#4975 = EDGE_CURVE ( 'NONE', #6923, #7049, #2001, .T. ) ;
#4976 = VERTEX_POINT ( 'NONE', #4813 ) ;
#4977 = DIRECTION ( 'NONE',  ( -1.000000000000000000, -6.162975822039154730E-33, -2.465190328815661892E-32 ) ) ;
#4978 = ADVANCED_FACE ( 'NONE', ( #7641 ), #7593, .F. ) ;
#4979 = CARTESIAN_POINT ( 'NONE',  ( 26.86065096090095139, 12.76453894806211586, -3.219572369015256008 ) ) ;
#4980 = LINE ( 'NONE', #7134, #6143 ) ;
#4981 = VECTOR ( 'NONE', #6720, 1000.000000000000000 ) ;
#4982 = VECTOR ( 'NONE', #197, 1000.000000000000000 ) ;
#4983 = EDGE_CURVE ( 'NONE', #2472, #474, #1303, .T. ) ;
#4984 = EDGE_CURVE ( 'NONE', #6855, #5371, #1389, .T. ) ;
#4985 = PRODUCT_DEFINITION_SHAPE ( 'NONE', 'NONE',  #4969 ) ;
#4986 = VERTEX_POINT ( 'NONE', #2784 ) ;
#4987 = CARTESIAN_POINT ( 'NONE',  ( -28.00000000000001066, 8.656497115745700910, 3.577817459304874159 ) ) ;
#4988 = CARTESIAN_POINT ( 'NONE',  ( 29.12499999999999645, -2.900000000000399591, -0.9999999999999904521 ) ) ;
#4989 = EDGE_CURVE ( 'NONE', #1196, #7366, #8366, .T. ) ;
#4990 = AXIS2_PLACEMENT_3D ( 'NONE', #1107, #5171, #8096 ) ;
#4991 = AXIS2_PLACEMENT_3D ( 'NONE', #5770, #165, #3664 ) ;
#4992 = DIRECTION ( 'NONE',  ( 0.000000000000000000, 0.000000000000000000, 1.000000000000000000 ) ) ;
#4993 = VERTEX_POINT ( 'NONE', #2604 ) ;
#4994 = ADVANCED_FACE ( 'NONE', ( #2739 ), #3437, .F. ) ;
#4995 = DIRECTION ( 'NONE',  ( 1.000000000000000000, 6.162975822039154730E-33, 2.465190328815661892E-32 ) ) ;
#4996 = PLANE ( 'NONE',  #7011 ) ;
#4997 = DIRECTION ( 'NONE',  ( 0.000000000000000000, 0.000000000000000000, 1.000000000000000000 ) ) ;
#4998 = AXIS2_PLACEMENT_3D ( 'NONE', #2083, #2367, #6689 ) ;
#4999 = DIRECTION ( 'NONE',  ( -2.102964564689860617E-32, -1.000000000000000000, 2.220446049250313574E-16 ) ) ;
#5000 = CARTESIAN_POINT ( 'NONE',  ( 29.86999999999999389, 12.28524271247460220, -3.999999999999993339 ) ) ;
#5001 = ORIENTED_EDGE ( 'NONE', *, *, #1376, .F. ) ;
#5002 = CARTESIAN_POINT ( 'NONE',  ( 28.72355696709330530, 9.122305473328397696, 0.1072924063497977115 ) ) ;
#5003 = EDGE_LOOP ( 'NONE', ( #5034, #4499, #7077, #7747, #300, #2824, #2341 ) ) ;
#5004 = CIRCLE ( 'NONE', #7198, 0.4567242605854620052 ) ;
#5005 = FACE_OUTER_BOUND ( 'NONE', #4379, .T. ) ;
#5006 = DIRECTION ( 'NONE',  ( 0.000000000000000000, -0.7071067811865476838, 0.7071067811865473507 ) ) ;
#5007 = CARTESIAN_POINT ( 'NONE',  ( -30.75000000000000000, 0.8250085261886024313, -4.323565720717695626 ) ) ;
#5008 = ORIENTED_EDGE ( 'NONE', *, *, #7219, .F. ) ;
#5009 = EDGE_LOOP ( 'NONE', ( #5186, #1467, #1487, #4955 ) ) ;
#5010 = CARTESIAN_POINT ( 'NONE',  ( 29.46119071202451423, 10.67196917591599181, -0.5028190845386490970 ) ) ;
#5011 = LINE ( 'NONE', #848, #8458 ) ;
#5012 = CARTESIAN_POINT ( 'NONE',  ( 28.68572095441619751, 8.481544069577299894, -0.4999999999999917843 ) ) ;
#5013 = EDGE_LOOP ( 'NONE', ( #3121, #5246, #323, #8044 ) ) ;
#5014 = ORIENTED_EDGE ( 'NONE', *, *, #4814, .F. ) ;
#5015 = CARTESIAN_POINT ( 'NONE',  ( 27.78196798964159697, 9.139839182138800311, 0.1295531490774579630 ) ) ;
#5016 = CARTESIAN_POINT ( 'NONE',  ( 29.50000000000000000, 0.3000000000000024869, 0.7999999999996620925 ) ) ;
#5017 = LINE ( 'NONE', #3728, #8918 ) ;
#5018 = VECTOR ( 'NONE', #7811, 1000.000000000000000 ) ;
#5019 = VECTOR ( 'NONE', #2212, 1000.000000000000000 ) ;
#5020 = ORIENTED_EDGE ( 'NONE', *, *, #1889, .T. ) ;
#5021 = CARTESIAN_POINT ( 'NONE',  ( -30.75000000000000000, 3.289204187422301029, -5.499999999999999112 ) ) ;
#5022 = CARTESIAN_POINT ( 'NONE',  ( -30.64999999999999503, 2.223807899774399299, -4.055156287094595413 ) ) ;
#5023 = DIRECTION ( 'NONE',  ( 2.465190328815661345E-32, -6.137086701989279675E-49, -1.000000000000000000 ) ) ;
#5024 = ORIENTED_EDGE ( 'NONE', *, *, #3304, .F. ) ;
#5025 = CARTESIAN_POINT ( 'NONE',  ( -27.63000000000000256, 12.59999999999999964, -1.799999999999999600 ) ) ;
#5026 = VERTEX_POINT ( 'NONE', #6956 ) ;
#5027 = CARTESIAN_POINT ( 'NONE',  ( -30.64999999999999503, 0.7107958125781029812, -2.710795812577996511 ) ) ;
#5028 = CARTESIAN_POINT ( 'NONE',  ( -27.63000000000000256, 8.049116928532391821E-16, -3.499999999999996003 ) ) ;
#5029 = EDGE_CURVE ( 'NONE', #69, #534, #5406, .T. ) ;
#5030 = ORIENTED_EDGE ( 'NONE', *, *, #4984, .F. ) ;
#5031 = CARTESIAN_POINT ( 'NONE',  ( 29.67999999999999972, 11.50000000000000000, -2.899999999999992806 ) ) ;
#5032 = CARTESIAN_POINT ( 'NONE',  ( -28.79999999999770210, 5.168169145387501828, -5.999999999999999112 ) ) ;
#5033 = FACE_OUTER_BOUND ( 'NONE', #4164, .T. ) ;
#5034 = ORIENTED_EDGE ( 'NONE', *, *, #8227, .F. ) ;
#5035 = LINE ( 'NONE', #2271, #8356 ) ;
#5036 = CARTESIAN_POINT ( 'NONE',  ( -27.88438694352350566, 10.67656721185510094, -0.4916019335323481565 ) ) ;
#5037 = CARTESIAN_POINT ( 'NONE',  ( -27.63000000000000256, 9.499263426672799326, -3.363696565584399778 ) ) ;
#5038 = EDGE_CURVE ( 'NONE', #5102, #4976, #1416, .T. ) ;
#5039 = DIRECTION ( 'NONE',  ( -1.000000000000000000, -6.162975822039154730E-33, -2.465190328815661892E-32 ) ) ;
#5040 = EDGE_CURVE ( 'NONE', #5467, #6577, #4735, .T. ) ;
#5041 = EDGE_CURVE ( 'NONE', #2252, #565, #2316, .T. ) ;
#5042 = DIRECTION ( 'NONE',  ( 2.449293598294709866E-16, 8.957850525376296048E-49, -1.000000000000000000 ) ) ;
#5043 = CARTESIAN_POINT ( 'NONE',  ( 31.80000240000000034, 11.93282699999999963, -0.4999999999999900080 ) ) ;
#5044 = DIRECTION ( 'NONE',  ( -3.610187651973074301E-33, -0.7071067811865470176, -0.7071067811865479058 ) ) ;
#5045 = VERTEX_POINT ( 'NONE', #6833 ) ;
#5046 = DIRECTION ( 'NONE',  ( -6.162975822039150624E-33, 1.000000000000000000, -2.220446049250313574E-16 ) ) ;
#5047 = LINE ( 'NONE', #1396, #8077 ) ;
#5048 = CARTESIAN_POINT ( 'NONE',  ( 28.71803201035809394, 9.139839182139601448, 0.1295531490785161721 ) ) ;
#5049 = ORIENTED_EDGE ( 'NONE', *, *, #541, .T. ) ;
#5050 = ADVANCED_FACE ( 'NONE', ( #4074 ), #576, .F. ) ;
#5051 = PLANE ( 'NONE',  #7736 ) ;
#5052 = DIRECTION ( 'NONE',  ( 0.000000000000000000, 0.000000000000000000, 1.000000000000000000 ) ) ;
#5053 = CARTESIAN_POINT ( 'NONE',  ( -28.70077801990410293, 7.999999999999497291, -0.4999999999999987232 ) ) ;
#5054 = ORIENTED_EDGE ( 'NONE', *, *, #673, .T. ) ;
#5055 = CARTESIAN_POINT ( 'NONE',  ( -29.02500000000000924, 9.757417244889499131, 2.759740042635411061 ) ) ;
#5056 = ORIENTED_EDGE ( 'NONE', *, *, #4819, .F. ) ;
#5057 = CARTESIAN_POINT ( 'NONE',  ( 29.50000000000000000, 8.776040512034798624, 4.023959487965408144 ) ) ;
#5058 = CARTESIAN_POINT ( 'NONE',  ( 27.37000000000000455, 13.59999999999999787, -3.363696565584394449 ) ) ;
#5059 = DIRECTION ( 'NONE',  ( 0.06174578541844909924, 0.7057575568079519357, 0.7057575568079518247 ) ) ;
#5060 =( LENGTH_UNIT ( ) NAMED_UNIT ( * ) SI_UNIT ( .MILLI., .METRE. ) );
#5061 = CARTESIAN_POINT ( 'NONE',  ( -28.45764425876259907, 12.11280759173919819, -3.901464470446400767 ) ) ;
#5062 = CARTESIAN_POINT ( 'NONE',  ( 27.17999999999999616, 9.197444395117798877, -4.099999999999990763 ) ) ;
#5063 = VECTOR ( 'NONE', #8478, 1000.000000000000114 ) ;
#5064 = VERTEX_POINT ( 'NONE', #7921 ) ;
#5065 = LINE ( 'NONE', #8485, #6196 ) ;
#5066 = VECTOR ( 'NONE', #4977, 1000.000000000000000 ) ;
#5067 = ORIENTED_EDGE ( 'NONE', *, *, #8444, .T. ) ;
#5068 = DIRECTION ( 'NONE',  ( 6.162975822039150624E-33, -1.000000000000000000, 2.220446049250313574E-16 ) ) ;
#5069 = CARTESIAN_POINT ( 'NONE',  ( 30.76244130498640317, 5.170765814495903001, -5.999999999999988454 ) ) ;
#5070 = DIRECTION ( 'NONE',  ( -6.162975822039150624E-33, 1.000000000000000000, -2.220446049250313574E-16 ) ) ;
#5071 =( NAMED_UNIT ( * ) PLANE_ANGLE_UNIT ( ) SI_UNIT ( $, .RADIAN. ) );
#5072 = VECTOR ( 'NONE', #8954, 1000.000000000000000 ) ;
#5073 = CYLINDRICAL_SURFACE ( 'NONE', #3972, 0.5000000000000000000 ) ;
#5074 = ORIENTED_EDGE ( 'NONE', *, *, #428, .F. ) ;
#5075 = LINE ( 'NONE', #6995, #4843 ) ;
#5076 = CARTESIAN_POINT ( 'NONE',  ( 26.59999999999969233, 12.29201746504349835, -3.999999999999993339 ) ) ;
#5077 = DIRECTION ( 'NONE',  ( 0.06174578541844909924, 0.7057575568079519357, 0.7057575568079518247 ) ) ;
#5078 =( BOUNDED_CURVE ( )  B_SPLINE_CURVE ( 3, ( #5148, #1174, #8616, #395 ),
 .UNSPECIFIED., .F., .T. ) 
 B_SPLINE_CURVE_WITH_KNOTS ( ( 4, 4 ),
 ( 4.712388980384689674, 6.138161162879813837 ),
 .UNSPECIFIED. ) 
 CURVE ( )  GEOMETRIC_REPRESENTATION_ITEM ( )  RATIONAL_B_SPLINE_CURVE ( ( 1.000000000000000000, 0.8376516456444781378, 0.8376516456444781378, 1.000000000000000000 ) ) 
 REPRESENTATION_ITEM ( '' )  );
#5079 = VECTOR ( 'NONE', #3435, 1000.000000000000000 ) ;
#5080 = LINE ( 'NONE', #7191, #5955 ) ;
#5081 = VERTEX_POINT ( 'NONE', #3659 ) ;
#5082 = PRESENTATION_STYLE_ASSIGNMENT (( #2700 ) ) ;
#5083 = PLANE ( 'NONE',  #6135 ) ;
#5084 = CARTESIAN_POINT ( 'NONE',  ( 25.74999999999999645, 12.09205754721679860, -3.851763809020494200 ) ) ;
#5085 = ADVANCED_FACE ( 'NONE', ( #2273 ), #7143, .T. ) ;
#5086 = FACE_OUTER_BOUND ( 'NONE', #8949, .T. ) ;
#5087 = PLANE ( 'NONE',  #4259 ) ;
#5088 = DIRECTION ( 'NONE',  ( 2.964296775167248380E-17, -0.7071067811864790720, 0.7071067811866160735 ) ) ;
#5089 = ORIENTED_EDGE ( 'NONE', *, *, #5762, .F. ) ;
#5090 = EDGE_CURVE ( 'NONE', #5026, #5782, #7732, .T. ) ;
#5091 = ORIENTED_EDGE ( 'NONE', *, *, #5820, .T. ) ;
#5092 = DIRECTION ( 'NONE',  ( -1.000000000000000000, -6.162975822039154730E-33, -2.465190328815661892E-32 ) ) ;
#5093 = EDGE_CURVE ( 'NONE', #338, #1326, #8908, .T. ) ;
#5094 = CARTESIAN_POINT ( 'NONE',  ( -27.63000000000000256, 9.443391120976400543, -3.499999999999997780 ) ) ;
#5095 = EDGE_CURVE ( 'NONE', #417, #8781, #786, .T. ) ;
#5096 = DIRECTION ( 'NONE',  ( 6.162975822039150624E-33, 1.000000000000000000, -2.220446049250313574E-16 ) ) ;
#5097 = EDGE_CURVE ( 'NONE', #522, #378, #2322, .T. ) ;
#5098 = ORIENTED_EDGE ( 'NONE', *, *, #2099, .T. ) ;
#5099 = CARTESIAN_POINT ( 'NONE',  ( 26.58898811058039868, 12.20842176977339832, -3.984739616799893636 ) ) ;
#5100 = DIRECTION ( 'NONE',  ( 1.000000000000000000, 6.162975822039154730E-33, 2.449293598294709866E-16 ) ) ;
#5101 = VERTEX_POINT ( 'NONE', #7822 ) ;
#5102 = VERTEX_POINT ( 'NONE', #1566 ) ;
#5103 = CARTESIAN_POINT ( 'NONE',  ( -28.15374433176300073, 12.59999999999999964, -3.768085424949201734 ) ) ;
#5104 = CARTESIAN_POINT ( 'NONE',  ( -30.75000000000000000, 11.50000000000000000, -5.126471437761198402 ) ) ;
#5105 = EDGE_CURVE ( 'NONE', #249, #5753, #3207, .T. ) ;
#5106 = CARTESIAN_POINT ( 'NONE',  ( -26.74999999999885247, -3.500000000000399680, 6.000000000000005329 ) ) ;
#5107 = AXIS2_PLACEMENT_3D ( 'NONE', #4836, #6212, #5397 ) ;
#5108 = PRESENTATION_LAYER_ASSIGNMENT (  '', '', ( #1283 ) ) ;
#5109 = EDGE_LOOP ( 'NONE', ( #6149, #5531, #7725, #864 ) ) ;
#5110 = CARTESIAN_POINT ( 'NONE',  ( -28.79999999999770210, 10.89721792224730024, 1.902782077752114276 ) ) ;
#5111 = CARTESIAN_POINT ( 'NONE',  ( 28.24999999999999645, 12.28524271247460220, -3.799999999999994493 ) ) ;
#5112 = ORIENTED_EDGE ( 'NONE', *, *, #2735, .T. ) ;
#5113 = PLANE ( 'NONE',  #2431 ) ;
#5114 = CIRCLE ( 'NONE', #3213, 0.5000000000000000000 ) ;
#5115 = ORIENTED_EDGE ( 'NONE', *, *, #5331, .T. ) ;
#5116 = CARTESIAN_POINT ( 'NONE',  ( -28.00000000000001066, 11.09999999999999787, 0.3000000000000033751 ) ) ;
#5117 = LINE ( 'NONE', #325, #4015 ) ;
#5118 = VECTOR ( 'NONE', #4639, 1000.000000000000114 ) ;
#5119 = CARTESIAN_POINT ( 'NONE',  ( 28.54999999999999361, 10.53798004549439860, 1.696334529555780124 ) ) ;
#5120 = EDGE_LOOP ( 'NONE', ( #2187, #2357, #986, #6473 ) ) ;
#5121 = CARTESIAN_POINT ( 'NONE',  ( 27.49999999999999645, 9.361408879023397134, -3.700000000000392308 ) ) ;
#5122 = CARTESIAN_POINT ( 'NONE',  ( 30.27644303290649930, 9.122305473327600112, 0.1072924063487603469 ) ) ;
#5123 = EDGE_LOOP ( 'NONE', ( #7854, #4055, #2240, #6649 ) ) ;
#5124 = LINE ( 'NONE', #2177, #5598 ) ;
#5125 = CARTESIAN_POINT ( 'NONE',  ( -27.47234350026136340, 10.73674594545685679, -0.4314231999306417653 ) ) ;
#5126 =( GEOMETRIC_REPRESENTATION_CONTEXT ( 3 ) GLOBAL_UNCERTAINTY_ASSIGNED_CONTEXT ( ( #4145 ) ) GLOBAL_UNIT_ASSIGNED_CONTEXT ( ( #2253, #640, #1331 ) ) REPRESENTATION_CONTEXT ( 'NONE', 'WORKASPACE' ) );
#5127 = LINE ( 'NONE', #6604, #278 ) ;
#5128 =( BOUNDED_CURVE ( )  B_SPLINE_CURVE ( 3, ( #1975, #4793, #5485, #3416 ),
 .UNSPECIFIED., .F., .T. ) 
 B_SPLINE_CURVE_WITH_KNOTS ( ( 4, 4 ),
 ( 0.1450241442997720343, 1.570796326794896558 ),
 .UNSPECIFIED. ) 
 CURVE ( )  GEOMETRIC_REPRESENTATION_ITEM ( )  RATIONAL_B_SPLINE_CURVE ( ( 1.000000000000000000, 0.8376516456444781378, 0.8376516456444781378, 1.000000000000000000 ) ) 
 REPRESENTATION_ITEM ( '' )  );
#5129 = VECTOR ( 'NONE', #7200, 1000.000000000000114 ) ;
#5130 = FACE_OUTER_BOUND ( 'NONE', #7443, .T. ) ;
#5131 = DIRECTION ( 'NONE',  ( 1.000000000000000000, 6.162975822039154730E-33, 2.465190328815661345E-32 ) ) ;
#5132 = AXIS2_PLACEMENT_3D ( 'NONE', #7218, #3592, #3686 ) ;
#5133 = ORIENTED_EDGE ( 'NONE', *, *, #2559, .F. ) ;
#5134 = CARTESIAN_POINT ( 'NONE',  ( 30.75000000000000000, 11.50000000000000000, -2.899999999999989253 ) ) ;
#5135 = EDGE_LOOP ( 'NONE', ( #2648, #4113, #1370, #1173 ) ) ;
#5136 = CARTESIAN_POINT ( 'NONE',  ( 28.24999999999999645, 13.10000000000000142, -1.799999999999992495 ) ) ;
#5137 = DIRECTION ( 'NONE',  ( -0.9914448613738103822, 0.1305261922200520452, -4.683861624749757595E-31 ) ) ;
#5138 = AXIS2_PLACEMENT_3D ( 'NONE', #1807, #5457, #1946 ) ;
#5139 = PLANE ( 'NONE',  #9011 ) ;
#5140 = EDGE_CURVE ( 'NONE', #8393, #6703, #8543, .T. ) ;
#5141 = ADVANCED_FACE ( 'NONE', ( #2924 ), #5083, .F. ) ;
#5142 = ORIENTED_EDGE ( 'NONE', *, *, #4027, .F. ) ;
#5143 = CARTESIAN_POINT ( 'NONE',  ( 29.61561305647650144, 10.67656721185510094, -0.4916019335323412176 ) ) ;
#5144 = VECTOR ( 'NONE', #4163, 1000.000000000000000 ) ;
#5145 = CARTESIAN_POINT ( 'NONE',  ( 29.50000000000000000, 7.260769515458562751, 1.799999999999649436 ) ) ;
#5146 = ORIENTED_EDGE ( 'NONE', *, *, #5140, .F. ) ;
#5147 = ORIENTED_EDGE ( 'NONE', *, *, #4480, .F. ) ;
#5148 = CARTESIAN_POINT ( 'NONE',  ( 28.70000000000000284, 11.46816914538750076, 0.3000000000000103140 ) ) ;
#5149 = LINE ( 'NONE', #1691, #5392 ) ;
#5150 = EDGE_CURVE ( 'NONE', #18, #4045, #831, .T. ) ;
#5151 = DIRECTION ( 'NONE',  ( 0.000000000000000000, -2.220446049250313574E-16, -1.000000000000000000 ) ) ;
#5152 = ADVANCED_FACE ( 'NONE', ( #196 ), #4996, .T. ) ;
#5153 = LINE ( 'NONE', #5785, #1908 ) ;
#5154 = AXIS2_PLACEMENT_3D ( 'NONE', #329, #3152, #7237 ) ;
#5155 = UNCERTAINTY_MEASURE_WITH_UNIT (LENGTH_MEASURE( 1.000000000000000082E-05 ), #5745, 'distance_accuracy_value', 'NONE');
#5156 = ADVANCED_FACE ( 'NONE', ( #7241 ), #3751, .F. ) ;
#5157 = ORIENTED_EDGE ( 'NONE', *, *, #5448, .F. ) ;
#5158 = ORIENTED_EDGE ( 'NONE', *, *, #6223, .F. ) ;
#5159 = CARTESIAN_POINT ( 'NONE',  ( -28.11561305647650144, 10.67656721185510094, -0.4916019335323481565 ) ) ;
#5160 = CARTESIAN_POINT ( 'NONE',  ( 26.69999999999950191, 9.197444395117798877, -4.099999999999990763 ) ) ;
#5161 = LINE ( 'NONE', #2157, #5019 ) ;
#5162 = EDGE_CURVE ( 'NONE', #1447, #8287, #7421, .T. ) ;
#5163 = ORIENTED_EDGE ( 'NONE', *, *, #192, .F. ) ;
#5164 = LINE ( 'NONE', #7132, #1320 ) ;
#5165 = ORIENTED_EDGE ( 'NONE', *, *, #4719, .F. ) ;
#5166 = CARTESIAN_POINT ( 'NONE',  ( -29.25000000000001066, 12.28524271247460220, -4.000000000000000000 ) ) ;
#5167 = COLOUR_RGB ( '',0.5019607843137254832, 1.000000000000000000, 0.5019607843137254832 ) ;
#5168 = DIRECTION ( 'NONE',  ( -1.000000000000000000, -6.162975822039154730E-33, -2.465190328815661892E-32 ) ) ;
#5169 = DIRECTION ( 'NONE',  ( -1.000000000000000000, -6.162975822039154730E-33, -2.465190328815661892E-32 ) ) ;
#5170 = DIRECTION ( 'NONE',  ( 2.465190328815661892E-32, -6.137086701989279675E-49, -1.000000000000000000 ) ) ;
#5171 = DIRECTION ( 'NONE',  ( 1.000000000000000000, 6.162975822039154730E-33, 2.465190328815661892E-32 ) ) ;
#5172 = ORIENTED_EDGE ( 'NONE', *, *, #4121, .F. ) ;
#5173 = CARTESIAN_POINT ( 'NONE',  ( 28.24999999999999645, 11.50000000000000000, -3.499999999999992895 ) ) ;
#5174 = PLANE ( 'NONE',  #9015 ) ;
#5175 = CARTESIAN_POINT ( 'NONE',  ( 29.12499999999999645, -2.629463045522899112, 1.089999999999650360 ) ) ;
#5176 = CARTESIAN_POINT ( 'NONE',  ( 29.98099992741250119, 8.870049089596601988, -0.3392488324811312461 ) ) ;
#5177 = VERTEX_POINT ( 'NONE', #3936 ) ;
#5178 = DIRECTION ( 'NONE',  ( 1.000000000000000000, -6.162975822039154730E-33, -2.465190328815661345E-32 ) ) ;
#5179 = ORIENTED_EDGE ( 'NONE', *, *, #5653, .T. ) ;
#5180 = CARTESIAN_POINT ( 'NONE',  ( 26.44510250461389589, 9.352624527801014054, -3.721429887773975764 ) ) ;
#5181 = DIRECTION ( 'NONE',  ( -6.162975822039150624E-33, 1.000000000000000000, -2.220446049250313574E-16 ) ) ;
#5182 = CARTESIAN_POINT ( 'NONE',  ( -28.45825756949539453, 13.59999999999999787, -3.499999999999999556 ) ) ;
#5183 = ORIENTED_EDGE ( 'NONE', *, *, #4866, .F. ) ;
#5184 = FACE_OUTER_BOUND ( 'NONE', #9027, .T. ) ;
#5185 = CARTESIAN_POINT ( 'NONE',  ( 27.29526671505839985, 8.836299104498301915, -0.4435170253454228662 ) ) ;
#5186 = ORIENTED_EDGE ( 'NONE', *, *, #153, .F. ) ;
#5187 = CARTESIAN_POINT ( 'NONE',  ( 26.52358867953029531, 12.09205754721679860, -3.851763809020494200 ) ) ;
#5188 = CARTESIAN_POINT ( 'NONE',  ( 27.57533114830129506, 8.903206040093900597, -0.2558723502696733654 ) ) ;
#5189 = DIRECTION ( 'NONE',  ( 1.000000000000000000, 6.162975822039154730E-33, 2.465190328815661892E-32 ) ) ;
#5190 = CARTESIAN_POINT ( 'NONE',  ( 30.30000000000000071, 5.168169145387501828, -5.999999999999992006 ) ) ;
#5191 = EDGE_LOOP ( 'NONE', ( #8525, #6480, #5858, #8196, #2538, #3961, #7517, #1176, #1208, #2600, #3226, #7261, #6300 ) ) ;
#5192 = DIRECTION ( 'NONE',  ( -1.000000000000000000, -6.162975822039154730E-33, -2.465190328815661892E-32 ) ) ;
#5193 = DIRECTION ( 'NONE',  ( 2.465190328815661345E-32, -6.137086701989279675E-49, -1.000000000000000000 ) ) ;
#5194 = VERTEX_POINT ( 'NONE', #1671 ) ;
#5195 = ORIENTED_EDGE ( 'NONE', *, *, #3619, .T. ) ;
#5196 = EDGE_CURVE ( 'NONE', #5658, #4942, #5114, .T. ) ;
#5197 = CARTESIAN_POINT ( 'NONE',  ( 28.54999999999999361, 7.154386422154502156, 1.402972890722440802 ) ) ;
#5198 = CARTESIAN_POINT ( 'NONE',  ( 29.87500000000000000, 2.299999999998401545, 2.399999999999839595 ) ) ;
#5199 = CARTESIAN_POINT ( 'NONE',  ( 26.52882360903589642, 12.09690977721739813, -3.867310515503891821 ) ) ;
#5200 = EDGE_CURVE ( 'NONE', #2313, #4551, #7287, .T. ) ;
#5201 = ORIENTED_EDGE ( 'NONE', *, *, #8444, .F. ) ;
#5202 = ORIENTED_EDGE ( 'NONE', *, *, #6776, .F. ) ;
#5203 = DIRECTION ( 'NONE',  ( -2.465190328815661345E-32, -6.137086701989279675E-49, -1.000000000000000000 ) ) ;
#5204 = DIRECTION ( 'NONE',  ( -1.000000000000000000, -6.162975822039154730E-33, -2.465190328815661892E-32 ) ) ;
#5205 =( LENGTH_UNIT ( ) NAMED_UNIT ( * ) SI_UNIT ( .MILLI., .METRE. ) );
#5206 = VERTEX_POINT ( 'NONE', #2371 ) ;
#5207 = FACE_OUTER_BOUND ( 'NONE', #3716, .T. ) ;
#5208 = EDGE_LOOP ( 'NONE', ( #6538, #6547, #8691, #733 ) ) ;
#5209 = EDGE_CURVE ( 'NONE', #2563, #1798, #7967, .T. ) ;
#5210 = DIRECTION ( 'NONE',  ( -1.000000000000000000, -6.162975822039154730E-33, -2.465190328815661892E-32 ) ) ;
#5211 = CARTESIAN_POINT ( 'NONE',  ( 30.13332648821169357, 13.30756217274460163, -5.999999999999993783 ) ) ;
#5212 = EDGE_CURVE ( 'NONE', #6919, #1977, #240, .T. ) ;
#5213 = ADVANCED_FACE ( 'NONE', ( #386 ), #3894, .T. ) ;
#5214 = AXIS2_PLACEMENT_3D ( 'NONE', #4820, #7057, #3530 ) ;
#5215 = CIRCLE ( 'NONE', #8136, 0.4567242605855179605 ) ;
#5216 = FACE_OUTER_BOUND ( 'NONE', #6289, .T. ) ;
#5217 = EDGE_CURVE ( 'NONE', #3026, #1233, #1116, .T. ) ;
#5218 = ORIENTED_EDGE ( 'NONE', *, *, #1273, .F. ) ;
#5219 = CARTESIAN_POINT ( 'NONE',  ( -27.62499999999999645, 8.049116928532395765E-16, 1.089999999999650804 ) ) ;
#5220 = CARTESIAN_POINT ( 'NONE',  ( 30.30000000000000071, 8.337215522246200550, -0.6572203222464119143 ) ) ;
#5221 = CARTESIAN_POINT ( 'NONE',  ( -30.75000000000000000, 2.223807899774399299, -3.598432026509099213 ) ) ;
#5222 = FACE_OUTER_BOUND ( 'NONE', #3917, .T. ) ;
#5223 = CARTESIAN_POINT ( 'NONE',  ( 30.30000000000000071, 9.294435844492799248, 0.3000000000000103140 ) ) ;
#5224 = ORIENTED_EDGE ( 'NONE', *, *, #5337, .F. ) ;
#5225 = CARTESIAN_POINT ( 'NONE',  ( 26.58961325986859592, 8.853664842278600844, -0.3867188096479314829 ) ) ;
#5226 = DIRECTION ( 'NONE',  ( -1.000000000000000000, -6.162975822039154730E-33, -2.465190328815661892E-32 ) ) ;
#5227 = VECTOR ( 'NONE', #7561, 1000.000000000000000 ) ;
#5228 = LINE ( 'NONE', #3712, #5710 ) ;
#5229 = DIRECTION ( 'NONE',  ( 1.000000000000000000, 6.162975822039154730E-33, 2.465190328815661892E-32 ) ) ;
#5230 = AXIS2_PLACEMENT_3D ( 'NONE', #4905, #2882, #6380 ) ;
#5231 = FACE_OUTER_BOUND ( 'NONE', #5365, .T. ) ;
#5232 = ORIENTED_EDGE ( 'NONE', *, *, #2897, .T. ) ;
#5233 = LINE ( 'NONE', #1726, #5700 ) ;
#5234 = ORIENTED_EDGE ( 'NONE', *, *, #5985, .F. ) ;
#5235 = CARTESIAN_POINT ( 'NONE',  ( -30.75000000000000000, 0.5000000000000012212, -5.289204187421996828 ) ) ;
#5236 = CARTESIAN_POINT ( 'NONE',  ( 27.71350970116780132, 9.004153843638601273, -0.06180644872547276514 ) ) ;
#5237 = AXIS2_PLACEMENT_3D ( 'NONE', #8876, #2751, #4168 ) ;
#5238 = ORIENTED_EDGE ( 'NONE', *, *, #3513, .T. ) ;
#5239 = VECTOR ( 'NONE', #8952, 1000.000000000000114 ) ;
#5240 = CARTESIAN_POINT ( 'NONE',  ( 30.46999999999999886, -3.500000000000399680, 1.089999999999650360 ) ) ;
#5241 = CARTESIAN_POINT ( 'NONE',  ( -27.63000000000000256, -8.550409999999999400, 7.200002400000002467 ) ) ;
#5242 = ORIENTED_EDGE ( 'NONE', *, *, #1983, .F. ) ;
#5243 = CARTESIAN_POINT ( 'NONE',  ( 29.67999999999999972, 12.59999999999999964, -1.299999999999992051 ) ) ;
#5244 = DIRECTION ( 'NONE',  ( 3.285554987676965681E-14, 0.7071067811864790720, -0.7071067811866160735 ) ) ;
#5245 = SURFACE_STYLE_USAGE ( .BOTH. , #356 ) ;
#5246 = ORIENTED_EDGE ( 'NONE', *, *, #2227, .T. ) ;
#5247 = ORIENTED_EDGE ( 'NONE', *, *, #2799, .F. ) ;
#5248 = CARTESIAN_POINT ( 'NONE',  ( 25.75000000000115463, 11.50000000000000000, 1.299999999999280842 ) ) ;
#5249 = SURFACE_STYLE_USAGE ( .BOTH. , #2444 ) ;
#5250 = LINE ( 'NONE', #415, #1274 ) ;
#5251 = ORIENTED_EDGE ( 'NONE', *, *, #6051, .F. ) ;
#5252 = EDGE_CURVE ( 'NONE', #4812, #3669, #2513, .T. ) ;
#5253 = DIRECTION ( 'NONE',  ( 1.000000000000000000, -6.162975822039154730E-33, -2.465190328815661892E-32 ) ) ;
#5254 = ORIENTED_EDGE ( 'NONE', *, *, #3682, .T. ) ;
#5255 = CARTESIAN_POINT ( 'NONE',  ( 28.24999999999999645, 12.42666406871190077, -3.941421356237293505 ) ) ;
#5256 = CARTESIAN_POINT ( 'NONE',  ( 26.45000000000000284, 7.246469138743599103, -0.3861661007111913957 ) ) ;
#5257 = CARTESIAN_POINT ( 'NONE',  ( 26.70907689484981873, 8.821320343559849064, -0.4999999999999922284 ) ) ;
#5258 = CARTESIAN_POINT ( 'NONE',  ( -29.25000000000001066, 13.10000000000000142, -1.799999999999999600 ) ) ;
#5259 = AXIS2_PLACEMENT_3D ( 'NONE', #3400, #880, #6467 ) ;
#5260 =( BOUNDED_CURVE ( )  B_SPLINE_CURVE ( 3, ( #5630, #4898, #2004, #6198 ),
 .UNSPECIFIED., .F., .T. ) 
 B_SPLINE_CURVE_WITH_KNOTS ( ( 4, 4 ),
 ( 5.597332342560876306, 6.283185307179586232 ),
 .UNSPECIFIED. ) 
 CURVE ( )  GEOMETRIC_REPRESENTATION_ITEM ( )  RATIONAL_B_SPLINE_CURVE ( ( 1.000000000000000000, 0.9611831238882952988, 0.9611831238882952988, 1.000000000000000000 ) ) 
 REPRESENTATION_ITEM ( '' )  );
#5261 = EDGE_CURVE ( 'NONE', #6082, #3282, #6950, .T. ) ;
#5262 = ORIENTED_EDGE ( 'NONE', *, *, #4016, .T. ) ;
#5263 = CARTESIAN_POINT ( 'NONE',  ( -30.75000000000000000, 3.174991473819500420, -3.774095203657398034 ) ) ;
#5264 = CYLINDRICAL_SURFACE ( 'NONE', #5681, 0.4567242605855179605 ) ;
#5265 = VECTOR ( 'NONE', #8905, 1000.000000000000000 ) ;
#5266 = CARTESIAN_POINT ( 'NONE',  ( -28.42358653991500361, 12.39730188667010147, -3.965658508621499490 ) ) ;
#5267 = EDGE_CURVE ( 'NONE', #2007, #8948, #3202, .T. ) ;
#5268 = CIRCLE ( 'NONE', #3938, 1.500000000000000222 ) ;
#5269 = CARTESIAN_POINT ( 'NONE',  ( 27.80000000000000426, 18.79999999999789750, -5.999999999999995559 ) ) ;
#5270 = CARTESIAN_POINT ( 'NONE',  ( 30.05584807170069794, 8.894833018026199412, -0.2755237566648086611 ) ) ;
#5271 = VERTEX_POINT ( 'NONE', #5951 ) ;
#5272 = CARTESIAN_POINT ( 'NONE',  ( 26.99999999999999645, 8.821320343559701627, -0.4999999999999917843 ) ) ;
#5273 = DIRECTION ( 'NONE',  ( 2.826209094012968775E-32, 0.7071067811865481278, 0.7071067811865470176 ) ) ;
#5274 = CYLINDRICAL_SURFACE ( 'NONE', #5863, 0.1580968594334401511 ) ;
#5275 = EDGE_CURVE ( 'NONE', #4437, #8258, #990, .T. ) ;
#5276 = VECTOR ( 'NONE', #100, 1000.000000000000000 ) ;
#5277 = EDGE_CURVE ( 'NONE', #7990, #1822, #5860, .T. ) ;
#5278 = ORIENTED_EDGE ( 'NONE', *, *, #870, .T. ) ;
#5279 = CARTESIAN_POINT ( 'NONE',  ( -27.85644247607070412, 8.824422934783498818, -0.4875364722500396542 ) ) ;
#5280 = CARTESIAN_POINT ( 'NONE',  ( 25.74999999999999645, 12.66767569974110152, -5.999999999999993783 ) ) ;
#5281 = EDGE_CURVE ( 'NONE', #8501, #6358, #1016, .T. ) ;
#5282 = ORIENTED_EDGE ( 'NONE', *, *, #2799, .T. ) ;
#5283 = COLOUR_RGB ( '',0.9490196078431372140, 0.9490196078431372140, 1.000000000000000000 ) ;
#5284 = PLANE ( 'NONE',  #1238 ) ;
#5285 = ORIENTED_EDGE ( 'NONE', *, *, #1605, .F. ) ;
#5286 = PLANE ( 'NONE',  #1770 ) ;
#5287 = CARTESIAN_POINT ( 'NONE',  ( 29.50000000000000000, 0.3000000000000024869, 1.799999999999659428 ) ) ;
#5288 = CARTESIAN_POINT ( 'NONE',  ( 27.54564457824740131, 8.890951735269100098, -0.2850401646288889257 ) ) ;
#5289 = LINE ( 'NONE', #3266, #7544 ) ;
#5290 = VECTOR ( 'NONE', #6422, 1000.000000000000000 ) ;
#5291 = ORIENTED_EDGE ( 'NONE', *, *, #2262, .F. ) ;
#5292 = DIRECTION ( 'NONE',  ( 1.000000000000000000, 6.162975822039154730E-33, 2.465190328815661892E-32 ) ) ;
#5293 = CARTESIAN_POINT ( 'NONE',  ( -27.74810756291940095, 13.10000000000000142, -3.268085424949201290 ) ) ;
#5294 = ORIENTED_EDGE ( 'NONE', *, *, #8262, .T. ) ;
#5295 = AXIS2_PLACEMENT_3D ( 'NONE', #1512, #871, #6545 ) ;
#5296 = CARTESIAN_POINT ( 'NONE',  ( 29.79600850144760571, -3.500000000000399680, -5.999999999999990230 ) ) ;
#5297 = VECTOR ( 'NONE', #1666, 1000.000000000000000 ) ;
#5298 = LINE ( 'NONE', #3222, #8580 ) ;
#5299 = AXIS2_PLACEMENT_3D ( 'NONE', #3203, #437, #4727 ) ;
#5300 = CARTESIAN_POINT ( 'NONE',  ( 29.12499999999999645, 8.049116928532395765E-16, 0.1329537193263605199 ) ) ;
#5301 = PRODUCT_DEFINITION_SHAPE ( 'NONE', 'NONE',  #9069 ) ;
#5302 = PRODUCT_DEFINITION_FORMATION_WITH_SPECIFIED_SOURCE ( 'ANY', '', #1918, .NOT_KNOWN. ) ;
#5303 = ORIENTED_EDGE ( 'NONE', *, *, #4983, .T. ) ;
#5304 = EDGE_LOOP ( 'NONE', ( #8698, #5179, #5915, #667 ) ) ;
#5305 = DIRECTION ( 'NONE',  ( 0.2773500981130910259, -0.2486652951711379456, -0.9280315156577978453 ) ) ;
#5306 = CARTESIAN_POINT ( 'NONE',  ( -28.18559464947610493, 8.826808315001297700, -0.4783063892778178228 ) ) ;
#5307 = CARTESIAN_POINT ( 'NONE',  ( 30.46999999999999886, -1.973616114660898813, 1.298245903370923049 ) ) ;
#5308 = VERTEX_POINT ( 'NONE', #8645 ) ;
#5309 = CARTESIAN_POINT ( 'NONE',  ( 25.89999999999999147, 18.79999999999789750, -5.999999999999995559 ) ) ;
#5310 = ORIENTED_EDGE ( 'NONE', *, *, #3687, .F. ) ;
#5311 = CARTESIAN_POINT ( 'NONE',  ( 26.99999999999999645, 9.717157287525500564, 2.517157287525060294 ) ) ;
#5312 = CARTESIAN_POINT ( 'NONE',  ( -27.99999999999999645, 8.049116928532395765E-16, 1.299999999999652545 ) ) ;
#5313 = VECTOR ( 'NONE', #4230, 1000.000000000000114 ) ;
#5314 = CYLINDRICAL_SURFACE ( 'NONE', #4990, 0.4567242605854620052 ) ;
#5315 = ORIENTED_EDGE ( 'NONE', *, *, #3291, .T. ) ;
#5316 = DIRECTION ( 'NONE',  ( -8.377077475354036531E-17, 0.9396926207859076507, 0.3420201433256706558 ) ) ;
#5317 = LINE ( 'NONE', #8099, #1754 ) ;
#5318 = CARTESIAN_POINT ( 'NONE',  ( 26.34458001096530566, 7.903781086372598352, -0.5962189136269214762 ) ) ;
#5319 = FACE_OUTER_BOUND ( 'NONE', #8208, .T. ) ;
#5320 = PLANE ( 'NONE',  #1520 ) ;
#5321 = CARTESIAN_POINT ( 'NONE',  ( 30.13756282664370545, 8.936349306299302242, -0.1839662671397432891 ) ) ;
#5322 = VERTEX_POINT ( 'NONE', #1715 ) ;
#5323 = LINE ( 'NONE', #646, #5591 ) ;
#5324 = CARTESIAN_POINT ( 'NONE',  ( 28.82072123880163517, 7.339736242751196293, 2.094707838363108809 ) ) ;
#5325 = DIRECTION ( 'NONE',  ( -1.000000000000000000, -6.162975822039154730E-33, -2.465190328815661892E-32 ) ) ;
#5326 = MECHANICAL_DESIGN_GEOMETRIC_PRESENTATION_REPRESENTATION (  '', ( #1185 ), #1932 ) ;
#5327 = EDGE_CURVE ( 'NONE', #1527, #5987, #6291, .T. ) ;
#5328 = VERTEX_POINT ( 'NONE', #3849 ) ;
#5329 = CARTESIAN_POINT ( 'NONE',  ( -27.57742717112410347, 8.856045284099698378, -0.3794363394949273327 ) ) ;
#5330 = VERTEX_POINT ( 'NONE', #6651 ) ;
#5331 = EDGE_CURVE ( 'NONE', #8635, #9066, #5423, .T. ) ;
#5332 = EDGE_LOOP ( 'NONE', ( #595, #1598, #7804, #1168 ) ) ;
#5333 = CARTESIAN_POINT ( 'NONE',  ( 27.95000000000000284, 8.896334529556398252, 3.337980045494138626 ) ) ;
#5334 = EDGE_CURVE ( 'NONE', #4667, #7227, #8951, .T. ) ;
#5335 = DIRECTION ( 'NONE',  ( -2.102964564689860617E-32, -1.000000000000000000, 2.220446049250313574E-16 ) ) ;
#5336 = DIRECTION ( 'NONE',  ( 1.000000000000000000, -6.162975822039154730E-33, -2.465190328815661892E-32 ) ) ;
#5337 = EDGE_CURVE ( 'NONE', #7330, #1650, #1248, .T. ) ;
#5338 = ADVANCED_FACE ( 'NONE', ( #1991 ), #6787, .T. ) ;
#5339 = VERTEX_POINT ( 'NONE', #7584 ) ;
#5340 = EDGE_CURVE ( 'NONE', #5932, #7532, #4154, .T. ) ;
#5341 = DIRECTION ( 'NONE',  ( -1.000000000000000000, -6.162975822039154730E-33, -2.465190328815661892E-32 ) ) ;
#5342 = DIRECTION ( 'NONE',  ( 2.465190328815661345E-32, -6.137086701989279675E-49, -1.000000000000000000 ) ) ;
#5343 = FACE_OUTER_BOUND ( 'NONE', #37, .T. ) ;
#5344 = CARTESIAN_POINT ( 'NONE',  ( 27.37499999999999645, 8.049116928532395765E-16, -3.910000000000392273 ) ) ;
#5345 = ORIENTED_EDGE ( 'NONE', *, *, #6373, .T. ) ;
#5346 = DIRECTION ( 'NONE',  ( -2.465190328815661345E-32, 6.137086701989279675E-49, 1.000000000000000000 ) ) ;
#5347 = DIRECTION ( 'NONE',  ( 6.162975822039150624E-33, 1.000000000000000000, -2.220446049250313574E-16 ) ) ;
#5348 = DIRECTION ( 'NONE',  ( -1.000000000000000000, -6.162975822039154730E-33, -1.224646799147350249E-16 ) ) ;
#5349 = EDGE_LOOP ( 'NONE', ( #3869, #499, #3866, #824 ) ) ;
#5350 = EDGE_LOOP ( 'NONE', ( #3220, #6723, #1774, #6298, #2194, #6201, #6933 ) ) ;
#5351 = LINE ( 'NONE', #6073, #8197 ) ;
#5352 = CARTESIAN_POINT ( 'NONE',  ( -28.46968960869529397, 8.866953778768900563, -0.3477592312578995370 ) ) ;
#5353 = DIRECTION ( 'NONE',  ( 1.000000000000000000, 6.162975822039154730E-33, -3.697785493223492838E-31 ) ) ;
#5354 = ORIENTED_EDGE ( 'NONE', *, *, #1201, .F. ) ;
#5355 = ORIENTED_EDGE ( 'NONE', *, *, #3413, .T. ) ;
#5356 = CARTESIAN_POINT ( 'NONE',  ( 25.74999999999999645, 13.10000000000000142, -3.268085424949194184 ) ) ;
#5357 = CONTEXT_DEPENDENT_SHAPE_REPRESENTATION ( #6910, #5301 ) ;
#5358 = ORIENTED_EDGE ( 'NONE', *, *, #8159, .T. ) ;
#5359 = CARTESIAN_POINT ( 'NONE',  ( 27.29600850144760216, -3.500000000000399680, 3.599999999999312195 ) ) ;
#5360 = CARTESIAN_POINT ( 'NONE',  ( 26.05000000000000426, 8.699502414407600526, -0.1421431015306718337 ) ) ;
#5361 = PLANE ( 'NONE',  #3494 ) ;
#5362 = CARTESIAN_POINT ( 'NONE',  ( -30.75000000000000000, 2.223807899774399299, -3.598432026509099213 ) ) ;
#5363 = FACE_OUTER_BOUND ( 'NONE', #5350, .T. ) ;
#5364 = ORIENTED_EDGE ( 'NONE', *, *, #8274, .T. ) ;
#5365 = EDGE_LOOP ( 'NONE', ( #3311, #714, #1061, #140 ) ) ;
#5366 = DIRECTION ( 'NONE',  ( 2.465190328815661892E-32, -6.137086701989279675E-49, -1.000000000000000000 ) ) ;
#5367 = CARTESIAN_POINT ( 'NONE',  ( 25.74999999999999645, 10.36808542494920005, -5.999999999999993783 ) ) ;
#5368 = ORIENTED_EDGE ( 'NONE', *, *, #6993, .F. ) ;
#5369 = CARTESIAN_POINT ( 'NONE',  ( -27.75891704890760892, 8.830888375319499772, -0.4629458469278067145 ) ) ;
#5370 = CARTESIAN_POINT ( 'NONE',  ( 26.88999999999999702, 13.10000000000000142, -7.200002399999990921 ) ) ;
#5371 = VERTEX_POINT ( 'NONE', #2726 ) ;
#5372 = AXIS2_PLACEMENT_3D ( 'NONE', #7837, #5137, #5730 ) ;
#5373 = CARTESIAN_POINT ( 'NONE',  ( 25.74999999999999645, 12.09205754721679860, -3.851763809020494200 ) ) ;
#5374 = ORIENTED_EDGE ( 'NONE', *, *, #6558, .T. ) ;
#5375 = EDGE_CURVE ( 'NONE', #3541, #1336, #6431, .T. ) ;
#5376 = CARTESIAN_POINT ( 'NONE',  ( 26.33374433176299689, 12.59999999999999964, -1.299999999999992051 ) ) ;
#5377 = CARTESIAN_POINT ( 'NONE',  ( -30.75000000000000000, 0.7107958125781029812, -5.499999999999998224 ) ) ;
#5378 = CARTESIAN_POINT ( 'NONE',  ( -28.49534268432020312, 12.59999999999999964, -3.768085424949201734 ) ) ;
#5379 = CIRCLE ( 'NONE', #5517, 1.730940107676021578 ) ;
#5380 = EDGE_CURVE ( 'NONE', #2082, #3408, #1857, .T. ) ;
#5381 = VERTEX_POINT ( 'NONE', #647 ) ;
#5382 = DIRECTION ( 'NONE',  ( -3.335559729097691015E-32, 1.000000000000000000, -3.943844354434941479E-48 ) ) ;
#5383 = ORIENTED_EDGE ( 'NONE', *, *, #6036, .T. ) ;
#5384 = EDGE_CURVE ( 'NONE', #7982, #8460, #6272, .T. ) ;
#5385 =( BOUNDED_CURVE ( )  B_SPLINE_CURVE ( 3, ( #5986, #3887, #5944, #1663 ),
 .UNSPECIFIED., .F., .T. ) 
 B_SPLINE_CURVE_WITH_KNOTS ( ( 4, 4 ),
 ( 4.934203450881470054, 5.024941682214945970 ),
 .UNSPECIFIED. ) 
 CURVE ( )  GEOMETRIC_REPRESENTATION_ITEM ( )  RATIONAL_B_SPLINE_CURVE ( ( 1.000000000000000000, 0.9993139987962458282, 0.9993139987962458282, 1.000000000000000000 ) ) 
 REPRESENTATION_ITEM ( '' )  );
#5386 = VECTOR ( 'NONE', #2096, 1000.000000000000000 ) ;
#5387 = SURFACE_STYLE_FILL_AREA ( #4005 ) ;
#5388 = CARTESIAN_POINT ( 'NONE',  ( -30.75000000000000000, 2.776945663413300291, -4.323565720717696514 ) ) ;
#5389 = CARTESIAN_POINT ( 'NONE',  ( 26.99999999999999645, 6.890273209732502124, 0.4172889630133774230 ) ) ;
#5390 = CARTESIAN_POINT ( 'NONE',  ( 26.55484522440070094, 12.13107794979079834, -3.927848713407292802 ) ) ;
#5391 = EDGE_CURVE ( 'NONE', #2128, #1541, #6190, .T. ) ;
#5392 = VECTOR ( 'NONE', #5830, 1000.000000000000000 ) ;
#5393 = EDGE_LOOP ( 'NONE', ( #7930, #6365 ) ) ;
#5394 = VERTEX_POINT ( 'NONE', #477 ) ;
#5395 = CARTESIAN_POINT ( 'NONE',  ( 28.78999999999999559, 13.10000000000000142, -1.799999999999992495 ) ) ;
#5396 = CARTESIAN_POINT ( 'NONE',  ( -28.49231021794630792, 8.873144392711299844, -0.3307384549108682292 ) ) ;
#5397 = DIRECTION ( 'NONE',  ( -4.188538737684504432E-17, 0.9396926207856849400, 0.3420201433262827218 ) ) ;
#5398 = ORIENTED_EDGE ( 'NONE', *, *, #7342, .T. ) ;
#5399 = EDGE_CURVE ( 'NONE', #8890, #2173, #567, .T. ) ;
#5400 = EDGE_LOOP ( 'NONE', ( #4671, #8902, #974, #3722, #2691, #2078, #4535, #4957, #7410, #34, #1395, #8055, #5383, #4267, #6870, #8205, #3399, #6191, #3297, #6806 ) ) ;
#5401 = VERTEX_POINT ( 'NONE', #9033 ) ;
#5402 = DIRECTION ( 'NONE',  ( 0.000000000000000000, 0.000000000000000000, 1.000000000000000000 ) ) ;
#5403 = CARTESIAN_POINT ( 'NONE',  ( 26.59999999999969233, 12.28524271247460220, -3.999999999999993339 ) ) ;
#5404 = CARTESIAN_POINT ( 'NONE',  ( 29.50000000000000000, 8.656497115745700910, 3.577817459304881265 ) ) ;
#5405 = LINE ( 'NONE', #1200, #2710 ) ;
#5406 = CIRCLE ( 'NONE', #8029, 1.730940107676021578 ) ;
#5407 = ORIENTED_EDGE ( 'NONE', *, *, #3524, .F. ) ;
#5408 = ORIENTED_EDGE ( 'NONE', *, *, #1157, .T. ) ;
#5409 = CARTESIAN_POINT ( 'NONE',  ( -26.74999999999885247, 10.67656721185513824, -0.4916019335323481565 ) ) ;
#5410 = CARTESIAN_POINT ( 'NONE',  ( 26.26512006566569823, 9.032920430458100114, -0.01639595546976992113 ) ) ;
#5411 = FACE_OUTER_BOUND ( 'NONE', #3036, .T. ) ;
#5412 = LINE ( 'NONE', #3342, #3674 ) ;
#5413 = B_SPLINE_CURVE_WITH_KNOTS ( 'NONE', 3,
 ( #7817, #5076, #1475, #5802, #7865, #1515, #4331, #7138, #3654, #6460, #157, #2965, #3706, #6504, #2457, #1710, #8847, #8806, #3151, #3842, #1759, #1110, #3932, #6040, #1156 ),
 .UNSPECIFIED., .F., .F.,
 ( 4, 3, 3, 3, 3, 3, 3, 3, 4 ),
 ( 0.000000000000000000, 0.02029243543155049775, 0.04059870490895559764, 0.06088840776782390718, 0.08121597412510390968, 0.1015095518334170194, 0.1218725907286780236, 0.1422643074875430125, 0.1625872650114430218 ),
 .UNSPECIFIED. ) ;
#5414 = COLOUR_RGB ( '',0.9490196078431372140, 0.9490196078431372140, 1.000000000000000000 ) ;
#5415 = CIRCLE ( 'NONE', #1733, 0.2107958125779993974 ) ;
#5416 = VERTEX_POINT ( 'NONE', #519 ) ;
#5417 = CARTESIAN_POINT ( 'NONE',  ( -27.97111658517069444, 8.821416308584499433, -0.4996088759915782163 ) ) ;
#5418 = CARTESIAN_POINT ( 'NONE',  ( -27.99999999999999645, -0.4999999999999996669, 0.7999999999996625366 ) ) ;
#5419 = ORIENTED_EDGE ( 'NONE', *, *, #845, .F. ) ;
#5420 = DIRECTION ( 'NONE',  ( -5.801957056841932144E-32, 0.7071067811866160735, 0.7071067811864790720 ) ) ;
#5421 = ORIENTED_EDGE ( 'NONE', *, *, #3136, .T. ) ;
#5422 =( NAMED_UNIT ( * ) SI_UNIT ( $, .STERADIAN. ) SOLID_ANGLE_UNIT ( ) );
#5423 = CIRCLE ( 'NONE', #6863, 1.500000000000000666 ) ;
#5424 = CARTESIAN_POINT ( 'NONE',  ( 26.62499999999999645, -0.8445942863764986930, -3.910000000000392273 ) ) ;
#5425 = AXIS2_PLACEMENT_3D ( 'NONE', #4043, #6841, #6108 ) ;
#5426 = MECHANICAL_DESIGN_GEOMETRIC_PRESENTATION_REPRESENTATION (  '', ( #7469 ), #3802 ) ;
#5427 = VERTEX_POINT ( 'NONE', #8272 ) ;
#5428 = LINE ( 'NONE', #624, #8904 ) ;
#5429 = CARTESIAN_POINT ( 'NONE',  ( 29.05364953375630321, 8.861320472512499435, -0.3639060635991734349 ) ) ;
#5430 = ORIENTED_EDGE ( 'NONE', *, *, #1153, .F. ) ;
#5431 = CARTESIAN_POINT ( 'NONE',  ( 29.50000000000000000, 8.049116928532395765E-16, 1.299999999999652101 ) ) ;
#5432 = DIRECTION ( 'NONE',  ( -1.000000000000000000, -6.162975822039154730E-33, -2.465190328815661892E-32 ) ) ;
#5433 = VECTOR ( 'NONE', #3731, 1000.000000000000000 ) ;
#5434 = LINE ( 'NONE', #8212, #218 ) ;
#5435 = ADVANCED_FACE ( 'NONE', ( #5411 ), #4674, .T. ) ;
#5436 = VECTOR ( 'NONE', #3018, 1000.000000000000227 ) ;
#5437 = PRODUCT_DEFINITION_CONTEXT ( 'detailed design', #1087, 'design' ) ;
#5438 = CARTESIAN_POINT ( 'NONE',  ( 27.01443698531569382, 8.821320343559701627, -0.4999999999999917843 ) ) ;
#5439 = EDGE_CURVE ( 'NONE', #1763, #1927, #8991, .T. ) ;
#5440 = ORIENTED_EDGE ( 'NONE', *, *, #4778, .T. ) ;
#5441 = VECTOR ( 'NONE', #2387, 1000.000000000000000 ) ;
#5442 = ORIENTED_EDGE ( 'NONE', *, *, #3078, .F. ) ;
#5443 = DIRECTION ( 'NONE',  ( 0.000000000000000000, -0.3792829471100741534, -0.9252807390362649542 ) ) ;
#5444 = CARTESIAN_POINT ( 'NONE',  ( -28.28190571124340735, 8.834786822486099922, -0.4488229693546275656 ) ) ;
#5445 = AXIS2_PLACEMENT_3D ( 'NONE', #700, #22, #1628 ) ;
#5446 = LINE ( 'NONE', #1231, #1178 ) ;
#5447 = AXIS2_PLACEMENT_3D ( 'NONE', #4416, #2150, #8523 ) ;
#5448 = EDGE_CURVE ( 'NONE', #7297, #2448, #611, .T. ) ;
#5449 = ORIENTED_EDGE ( 'NONE', *, *, #2622, .F. ) ;
#5450 = DIRECTION ( 'NONE',  ( 1.232595164407830946E-32, -0.9659258262890682012, 0.2588190451025211281 ) ) ;
#5451 = ADVANCED_FACE ( 'NONE', ( #3990 ), #4685, .F. ) ;
#5452 =( GEOMETRIC_REPRESENTATION_CONTEXT ( 3 ) GLOBAL_UNCERTAINTY_ASSIGNED_CONTEXT ( ( #4060 ) ) GLOBAL_UNIT_ASSIGNED_CONTEXT ( ( #8713, #2452, #7908 ) ) REPRESENTATION_CONTEXT ( 'NONE', 'WORKASPACE' ) );
#5453 = AXIS2_PLACEMENT_3D ( 'NONE', #728, #2720, #5533 ) ;
#5454 = EDGE_CURVE ( 'NONE', #7239, #1458, #2035, .T. ) ;
#5455 = ORIENTED_EDGE ( 'NONE', *, *, #8990, .T. ) ;
#5456 = CARTESIAN_POINT ( 'NONE',  ( -30.75000000000000000, 1.272624325729198036, -3.786746853471398389 ) ) ;
#5457 = DIRECTION ( 'NONE',  ( -1.000000000000000000, -6.162975822039154730E-33, -2.465190328815661892E-32 ) ) ;
#5458 = FACE_OUTER_BOUND ( 'NONE', #8194, .T. ) ;
#5459 = CARTESIAN_POINT ( 'NONE',  ( 28.74320775699650099, 8.049116928532395765E-16, 0.7082077569961625629 ) ) ;
#5460 = CARTESIAN_POINT ( 'NONE',  ( -29.25000000000001066, 8.418613096565399800, -6.000000000000000000 ) ) ;
#5461 = VECTOR ( 'NONE', #5044, 1000.000000000000114 ) ;
#5462 = ORIENTED_EDGE ( 'NONE', *, *, #2898, .F. ) ;
#5463 = ORIENTED_EDGE ( 'NONE', *, *, #6339, .F. ) ;
#5464 = FACE_OUTER_BOUND ( 'NONE', #2216, .T. ) ;
#5465 = CARTESIAN_POINT ( 'NONE',  ( -29.25000000000001066, 11.50000000000000000, -6.000000000000000888 ) ) ;
#5466 = VECTOR ( 'NONE', #7564, 1000.000000000000000 ) ;
#5467 = VERTEX_POINT ( 'NONE', #1905 ) ;
#5468 = LINE ( 'NONE', #8241, #8568 ) ;
#5469 = DIRECTION ( 'NONE',  ( 1.000000000000000000, 6.162975822039154730E-33, 2.465190328815661892E-32 ) ) ;
#5470 = ORIENTED_EDGE ( 'NONE', *, *, #8370, .F. ) ;
#5471 = CARTESIAN_POINT ( 'NONE',  ( -30.75000000000000000, 0.9831053856220991483, -4.323565720717695626 ) ) ;
#5472 = AXIS2_PLACEMENT_3D ( 'NONE', #6498, #1469, #1428 ) ;
#5473 = CARTESIAN_POINT ( 'NONE',  ( -25.31999999999999673, 11.50000000000000000, 0.3318308546125126601 ) ) ;
#5474 = CARTESIAN_POINT ( 'NONE',  ( -28.37499999999999645, -0.4999999999999996669, -0.9999999999999900080 ) ) ;
#5475 = EDGE_LOOP ( 'NONE', ( #8254, #4466, #1032, #1310, #564 ) ) ;
#5476 = DIRECTION ( 'NONE',  ( 1.224646799147350249E-16, 1.410381911693479320E-49, -1.000000000000000000 ) ) ;
#5477 = LINE ( 'NONE', #7519, #5227 ) ;
#5478 = VERTEX_POINT ( 'NONE', #7508 ) ;
#5479 = CARTESIAN_POINT ( 'NONE',  ( -30.75000000000000000, 3.289204187422301029, -2.710795812577996511 ) ) ;
#5480 = LINE ( 'NONE', #7486, #7005 ) ;
#5481 = CARTESIAN_POINT ( 'NONE',  ( 29.68559464947580295, 8.826808315001297700, -0.4783063892778802728 ) ) ;
#5482 = DIRECTION ( 'NONE',  ( 0.000000000000000000, 0.000000000000000000, 1.000000000000000000 ) ) ;
#5483 = VERTEX_POINT ( 'NONE', #8238 ) ;
#5484 = ORIENTED_EDGE ( 'NONE', *, *, #3081, .T. ) ;
#5485 = CARTESIAN_POINT ( 'NONE',  ( 30.29999999999999361, 11.05175435324722599, -0.1164147921402651220 ) ) ;
#5486 = CARTESIAN_POINT ( 'NONE',  ( -28.22730479277520033, 8.829752859918102104, -0.4671634206133684075 ) ) ;
#5487 = EDGE_CURVE ( 'NONE', #459, #1802, #1205, .T. ) ;
#5488 = EDGE_LOOP ( 'NONE', ( #6406, #5979, #7179 ) ) ;
#5489 = FACE_OUTER_BOUND ( 'NONE', #1554, .T. ) ;
#5490 = CARTESIAN_POINT ( 'NONE',  ( 27.29598874808715792, 13.07428304602969682, -3.293802378919600926 ) ) ;
#5491 = EDGE_CURVE ( 'NONE', #4792, #8062, #2644, .T. ) ;
#5492 = CARTESIAN_POINT ( 'NONE',  ( 27.49999999999999645, 9.689337846835098134, -2.899999999999991029 ) ) ;
#5493 = ORIENTED_EDGE ( 'NONE', *, *, #1522, .T. ) ;
#5494 = DIRECTION ( 'NONE',  ( -1.000000000000000000, 6.162975822039154730E-33, -3.697785493223492838E-31 ) ) ;
#5495 = CARTESIAN_POINT ( 'NONE',  ( 27.49999999999999645, 8.049116928532395765E-16, -2.899999999999989253 ) ) ;
#5496 = PLANE ( 'NONE',  #3942 ) ;
#5497 = EDGE_CURVE ( 'NONE', #5718, #2448, #6861, .T. ) ;
#5498 = CARTESIAN_POINT ( 'NONE',  ( -30.75000000000000000, 2.223807899774399299, -3.774095203657398034 ) ) ;
#5499 = ORIENTED_EDGE ( 'NONE', *, *, #7545, .T. ) ;
#5500 = ORIENTED_EDGE ( 'NONE', *, *, #6443, .T. ) ;
#5501 = EDGE_CURVE ( 'NONE', #6260, #5696, #185, .T. ) ;
#5502 = ADVANCED_FACE ( 'NONE', ( #3647 ), #6499, .F. ) ;
#5503 = DIRECTION ( 'NONE',  ( -5.801957056841932144E-32, 0.7071067811866160735, 0.7071067811864790720 ) ) ;
#5504 = EDGE_CURVE ( 'NONE', #4732, #1453, #4954, .T. ) ;
#5505 = ORIENTED_EDGE ( 'NONE', *, *, #243, .F. ) ;
#5506 = CARTESIAN_POINT ( 'NONE',  ( 27.80000000000000426, 8.337215522246200550, -0.6572203222464119143 ) ) ;
#5507 = LINE ( 'NONE', #2556, #657 ) ;
#5508 = ORIENTED_EDGE ( 'NONE', *, *, #4083, .T. ) ;
#5509 = EDGE_CURVE ( 'NONE', #6906, #2124, #4980, .T. ) ;
#5510 = CARTESIAN_POINT ( 'NONE',  ( -30.75000000000000000, 2.223807899774399299, -4.283518417387396582 ) ) ;
#5511 = VECTOR ( 'NONE', #2589, 1000.000000000000000 ) ;
#5512 = ORIENTED_EDGE ( 'NONE', *, *, #6624, .T. ) ;
#5513 = DIRECTION ( 'NONE',  ( 0.000000000000000000, 2.220446049250313574E-16, 1.000000000000000000 ) ) ;
#5514 = CARTESIAN_POINT ( 'NONE',  ( 29.15215850329240510, 8.843018263682198565, -0.4205632591582995072 ) ) ;
#5515 = ORIENTED_EDGE ( 'NONE', *, *, #7936, .T. ) ;
#5516 = FACE_OUTER_BOUND ( 'NONE', #8018, .T. ) ;
#5517 = AXIS2_PLACEMENT_3D ( 'NONE', #1916, #1960, #7591 ) ;
#5518 = CARTESIAN_POINT ( 'NONE',  ( -30.75000000000000000, 2.223807899774399299, -4.283518417387396582 ) ) ;
#5519 = ORIENTED_EDGE ( 'NONE', *, *, #4714, .F. ) ;
#5520 = FACE_OUTER_BOUND ( 'NONE', #8341, .T. ) ;
#5521 = EDGE_LOOP ( 'NONE', ( #5195, #1313, #996, #7022 ) ) ;
#5522 = CARTESIAN_POINT ( 'NONE',  ( 30.75000000000000000, 8.049116928532395765E-16, 6.000000000000012434 ) ) ;
#5523 = VECTOR ( 'NONE', #6368, 1000.000000000000000 ) ;
#5524 =( NAMED_UNIT ( * ) SI_UNIT ( $, .STERADIAN. ) SOLID_ANGLE_UNIT ( ) );
#5525 = VECTOR ( 'NONE', #6429, 1000.000000000000000 ) ;
#5526 = VERTEX_POINT ( 'NONE', #1511 ) ;
#5527 = CARTESIAN_POINT ( 'NONE',  ( 27.17999999999999616, 10.34519578245819993, -1.299999999999990496 ) ) ;
#5528 = CARTESIAN_POINT ( 'NONE',  ( -27.62499999999999645, 8.049116928532395765E-16, 1.370452515831712237 ) ) ;
#5529 = VECTOR ( 'NONE', #4609, 1000.000000000000000 ) ;
#5530 = EDGE_CURVE ( 'NONE', #2119, #7472, #4324, .T. ) ;
#5531 = ORIENTED_EDGE ( 'NONE', *, *, #151, .T. ) ;
#5532 = FACE_OUTER_BOUND ( 'NONE', #1897, .T. ) ;
#5533 = DIRECTION ( 'NONE',  ( 1.224646799147350249E-16, 1.410381911693479320E-49, -1.000000000000000000 ) ) ;
#5534 = DIRECTION ( 'NONE',  ( -5.801957056841932144E-32, 0.7071067811866160735, 0.7071067811864790720 ) ) ;
#5535 = DIRECTION ( 'NONE',  ( 0.000000000000000000, 0.000000000000000000, -1.000000000000000000 ) ) ;
#5536 = VECTOR ( 'NONE', #4157, 1000.000000000000114 ) ;
#5537 = ORIENTED_EDGE ( 'NONE', *, *, #3914, .F. ) ;
#5538 = CARTESIAN_POINT ( 'NONE',  ( 26.28649029883169064, 9.004153843639100430, -0.06180644872461234229 ) ) ;
#5539 = CARTESIAN_POINT ( 'NONE',  ( 25.74999999999999645, 12.09205754721679860, -3.851763809020494200 ) ) ;
#5540 = EDGE_CURVE ( 'NONE', #3432, #6412, #6454, .T. ) ;
#5541 = ADVANCED_FACE ( 'NONE', ( #2166 ), #1470, .F. ) ;
#5542 = CARTESIAN_POINT ( 'NONE',  ( 26.99999999999999645, 6.379337428220302364, 1.300657771779909266 ) ) ;
#5543 = LINE ( 'NONE', #526, #5079 ) ;
#5544 = ORIENTED_EDGE ( 'NONE', *, *, #201, .F. ) ;
#5545 = DIRECTION ( 'NONE',  ( 1.000000000000000000, 6.162975822039154730E-33, 2.465190328815661345E-32 ) ) ;
#5546 = EDGE_CURVE ( 'NONE', #4970, #6089, #2959, .T. ) ;
#5547 = SURFACE_STYLE_USAGE ( .BOTH. , #1920 ) ;
#5548 = DIRECTION ( 'NONE',  ( -3.479079229312973646E-14, 0.7071067811864790720, -0.7071067811866160735 ) ) ;
#5549 = VECTOR ( 'NONE', #8589, 1000.000000000000000 ) ;
#5550 =( BOUNDED_CURVE ( )  B_SPLINE_CURVE ( 3, ( #3073, #5958, #252, #1727 ),
 .UNSPECIFIED., .F., .T. ) 
 B_SPLINE_CURVE_WITH_KNOTS ( ( 4, 4 ),
 ( 4.026536015765946885, 4.138558821578612879 ),
 .UNSPECIFIED. ) 
 CURVE ( )  GEOMETRIC_REPRESENTATION_ITEM ( )  RATIONAL_B_SPLINE_CURVE ( ( 1.000000000000000000, 0.9989545142892476415, 0.9989545142892476415, 1.000000000000000000 ) ) 
 REPRESENTATION_ITEM ( '' )  );
#5551 = ADVANCED_FACE ( 'NONE', ( #7085 ), #7774, .T. ) ;
#5552 = VECTOR ( 'NONE', #5039, 1000.000000000000000 ) ;
#5553 = EDGE_CURVE ( 'NONE', #2033, #8890, #4138, .T. ) ;
#5554 = DIRECTION ( 'NONE',  ( -5.801957056841933239E-32, 0.7071067811866160735, 0.7071067811864790720 ) ) ;
#5555 = DIRECTION ( 'NONE',  ( -1.000000000000000000, -6.162975822039154730E-33, -2.465190328815661345E-32 ) ) ;
#5556 = ORIENTED_EDGE ( 'NONE', *, *, #5281, .F. ) ;
#5557 = CARTESIAN_POINT ( 'NONE',  ( -30.75000000000000000, 8.049116928532391821E-16, -5.999999999999998224 ) ) ;
#5558 = CARTESIAN_POINT ( 'NONE',  ( 29.28656733856630012, 8.828732845407399665, -0.4710035661612214097 ) ) ;
#5559 = EDGE_LOOP ( 'NONE', ( #2366, #510, #6077, #4421 ) ) ;
#5560 = VECTOR ( 'NONE', #3218, 1000.000000000000000 ) ;
#5561 = DIRECTION ( 'NONE',  ( 7.321236402449588710E-32, 0.9396926207859098712, 0.3420201433256647716 ) ) ;
#5562 = AXIS2_PLACEMENT_3D ( 'NONE', #5312, #1804, #4801 ) ;
#5563 = ORIENTED_EDGE ( 'NONE', *, *, #4760, .F. ) ;
#5564 = ORIENTED_EDGE ( 'NONE', *, *, #5340, .T. ) ;
#5565 = LINE ( 'NONE', #2066, #2795 ) ;
#5566 = VECTOR ( 'NONE', #1697, 1000.000000000000000 ) ;
#5567 = ORIENTED_EDGE ( 'NONE', *, *, #1648, .T. ) ;
#5568 = LINE ( 'NONE', #8223, #4509 ) ;
#5569 = DIRECTION ( 'NONE',  ( 3.157997194805338088E-31, 0.3792829471100740424, 0.9252807390362650652 ) ) ;
#5570 = VECTOR ( 'NONE', #4867, 1000.000000000000000 ) ;
#5571 = ORIENTED_EDGE ( 'NONE', *, *, #5653, .F. ) ;
#5572 = CARTESIAN_POINT ( 'NONE',  ( 27.34982367735788245, 7.400624110387729715, 2.321944453947179632 ) ) ;
#5573 = DIRECTION ( 'NONE',  ( -3.335559729097691015E-32, 1.000000000000000000, -3.943844354434941479E-48 ) ) ;
#5574 = ORIENTED_EDGE ( 'NONE', *, *, #6500, .T. ) ;
#5575 = CARTESIAN_POINT ( 'NONE',  ( 26.66999999999999815, -3.500000000000399680, -3.831008501447890513 ) ) ;
#5576 = EDGE_LOOP ( 'NONE', ( #4798, #7632, #4445, #2756 ) ) ;
#5577 = VECTOR ( 'NONE', #8938, 999.9999999999998863 ) ;
#5578 = CARTESIAN_POINT ( 'NONE',  ( 26.62499999999999645, 8.049116928532395765E-16, -3.910000000000392273 ) ) ;
#5579 = AXIS2_PLACEMENT_3D ( 'NONE', #8897, #2636, #1241 ) ;
#5580 =( GEOMETRIC_REPRESENTATION_CONTEXT ( 3 ) GLOBAL_UNCERTAINTY_ASSIGNED_CONTEXT ( ( #6179 ) ) GLOBAL_UNIT_ASSIGNED_CONTEXT ( ( #8842, #7530, #2498 ) ) REPRESENTATION_CONTEXT ( 'NONE', 'WORKASPACE' ) );
#5581 = ORIENTED_EDGE ( 'NONE', *, *, #5705, .T. ) ;
#5582 = FACE_OUTER_BOUND ( 'NONE', #6389, .T. ) ;
#5583 = AXIS2_PLACEMENT_3D ( 'NONE', #7729, #7089, #2822 ) ;
#5584 = FACE_OUTER_BOUND ( 'NONE', #6054, .T. ) ;
#5585 = EDGE_CURVE ( 'NONE', #7018, #2111, #2912, .T. ) ;
#5586 = CARTESIAN_POINT ( 'NONE',  ( -27.20000000000000284, 11.50000000000000000, 0.3318308546125126601 ) ) ;
#5587 = ORIENTED_EDGE ( 'NONE', *, *, #3126, .T. ) ;
#5588 = DIRECTION ( 'NONE',  ( 2.465190328815661892E-32, -6.137086701989279675E-49, -1.000000000000000000 ) ) ;
#5589 = DIRECTION ( 'NONE',  ( -2.465190328815661345E-32, 6.137086701989279675E-49, 1.000000000000000000 ) ) ;
#5590 = ADVANCED_FACE ( 'NONE', ( #4375 ), #8533, .T. ) ;
#5591 = VECTOR ( 'NONE', #1247, 1000.000000000000000 ) ;
#5592 = LINE ( 'NONE', #4162, #7910 ) ;
#5593 = CARTESIAN_POINT ( 'NONE',  ( -28.17999999999999616, -1.699999999999999289, 1.198657782018810014 ) ) ;
#5594 = VERTEX_POINT ( 'NONE', #6363 ) ;
#5595 = DIRECTION ( 'NONE',  ( -1.000000000000000000, -6.162975822039154730E-33, -2.465190328815661892E-32 ) ) ;
#5596 = EDGE_CURVE ( 'NONE', #6590, #4661, #101, .T. ) ;
#5597 = CARTESIAN_POINT ( 'NONE',  ( 29.32843122685040171, 8.826012422144900782, -0.4813860480453510116 ) ) ;
#5598 = VECTOR ( 'NONE', #7821, 1000.000000000000000 ) ;
#5599 = ORIENTED_EDGE ( 'NONE', *, *, #5375, .F. ) ;
#5600 = CARTESIAN_POINT ( 'NONE',  ( 27.41828515572319702, -2.571216600396099672, -8.390002400000387439 ) ) ;
#5601 = EDGE_CURVE ( 'NONE', #6129, #1458, #410, .T. ) ;
#5602 = DIRECTION ( 'NONE',  ( 2.465190328815661345E-32, -6.137086701989279675E-49, -1.000000000000000000 ) ) ;
#5603 = AXIS2_PLACEMENT_3D ( 'NONE', #5027, #776, #7858 ) ;
#5604 = EDGE_CURVE ( 'NONE', #233, #838, #3698, .T. ) ;
#5605 = ORIENTED_EDGE ( 'NONE', *, *, #6731, .F. ) ;
#5606 = ORIENTED_EDGE ( 'NONE', *, *, #5875, .F. ) ;
#5607 = CARTESIAN_POINT ( 'NONE',  ( 30.75000000000000000, 8.049116928532395765E-16, -2.899999999999986144 ) ) ;
#5608 = CARTESIAN_POINT ( 'NONE',  ( 26.59855086917220390, 12.25688578964470210, -3.998060433056994434 ) ) ;
#5609 = ORIENTED_EDGE ( 'NONE', *, *, #7839, .F. ) ;
#5610 = CARTESIAN_POINT ( 'NONE',  ( 28.47500000000000142, 9.757417244889499131, 2.759740042635417723 ) ) ;
#5611 = CARTESIAN_POINT ( 'NONE',  ( -26.89999999999999503, 10.72111025509270377, 2.078889744906683656 ) ) ;
#5612 = DIRECTION ( 'NONE',  ( 1.000000000000000000, 6.162975822039154730E-33, 2.449293598294709866E-16 ) ) ;
#5613 = DIRECTION ( 'NONE',  ( -1.000000000000000000, -6.162975822039154730E-33, -2.465190328815661892E-32 ) ) ;
#5614 = ORIENTED_EDGE ( 'NONE', *, *, #7531, .T. ) ;
#5615 = DIRECTION ( 'NONE',  ( 1.000000000000000000, 6.162975822039154730E-33, 2.465190328815661892E-32 ) ) ;
#5616 = CARTESIAN_POINT ( 'NONE',  ( -30.75000000000000000, 0.5000000000000012212, -5.289204187421996828 ) ) ;
#5617 = DIRECTION ( 'NONE',  ( -8.659560562355747604E-17, -0.7071067811864790720, 0.7071067811866160735 ) ) ;
#5618 = VERTEX_POINT ( 'NONE', #684 ) ;
#5619 = PLANE ( 'NONE',  #7275 ) ;
#5620 = ORIENTED_EDGE ( 'NONE', *, *, #3028, .T. ) ;
#5621 = DIRECTION ( 'NONE',  ( 3.157997194805338088E-31, 0.3792829471100740424, 0.9252807390362650652 ) ) ;
#5622 = DIRECTION ( 'NONE',  ( 0.000000000000000000, -0.7071067811864789610, 0.7071067811866160735 ) ) ;
#5623 = ORIENTED_EDGE ( 'NONE', *, *, #3361, .T. ) ;
#5624 = CARTESIAN_POINT ( 'NONE',  ( 29.50000000000000000, 6.992820323027439500, 0.7999999999996511013 ) ) ;
#5625 = LINE ( 'NONE', #7588, #234 ) ;
#5626 = DIRECTION ( 'NONE',  ( 0.000000000000000000, -0.7071067811865475727, 0.7071067811865475727 ) ) ;
#5627 = ORIENTED_EDGE ( 'NONE', *, *, #6373, .F. ) ;
#5628 = DIRECTION ( 'NONE',  ( -1.000000000000000000, -6.162975822039154730E-33, -2.449293598294709866E-16 ) ) ;
#5629 = CARTESIAN_POINT ( 'NONE',  ( -25.31999999999999673, 9.689337846835098134, -2.899999999999994582 ) ) ;
#5630 = CARTESIAN_POINT ( 'NONE',  ( 30.45000000000000284, 7.225050937922400607, 1.666696453860487814 ) ) ;
#5631 = DIRECTION ( 'NONE',  ( -2.465190328815625765E-32, -2.887875195853460230E-14, 1.000000000000000000 ) ) ;
#5632 = CARTESIAN_POINT ( 'NONE',  ( -30.75000000000000000, 11.50000000000000000, 1.299999999999280842 ) ) ;
#5633 = ORIENTED_EDGE ( 'NONE', *, *, #2568, .F. ) ;
#5634 = ORIENTED_EDGE ( 'NONE', *, *, #3303, .F. ) ;
#5635 = FILL_AREA_STYLE_COLOUR ( '', #3794 ) ;
#5636 = LINE ( 'NONE', #2937, #1535 ) ;
#5637 = VECTOR ( 'NONE', #5336, 1000.000000000000000 ) ;
#5638 = EDGE_CURVE ( 'NONE', #5910, #2441, #833, .T. ) ;
#5639 = EDGE_LOOP ( 'NONE', ( #7892, #3976, #7680, #7559, #8729, #3782, #4394, #5345, #7765, #4167 ) ) ;
#5640 = ADVANCED_FACE ( 'NONE', ( #8401 ), #7412, .T. ) ;
#5641 = EDGE_LOOP ( 'NONE', ( #1076, #481, #253, #220 ) ) ;
#5642 = PLANE ( 'NONE',  #994 ) ;
#5643 = ORIENTED_EDGE ( 'NONE', *, *, #919, .F. ) ;
#5644 = CARTESIAN_POINT ( 'NONE',  ( 27.21343266143340500, 8.828732845407399665, -0.4710035661612907987 ) ) ;
#5645 = AXIS2_PLACEMENT_3D ( 'NONE', #3558, #7082, #6404 ) ;
#5646 = ORIENTED_EDGE ( 'NONE', *, *, #6259, .F. ) ;
#5647 = FACE_OUTER_BOUND ( 'NONE', #7952, .T. ) ;
#5648 = EDGE_CURVE ( 'NONE', #7483, #2871, #1705, .T. ) ;
#5649 = DIRECTION ( 'NONE',  ( 5.801957056841933239E-32, -0.7071067811866160735, -0.7071067811864790720 ) ) ;
#5650 = CARTESIAN_POINT ( 'NONE',  ( 26.50465731567980399, 12.59999999999999964, -3.768085424949194628 ) ) ;
#5651 = EDGE_CURVE ( 'NONE', #7278, #7982, #4434, .T. ) ;
#5652 = DIRECTION ( 'NONE',  ( 1.000000000000000000, 6.162975822039154730E-33, 2.465190328815661892E-32 ) ) ;
#5653 = EDGE_CURVE ( 'NONE', #3263, #1622, #7230, .T. ) ;
#5654 = ORIENTED_EDGE ( 'NONE', *, *, #3524, .T. ) ;
#5655 = SURFACE_STYLE_USAGE ( .BOTH. , #46 ) ;
#5656 = DIRECTION ( 'NONE',  ( 3.157997194805338088E-31, 0.3792829471100740424, 0.9252807390362650652 ) ) ;
#5657 = FACE_OUTER_BOUND ( 'NONE', #3885, .T. ) ;
#5658 = VERTEX_POINT ( 'NONE', #5258 ) ;
#5659 = DIRECTION ( 'NONE',  ( 2.465190328815661892E-32, -6.137086701989279675E-49, -1.000000000000000000 ) ) ;
#5660 = ORIENTED_EDGE ( 'NONE', *, *, #5701, .F. ) ;
#5661 = CARTESIAN_POINT ( 'NONE',  ( 25.75000000000115463, 8.049116928532394779E-16, 5.699801989220216747 ) ) ;
#5662 = CARTESIAN_POINT ( 'NONE',  ( 26.88999999999999702, 13.10000000000000142, -3.212250064070092836 ) ) ;
#5663 = DIRECTION ( 'NONE',  ( -0.1294283079955640403, -0.9831056027603600755, 0.1294283079955642346 ) ) ;
#5664 = VECTOR ( 'NONE', #3673, 1000.000000000000114 ) ;
#5665 = DIRECTION ( 'NONE',  ( -0.1294283079955640403, -0.9831056027603600755, 0.1294283079955642346 ) ) ;
#5666 = ORIENTED_EDGE ( 'NONE', *, *, #8977, .F. ) ;
#5667 = LINE ( 'NONE', #4988, #3350 ) ;
#5668 = LINE ( 'NONE', #2921, #2287 ) ;
#5669 = ORIENTED_EDGE ( 'NONE', *, *, #691, .T. ) ;
#5670 = CARTESIAN_POINT ( 'NONE',  ( -29.10000000000000142, 9.054972578080400680, 3.745027421919341126 ) ) ;
#5671 = DIRECTION ( 'NONE',  ( 0.000000000000000000, 0.000000000000000000, 1.000000000000000000 ) ) ;
#5672 = DIRECTION ( 'NONE',  ( -1.000000000000000000, -6.162975822039154730E-33, -2.465190328815661892E-32 ) ) ;
#5673 = LINE ( 'NONE', #2130, #5436 ) ;
#5674 = DIRECTION ( 'NONE',  ( 1.000000000000000000, 6.162975822039154730E-33, 2.449293598294709866E-16 ) ) ;
#5675 = VERTEX_POINT ( 'NONE', #280 ) ;
#5676 = CARTESIAN_POINT ( 'NONE',  ( 28.76512006566570179, 9.032920430458100114, -0.01639595546976992113 ) ) ;
#5677 = ORIENTED_EDGE ( 'NONE', *, *, #7546, .F. ) ;
#5678 = STYLED_ITEM ( 'NONE', ( #4748 ), #4931 ) ;
#5679 = DIRECTION ( 'NONE',  ( 0.9914448613738103822, -0.1305261922200520452, 2.428339552025065813E-16 ) ) ;
#5680 = FACE_OUTER_BOUND ( 'NONE', #5521, .T. ) ;
#5681 = AXIS2_PLACEMENT_3D ( 'NONE', #6647, #1809, #3890 ) ;
#5682 = AXIS2_PLACEMENT_3D ( 'NONE', #7331, #5366, #1765 ) ;
#5683 = ORIENTED_EDGE ( 'NONE', *, *, #6509, .F. ) ;
#5684 = VECTOR ( 'NONE', #3076, 1000.000000000000000 ) ;
#5685 = EDGE_LOOP ( 'NONE', ( #1552, #1508, #6350, #3657, #5285, #6929 ) ) ;
#5686 = CARTESIAN_POINT ( 'NONE',  ( -30.64999999999999503, 2.223807899774399299, -4.055156287094595413 ) ) ;
#5687 = DIRECTION ( 'NONE',  ( 8.377077475354103092E-17, -0.9396926207859065405, -0.3420201433256735979 ) ) ;
#5688 = ORIENTED_EDGE ( 'NONE', *, *, #467, .F. ) ;
#5689 = AXIS2_PLACEMENT_3D ( 'NONE', #5734, #4913, #1540 ) ;
#5690 = ORIENTED_EDGE ( 'NONE', *, *, #7722, .F. ) ;
#5691 = ADVANCED_FACE ( 'NONE', ( #8045 ), #1013, .T. ) ;
#5692 = CARTESIAN_POINT ( 'NONE',  ( 27.65295501388419197, 8.947567814092199256, -0.1622226193551835061 ) ) ;
#5693 = LINE ( 'NONE', #672, #3740 ) ;
#5694 = VECTOR ( 'NONE', #7627, 1000.000000000000000 ) ;
#5695 = PLANE ( 'NONE',  #5871 ) ;
#5696 = VERTEX_POINT ( 'NONE', #5848 ) ;
#5697 = DIRECTION ( 'NONE',  ( -3.236649337805362286E-31, 0.2588190451025209615, -0.9659258262890682012 ) ) ;
#5698 = DIRECTION ( 'NONE',  ( 0.000000000000000000, -0.7071067811864789610, 0.7071067811866160735 ) ) ;
#5699 = DIRECTION ( 'NONE',  ( -6.162975822039150624E-33, 1.000000000000000000, -2.220446049250313574E-16 ) ) ;
#5700 = VECTOR ( 'NONE', #2706, 1000.000000000000114 ) ;
#5701 = EDGE_CURVE ( 'NONE', #5427, #2136, #5902, .T. ) ;
#5702 = EDGE_LOOP ( 'NONE', ( #7717, #5282, #296, #6465, #5677 ) ) ;
#5703 = LINE ( 'NONE', #645, #213 ) ;
#5704 = ORIENTED_EDGE ( 'NONE', *, *, #2169, .F. ) ;
#5705 = EDGE_CURVE ( 'NONE', #3460, #593, #3926, .T. ) ;
#5706 = CARTESIAN_POINT ( 'NONE',  ( -27.63000000000000256, 9.499263426672799326, -3.363696565584399778 ) ) ;
#5707 = CARTESIAN_POINT ( 'NONE',  ( -30.75000000000000000, 3.016894614386100848, -5.158282028992295487 ) ) ;
#5708 = EDGE_CURVE ( 'NONE', #3026, #2313, #6643, .T. ) ;
#5709 = STYLED_ITEM ( 'NONE', ( #1785 ), #6546 ) ;
#5710 = VECTOR ( 'NONE', #6652, 1000.000000000000000 ) ;
#5711 = CARTESIAN_POINT ( 'NONE',  ( 28.39999999999999503, 10.72111025509270377, 2.078889744906680104 ) ) ;
#5712 = EDGE_CURVE ( 'NONE', #2675, #4346, #2497, .T. ) ;
#5713 = ORIENTED_EDGE ( 'NONE', *, *, #8423, .T. ) ;
#5714 = LINE ( 'NONE', #4194, #6622 ) ;
#5715 = VECTOR ( 'NONE', #3547, 1000.000000000000000 ) ;
#5716 = VECTOR ( 'NONE', #6039, 1000.000000000000114 ) ;
#5717 = DIRECTION ( 'NONE',  ( 0.000000000000000000, -0.7071067811864789610, 0.7071067811866160735 ) ) ;
#5718 = VERTEX_POINT ( 'NONE', #7322 ) ;
#5719 = FILL_AREA_STYLE_COLOUR ( '', #5167 ) ;
#5720 = FILL_AREA_STYLE ('',( #2926 ) ) ;
#5721 = COLOUR_RGB ( '',0.7921568627450980005, 0.8196078431372548767, 0.9333333333333333481 ) ;
#5722 = VECTOR ( 'NONE', #6700, 1000.000000000000114 ) ;
#5723 = CARTESIAN_POINT ( 'NONE',  ( -27.24340349033210629, 9.071773227855100430, 0.04007362281141339799 ) ) ;
#5724 = LINE ( 'NONE', #884, #4243 ) ;
#5725 = FACE_OUTER_BOUND ( 'NONE', #2258, .T. ) ;
#5726 = ORIENTED_EDGE ( 'NONE', *, *, #5585, .F. ) ;
#5727 = ORIENTED_EDGE ( 'NONE', *, *, #3468, .T. ) ;
#5728 = CIRCLE ( 'NONE', #156, 1.730940107676021578 ) ;
#5729 = DIRECTION ( 'NONE',  ( 1.224646799147350249E-16, 1.410381911693479320E-49, -1.000000000000000000 ) ) ;
#5730 = DIRECTION ( 'NONE',  ( -1.224646799147350249E-16, -9.302115961259179889E-16, -1.000000000000000000 ) ) ;
#5731 = CARTESIAN_POINT ( 'NONE',  ( 26.62499999999999645, -2.555405713625399589, -3.910000000000392273 ) ) ;
#5732 = CIRCLE ( 'NONE', #882, 1.500000000000000666 ) ;
#5733 = ORIENTED_EDGE ( 'NONE', *, *, #6664, .F. ) ;
#5734 = CARTESIAN_POINT ( 'NONE',  ( 25.74999999999999645, 12.28524271247460220, -3.799999999999994493 ) ) ;
#5735 = CARTESIAN_POINT ( 'NONE',  ( 25.74999999999999645, 12.59999999999999964, -1.299999999999992051 ) ) ;
#5736 = VERTEX_POINT ( 'NONE', #231 ) ;
#5737 = DIRECTION ( 'NONE',  ( -2.964296775167248380E-17, 0.7071067811864790720, -0.7071067811866160735 ) ) ;
#5738 = EDGE_LOOP ( 'NONE', ( #6374, #6682, #3638, #4263 ) ) ;
#5739 = DIRECTION ( 'NONE',  ( 2.465190328815661345E-32, -6.137086701989279675E-49, -1.000000000000000000 ) ) ;
#5740 = DIRECTION ( 'NONE',  ( 3.610187651973906322E-33, 0.7071067811864790720, -0.7071067811866160735 ) ) ;
#5741 = CARTESIAN_POINT ( 'NONE',  ( -28.37499999999999645, -1.700000000000401634, 0.7517031175790435116 ) ) ;
#5742 = CARTESIAN_POINT ( 'NONE',  ( 29.34625566823699572, 12.59999999999999964, -1.299999999999992051 ) ) ;
#5743 = EDGE_LOOP ( 'NONE', ( #3819, #6425, #5232, #2482 ) ) ;
#5744 = LINE ( 'NONE', #4225, #561 ) ;
#5745 =( LENGTH_UNIT ( ) NAMED_UNIT ( * ) SI_UNIT ( .MILLI., .METRE. ) );
#5746 = DIRECTION ( 'NONE',  ( 0.06174578541844907148, -0.7057575568079519357, -0.7057575568079518247 ) ) ;
#5747 = FILL_AREA_STYLE ('',( #6357 ) ) ;
#5748 = CARTESIAN_POINT ( 'NONE',  ( -28.00000000000001066, 7.400624110387701293, 2.321944453947183185 ) ) ;
#5749 = ORIENTED_EDGE ( 'NONE', *, *, #8222, .T. ) ;
#5750 = CARTESIAN_POINT ( 'NONE',  ( 30.30600310657639795, 8.489055053478896440, -0.4999999999999917843 ) ) ;
#5751 = PLANE ( 'NONE',  #3688 ) ;
#5752 = EDGE_CURVE ( 'NONE', #399, #6136, #5796, .T. ) ;
#5753 = VERTEX_POINT ( 'NONE', #3785 ) ;
#5754 = LINE ( 'NONE', #3560, #7951 ) ;
#5755 = DIRECTION ( 'NONE',  ( 6.162975822039150624E-33, -1.000000000000000000, 2.220446049250313574E-16 ) ) ;
#5756 = ADVANCED_FACE ( 'NONE', ( #3147 ), #5940, .F. ) ;
#5757 = ORIENTED_EDGE ( 'NONE', *, *, #6339, .T. ) ;
#5758 = CYLINDRICAL_SURFACE ( 'NONE', #3973, 1.500000000000000222 ) ;
#5759 = CYLINDRICAL_SURFACE ( 'NONE', #7053, 0.5000000000000000000 ) ;
#5760 = EDGE_CURVE ( 'NONE', #5872, #2518, #7370, .T. ) ;
#5761 = LINE ( 'NONE', #876, #2780 ) ;
#5762 = EDGE_CURVE ( 'NONE', #2370, #1853, #8043, .T. ) ;
#5763 = CARTESIAN_POINT ( 'NONE',  ( -28.90663126475237377, 8.632600385912850172, -0.2592390337460986349 ) ) ;
#5764 = ORIENTED_EDGE ( 'NONE', *, *, #6214, .F. ) ;
#5765 = PLANE ( 'NONE',  #7059 ) ;
#5766 = CARTESIAN_POINT ( 'NONE',  ( -27.50000000000001066, 9.361408879023397134, -3.700000000000398970 ) ) ;
#5767 = CARTESIAN_POINT ( 'NONE',  ( -26.74999999999885247, -3.500000000000399680, -6.000000000000000000 ) ) ;
#5768 = EDGE_CURVE ( 'NONE', #7081, #8511, #2023, .T. ) ;
#5769 = CARTESIAN_POINT ( 'NONE',  ( 27.17999999999999616, -0.7705369544777969093, -3.490000000000388791 ) ) ;
#5770 = CARTESIAN_POINT ( 'NONE',  ( -28.11000000000001009, 13.10000000000000142, -7.200002399999998026 ) ) ;
#5771 = EDGE_CURVE ( 'NONE', #5618, #4309, #1646, .T. ) ;
#5772 = EDGE_LOOP ( 'NONE', ( #4631, #4022, #5574, #1890 ) ) ;
#5773 = CARTESIAN_POINT ( 'NONE',  ( 28.72908197242709960, 9.104771610286897854, 0.08503146781087787820 ) ) ;
#5774 = ORIENTED_EDGE ( 'NONE', *, *, #635, .F. ) ;
#5775 = CARTESIAN_POINT ( 'NONE',  ( 25.89999999999999147, 10.72111025509270377, 2.078889744906676551 ) ) ;
#5776 = CARTESIAN_POINT ( 'NONE',  ( 26.99999999999999645, 7.439997600000002542, 0.2399975999999911513 ) ) ;
#5777 = CARTESIAN_POINT ( 'NONE',  ( -27.69999999999950191, 11.50000000000000000, -4.099999999999999645 ) ) ;
#5778 = VERTEX_POINT ( 'NONE', #2806 ) ;
#5779 = DIRECTION ( 'NONE',  ( 0.06174578541844909924, 0.7057575568079519357, 0.7057575568079518247 ) ) ;
#5780 = VERTEX_POINT ( 'NONE', #4919 ) ;
#5781 = DIRECTION ( 'NONE',  ( 0.000000000000000000, -0.7071067811865475727, 0.7071067811865475727 ) ) ;
#5782 = VERTEX_POINT ( 'NONE', #4178 ) ;
#5783 = CARTESIAN_POINT ( 'NONE',  ( -30.75000000000000000, 3.500000000000298872, -5.999999999999999112 ) ) ;
#5784 = CARTESIAN_POINT ( 'NONE',  ( 26.34458001096559698, 13.30756217274460163, -5.999999999999993783 ) ) ;
#5785 = CARTESIAN_POINT ( 'NONE',  ( 28.24999999999999645, 10.36808542494920005, -5.999999999999993783 ) ) ;
#5786 = AXIS2_PLACEMENT_3D ( 'NONE', #553, #6079, #7496 ) ;
#5787 = VERTEX_POINT ( 'NONE', #3591 ) ;
#5788 = VECTOR ( 'NONE', #115, 1000.000000000000000 ) ;
#5789 = PLANE ( 'NONE',  #550 ) ;
#5790 = AXIS2_PLACEMENT_3D ( 'NONE', #9003, #620, #2742 ) ;
#5791 = ORIENTED_EDGE ( 'NONE', *, *, #8276, .T. ) ;
#5792 = LINE ( 'NONE', #453, #7691 ) ;
#5793 = ORIENTED_EDGE ( 'NONE', *, *, #2787, .F. ) ;
#5794 = FACE_OUTER_BOUND ( 'NONE', #3629, .T. ) ;
#5795 = DIRECTION ( 'NONE',  ( -1.000000000000000000, -6.162975822039154730E-33, -2.465190328815661892E-32 ) ) ;
#5796 = LINE ( 'NONE', #3051, #8193 ) ;
#5797 = DIRECTION ( 'NONE',  ( 0.000000000000000000, 0.000000000000000000, 1.000000000000000000 ) ) ;
#5798 = VECTOR ( 'NONE', #8530, 1000.000000000000114 ) ;
#5799 = CARTESIAN_POINT ( 'NONE',  ( 29.50000000000000000, 0.3000000000000024869, 1.299999999999662537 ) ) ;
#5800 = VERTEX_POINT ( 'NONE', #6396 ) ;
#5801 = CARTESIAN_POINT ( 'NONE',  ( 29.86999999999999389, 12.59999999999999964, -1.299999999999992051 ) ) ;
#5802 = CARTESIAN_POINT ( 'NONE',  ( 26.59923209175869729, 12.30548111334320360, -3.998973382969391643 ) ) ;
#5803 = CARTESIAN_POINT ( 'NONE',  ( 25.74999999999999645, 12.28524271247460220, -3.799999999999994493 ) ) ;
#5804 = CIRCLE ( 'NONE', #3470, 0.2000000000000000944 ) ;
#5805 = CARTESIAN_POINT ( 'NONE',  ( 30.22978070540309403, 9.025582109328297520, -0.02775009080288083629 ) ) ;
#5806 = EDGE_LOOP ( 'NONE', ( #3418, #3227, #5905, #1933, #3997, #2547, #3379, #3048, #545, #4521, #1005, #4528, #6792 ) ) ;
#5807 =( LENGTH_UNIT ( ) NAMED_UNIT ( * ) SI_UNIT ( .MILLI., .METRE. ) );
#5808 = SURFACE_SIDE_STYLE ('',( #3016 ) ) ;
#5809 = EDGE_CURVE ( 'NONE', #4182, #7314, #8749, .T. ) ;
#5810 = FACE_OUTER_BOUND ( 'NONE', #5743, .T. ) ;
#5811 = EDGE_CURVE ( 'NONE', #2119, #4073, #6979, .T. ) ;
#5812 = AXIS2_PLACEMENT_3D ( 'NONE', #7607, #2663, #9013 ) ;
#5813 = FACE_OUTER_BOUND ( 'NONE', #464, .T. ) ;
#5814 = LINE ( 'NONE', #2281, #587 ) ;
#5815 = EDGE_LOOP ( 'NONE', ( #2621, #3289, #8810, #2162 ) ) ;
#5817 = EDGE_CURVE ( 'NONE', #1186, #7905, #7705, .T. ) ;
#5816 = CARTESIAN_POINT ( 'NONE',  ( 26.96119071202452133, 10.67196917591599004, -0.5028190845386490970 ) ) ;
#5818 = ADVANCED_FACE ( 'NONE', ( #3549 ), #6784, .T. ) ;
#5819 = VERTEX_POINT ( 'NONE', #4188 ) ;
#5820 = EDGE_CURVE ( 'NONE', #8104, #8442, #6407, .T. ) ;
#5821 = FACE_OUTER_BOUND ( 'NONE', #5003, .T. ) ;
#5822 = DIRECTION ( 'NONE',  ( 0.000000000000000000, 0.000000000000000000, -1.000000000000000000 ) ) ;
#5823 = EDGE_CURVE ( 'NONE', #2534, #8827, #6361, .T. ) ;
#5824 = EDGE_CURVE ( 'NONE', #6734, #6209, #3508, .T. ) ;
#5825 = ORIENTED_EDGE ( 'NONE', *, *, #6057, .T. ) ;
#5826 = DIRECTION ( 'NONE',  ( 1.000000000000000000, 6.162975822039154730E-33, 2.465190328815661892E-32 ) ) ;
#5827 = LINE ( 'NONE', #2986, #2047 ) ;
#5828 = ORIENTED_EDGE ( 'NONE', *, *, #7709, .F. ) ;
#5829 = DIRECTION ( 'NONE',  ( 0.000000000000000000, -0.7071067811864789610, 0.7071067811866160735 ) ) ;
#5830 = DIRECTION ( 'NONE',  ( -6.162975822039150624E-33, 1.000000000000000000, -2.220446049250313574E-16 ) ) ;
#5831 = CARTESIAN_POINT ( 'NONE',  ( -27.63000000000000256, 12.09205754721679860, -3.851763809020500862 ) ) ;
#5832 = CARTESIAN_POINT ( 'NONE',  ( 26.99999999999999645, 9.717157287525500564, 2.517157287525060294 ) ) ;
#5833 =( GEOMETRIC_REPRESENTATION_CONTEXT ( 3 ) GLOBAL_UNCERTAINTY_ASSIGNED_CONTEXT ( ( #3675 ) ) GLOBAL_UNIT_ASSIGNED_CONTEXT ( ( #5205, #8298, #5524 ) ) REPRESENTATION_CONTEXT ( 'NONE', 'WORKASPACE' ) );
#5834 = AXIS2_PLACEMENT_3D ( 'NONE', #4208, #2834, #2138 ) ;
#5835 = ORIENTED_EDGE ( 'NONE', *, *, #78, .T. ) ;
#5836 = MECHANICAL_DESIGN_GEOMETRIC_PRESENTATION_REPRESENTATION (  '', ( #835 ), #6437 ) ;
#5837 = EDGE_LOOP ( 'NONE', ( #7415, #1777, #5733, #7034 ) ) ;
#5838 =( NAMED_UNIT ( * ) PLANE_ANGLE_UNIT ( ) SI_UNIT ( $, .RADIAN. ) );
#5839 = CARTESIAN_POINT ( 'NONE',  ( -28.00000000000001066, 8.821320343559701627, -0.4999999999999987232 ) ) ;
#5840 = DIRECTION ( 'NONE',  ( 6.162975822039150624E-33, -1.000000000000000000, 2.220446049250313574E-16 ) ) ;
#5841 = ORIENTED_EDGE ( 'NONE', *, *, #7051, .F. ) ;
#5842 = CARTESIAN_POINT ( 'NONE',  ( 25.74999999999999645, 12.28524271247460220, -3.999999999999993339 ) ) ;
#5843 = VECTOR ( 'NONE', #5663, 1000.000000000000114 ) ;
#5844 = EDGE_LOOP ( 'NONE', ( #3161, #5666, #7498, #796 ) ) ;
#5845 = PLANE ( 'NONE',  #6594 ) ;
#5846 = LINE ( 'NONE', #6104, #2055 ) ;
#5847 = CARTESIAN_POINT ( 'NONE',  ( 26.30811949549320161, 12.89289321881345174, -1.299999999999991607 ) ) ;
#5848 = CARTESIAN_POINT ( 'NONE',  ( 27.29600850144760216, -3.500000000000399680, -3.831008501447890513 ) ) ;
#5849 = AXIS2_PLACEMENT_3D ( 'NONE', #2697, #6877, #5476 ) ;
#5850 = VECTOR ( 'NONE', #1468, 1000.000000000000000 ) ;
#5851 = DIRECTION ( 'NONE',  ( 0.000000000000000000, 0.000000000000000000, 1.000000000000000000 ) ) ;
#5852 = ORIENTED_EDGE ( 'NONE', *, *, #4137, .T. ) ;
#5853 = LINE ( 'NONE', #8636, #5297 ) ;
#5854 = PLANE ( 'NONE',  #4561 ) ;
#5855 = DIRECTION ( 'NONE',  ( 2.465190328815661892E-31, -0.3420201433256708778, -0.9396926207859076507 ) ) ;
#5856 = LINE ( 'NONE', #5269, #8632 ) ;
#5857 = CARTESIAN_POINT ( 'NONE',  ( 27.80000000000000426, 11.50000000000000000, -5.999999999999993783 ) ) ;
#5858 = ORIENTED_EDGE ( 'NONE', *, *, #1044, .F. ) ;
#5859 = LINE ( 'NONE', #2511, #432 ) ;
#5860 = LINE ( 'NONE', #6602, #8456 ) ;
#5861 = AXIS2_PLACEMENT_3D ( 'NONE', #392, #7428, #6751 ) ;
#5862 = PLANE ( 'NONE',  #1302 ) ;
#5863 = AXIS2_PLACEMENT_3D ( 'NONE', #8015, #7968, #5912 ) ;
#5864 = VECTOR ( 'NONE', #1084, 1000.000000000000000 ) ;
#5865 = ORIENTED_EDGE ( 'NONE', *, *, #630, .T. ) ;
#5866 = AXIS2_PLACEMENT_3D ( 'NONE', #2326, #836, #7294 ) ;
#5867 = CARTESIAN_POINT ( 'NONE',  ( -27.20406660082699801, 9.214750784224998270, 0.2166997256535918015 ) ) ;
#5868 = DIRECTION ( 'NONE',  ( 2.465190328815661345E-32, -6.137086701989279675E-49, -1.000000000000000000 ) ) ;
#5869 = EDGE_CURVE ( 'NONE', #5328, #717, #2815, .T. ) ;
#5870 = LINE ( 'NONE', #5280, #7356 ) ;
#5871 = AXIS2_PLACEMENT_3D ( 'NONE', #1593, #7075, #7850 ) ;
#5872 = VERTEX_POINT ( 'NONE', #7036 ) ;
#5873 = DIRECTION ( 'NONE',  ( 1.000000000000000000, 6.162975822039154730E-33, 2.465190328815661892E-32 ) ) ;
#5874 = ORIENTED_EDGE ( 'NONE', *, *, #3635, .F. ) ;
#5875 = EDGE_CURVE ( 'NONE', #4607, #4872, #8445, .T. ) ;
#5876 = CARTESIAN_POINT ( 'NONE',  ( -28.11000000000001009, 13.10000000000000142, -3.268085424949201290 ) ) ;
#5877 = CARTESIAN_POINT ( 'NONE',  ( 27.60310134950759320, 8.916689370469597975, -0.2256127492956724323 ) ) ;
#5878 = AXIS2_PLACEMENT_3D ( 'NONE', #4510, #5924, #1738 ) ;
#5879 = LINE ( 'NONE', #2430, #7684 ) ;
#5880 = VECTOR ( 'NONE', #189, 1000.000000000000000 ) ;
#5881 = ADVANCED_FACE ( 'NONE', ( #4283 ), #8751, .T. ) ;
#5882 = ORIENTED_EDGE ( 'NONE', *, *, #7051, .T. ) ;
#5883 = DIRECTION ( 'NONE',  ( 0.000000000000000000, -0.7071067811864789610, 0.7071067811866160735 ) ) ;
#5884 = PRESENTATION_LAYER_ASSIGNMENT (  '', '', ( #150 ) ) ;
#5885 = LINE ( 'NONE', #3584, #3236 ) ;
#5886 = ORIENTED_EDGE ( 'NONE', *, *, #4754, .T. ) ;
#5887 = EDGE_CURVE ( 'NONE', #1880, #2764, #3783, .T. ) ;
#5888 = ADVANCED_FACE ( 'NONE', ( #6496 ), #5845, .F. ) ;
#5889 = CARTESIAN_POINT ( 'NONE',  ( -29.25000000000001066, 13.10000000000000142, -3.268085424949201290 ) ) ;
#5890 = PLANE ( 'NONE',  #3359 ) ;
#5891 = EDGE_CURVE ( 'NONE', #5675, #233, #7229, .T. ) ;
#5892 = CIRCLE ( 'NONE', #1925, 0.4567242605854620052 ) ;
#5893 = ORIENTED_EDGE ( 'NONE', *, *, #7609, .T. ) ;
#5894 = ORIENTED_EDGE ( 'NONE', *, *, #8544, .T. ) ;
#5895 = FACE_OUTER_BOUND ( 'NONE', #5120, .T. ) ;
#5896 = DIRECTION ( 'NONE',  ( 1.000000000000000000, 6.162975822039154730E-33, 2.465190328815661892E-32 ) ) ;
#5897 = DIRECTION ( 'NONE',  ( 1.000000000000000000, 6.162975822039154730E-33, 2.465190328815661892E-32 ) ) ;
#5898 = ORIENTED_EDGE ( 'NONE', *, *, #4874, .F. ) ;
#5899 = VERTEX_POINT ( 'NONE', #8630 ) ;
#5900 = FILL_AREA_STYLE ('',( #5980 ) ) ;
#5901 = DIRECTION ( 'NONE',  ( -8.659560562354920532E-17, 0.7071067811865470176, 0.7071067811865480168 ) ) ;
#5902 = LINE ( 'NONE', #917, #119 ) ;
#5903 =( NAMED_UNIT ( * ) PLANE_ANGLE_UNIT ( ) SI_UNIT ( $, .RADIAN. ) );
#5904 = MECHANICAL_DESIGN_GEOMETRIC_PRESENTATION_REPRESENTATION (  '', ( #612 ), #6814 ) ;
#5905 = ORIENTED_EDGE ( 'NONE', *, *, #3800, .F. ) ;
#5906 = CARTESIAN_POINT ( 'NONE',  ( -27.05000000000000426, 8.528679656440697698, 0.02867965644115337553 ) ) ;
#5907 = LINE ( 'NONE', #3111, #8033 ) ;
#5908 = CARTESIAN_POINT ( 'NONE',  ( -30.64999999999999503, 2.776945663413300291, -3.944843712904995581 ) ) ;
#5909 = CARTESIAN_POINT ( 'NONE',  ( 30.07533114830129861, 8.903206040093900597, -0.2558723502696733654 ) ) ;
#5910 = VERTEX_POINT ( 'NONE', #5166 ) ;
#5911 = DIRECTION ( 'NONE',  ( -1.000000000000000000, -6.162975822039154730E-33, -2.465190328815661892E-32 ) ) ;
#5912 = DIRECTION ( 'NONE',  ( 0.000000000000000000, 0.000000000000000000, 1.000000000000000000 ) ) ;
#5913 = LINE ( 'NONE', #2975, #3458 ) ;
#5914 = LINE ( 'NONE', #4392, #4721 ) ;
#5915 = ORIENTED_EDGE ( 'NONE', *, *, #2283, .T. ) ;
#5916 = DIRECTION ( 'NONE',  ( -1.000000000000000000, 3.364689427464710265E-16, -1.224646799147350989E-16 ) ) ;
#5917 = VERTEX_POINT ( 'NONE', #2999 ) ;
#5918 = CARTESIAN_POINT ( 'NONE',  ( 30.00000000000000000, 9.197444395117798877, -4.099999999999990763 ) ) ;
#5919 = CARTESIAN_POINT ( 'NONE',  ( 27.42257282887519665, 8.856045284099597126, -0.3794363394953401691 ) ) ;
#5920 = LINE ( 'NONE', #7880, #2123 ) ;
#5921 = ADVANCED_FACE ( 'NONE', ( #5794 ), #2310, .F. ) ;
#5922 = ORIENTED_EDGE ( 'NONE', *, *, #5041, .F. ) ;
#5923 = SURFACE_STYLE_USAGE ( .BOTH. , #3949 ) ;
#5924 = DIRECTION ( 'NONE',  ( 6.162975822039154730E-33, -0.7071067811865469066, 0.7071067811865481278 ) ) ;
#5925 = VERTEX_POINT ( 'NONE', #7956 ) ;
#5926 = LINE ( 'NONE', #267, #3402 ) ;
#5927 = CARTESIAN_POINT ( 'NONE',  ( -25.31999999999999673, 11.50000000000000000, -2.899999999999996358 ) ) ;
#5928 = CARTESIAN_POINT ( 'NONE',  ( 29.50000000000000000, 9.717157287525500564, 2.517157287525060294 ) ) ;
#5929 = EDGE_CURVE ( 'NONE', #717, #211, #6393, .T. ) ;
#5930 = EDGE_CURVE ( 'NONE', #8300, #2641, #3809, .T. ) ;
#5931 = ORIENTED_EDGE ( 'NONE', *, *, #1081, .T. ) ;
#5932 = VERTEX_POINT ( 'NONE', #3496 ) ;
#5933 = CARTESIAN_POINT ( 'NONE',  ( 26.20000000000000284, 11.46816914538750076, 0.3000000000000068723 ) ) ;
#5934 = CARTESIAN_POINT ( 'NONE',  ( 28.24999999999999645, 8.049116928532395765E-16, -1.299999999999988720 ) ) ;
#5935 = FACE_OUTER_BOUND ( 'NONE', #227, .T. ) ;
#5936 = ORIENTED_EDGE ( 'NONE', *, *, #3529, .F. ) ;
#5937 = EDGE_CURVE ( 'NONE', #2641, #8022, #2204, .T. ) ;
#5938 = VERTEX_POINT ( 'NONE', #40 ) ;
#5939 = CARTESIAN_POINT ( 'NONE',  ( 26.54174243050459836, 11.99780271866330139, -3.499999999999992895 ) ) ;
#5940 = PLANE ( 'NONE',  #8899 ) ;
#5941 = ADVANCED_FACE ( 'NONE', ( #5647 ), #8431, .T. ) ;
#5942 = EDGE_CURVE ( 'NONE', #7532, #3408, #2251, .T. ) ;
#5943 = VECTOR ( 'NONE', #6519, 1000.000000000000114 ) ;
#5944 = CARTESIAN_POINT ( 'NONE',  ( -28.13934903909905572, 12.76453894806211586, -3.219572369015262669 ) ) ;
#5945 = VERTEX_POINT ( 'NONE', #5376 ) ;
#5946 = CYLINDRICAL_SURFACE ( 'NONE', #1597, 0.1580968594334210553 ) ;
#5947 = LINE ( 'NONE', #2545, #2469 ) ;
#5948 = DIRECTION ( 'NONE',  ( -1.000000000000000000, -6.162975822039154730E-33, -2.465190328815661892E-32 ) ) ;
#5949 = CARTESIAN_POINT ( 'NONE',  ( 29.92257282887579706, 8.856045284099698378, -0.3794363394949412105 ) ) ;
#5950 = ORIENTED_EDGE ( 'NONE', *, *, #7342, .F. ) ;
#5951 = CARTESIAN_POINT ( 'NONE',  ( 26.05000000000000426, 7.154386422154502156, 1.402972890722437471 ) ) ;
#5952 = VECTOR ( 'NONE', #3163, 1000.000000000000000 ) ;
#5953 = LINE ( 'NONE', #387, #1751 ) ;
#5954 = CARTESIAN_POINT ( 'NONE',  ( -27.67817270515360306, 8.839454479074099424, -0.4325519150857690676 ) ) ;
#5955 = VECTOR ( 'NONE', #4941, 1000.000000000000000 ) ;
#5956 = CARTESIAN_POINT ( 'NONE',  ( 25.74999999999999645, 12.42666406871190077, -3.941421356237293505 ) ) ;
#5957 = VERTEX_POINT ( 'NONE', #5333 ) ;
#5958 = CARTESIAN_POINT ( 'NONE',  ( 28.59336873524763334, 8.632600385912848395, -0.2592390337460991345 ) ) ;
#5959 = ORIENTED_EDGE ( 'NONE', *, *, #7600, .F. ) ;
#5960 = LINE ( 'NONE', #1039, #8457 ) ;
#5961 = CARTESIAN_POINT ( 'NONE',  ( 27.59417351025129861, 8.911989682365298648, -0.2358567776433121432 ) ) ;
#5962 = CARTESIAN_POINT ( 'NONE',  ( -27.62499999999999645, -0.4999999999999996669, 1.089999999999650804 ) ) ;
#5963 = AXIS2_PLACEMENT_3D ( 'NONE', #3631, #8389, #1544 ) ;
#5964 = ORIENTED_EDGE ( 'NONE', *, *, #6259, .T. ) ;
#5965 = FACE_OUTER_BOUND ( 'NONE', #4654, .T. ) ;
#5966 = PLANE ( 'NONE',  #2865 ) ;
#5967 = ORIENTED_EDGE ( 'NONE', *, *, #4660, .F. ) ;
#5968 = CARTESIAN_POINT ( 'NONE',  ( 29.86999999999999389, 10.34519578245819993, -1.299999999999990496 ) ) ;
#5969 = CARTESIAN_POINT ( 'NONE',  ( -30.64999999999999503, 0.8250085261886024313, -4.323565720717695626 ) ) ;
#5970 = CARTESIAN_POINT ( 'NONE',  ( -27.69999999999950191, 13.59999999999999787, -4.099999999999999645 ) ) ;
#5971 = ORIENTED_EDGE ( 'NONE', *, *, #3570, .T. ) ;
#5972 = ORIENTED_EDGE ( 'NONE', *, *, #2110, .F. ) ;
#5973 = SURFACE_STYLE_USAGE ( .BOTH. , #3140 ) ;
#5974 = CARTESIAN_POINT ( 'NONE',  ( -28.70775997258970236, 8.997212129572998762, -0.07314534866515072509 ) ) ;
#5975 = CARTESIAN_POINT ( 'NONE',  ( -28.17999999999999616, -2.900000000000299227, 1.089999999999650804 ) ) ;
#5976 =( NAMED_UNIT ( * ) SI_UNIT ( $, .STERADIAN. ) SOLID_ANGLE_UNIT ( ) );
#5977 = EDGE_CURVE ( 'NONE', #1745, #6906, #3264, .T. ) ;
#5978 = ORIENTED_EDGE ( 'NONE', *, *, #3753, .F. ) ;
#5979 = ORIENTED_EDGE ( 'NONE', *, *, #8777, .T. ) ;
#5980 = FILL_AREA_STYLE_COLOUR ( '', #3649 ) ;
#5981 = ADVANCED_FACE ( 'NONE', ( #8114 ), #3726, .F. ) ;
#5982 = DIRECTION ( 'NONE',  ( 2.465190328815661892E-32, -6.137086701989279675E-49, -1.000000000000000000 ) ) ;
#5983 = CARTESIAN_POINT ( 'NONE',  ( 26.99999999999999645, 8.656497115745700910, 3.577817459304881265 ) ) ;
#5984 = APPLICATION_PROTOCOL_DEFINITION ( 'draft international standard', 'automotive_design', 1998, #8021 ) ;
#5985 = EDGE_CURVE ( 'NONE', #8277, #3669, #1596, .T. ) ;
#5986 = CARTESIAN_POINT ( 'NONE',  ( -28.11000000000001009, 13.10000000000000142, -3.212250064070099942 ) ) ;
#5987 = VERTEX_POINT ( 'NONE', #3946 ) ;
#5988 = FACE_OUTER_BOUND ( 'NONE', #8857, .T. ) ;
#5989 = DIRECTION ( 'NONE',  ( 0.000000000000000000, 0.000000000000000000, 1.000000000000000000 ) ) ;
#5990 = AXIS2_PLACEMENT_3D ( 'NONE', #6319, #12, #2817 ) ;
#5991 = CARTESIAN_POINT ( 'NONE',  ( 28.78999999999999559, 13.10000000000000142, -1.799999999999992495 ) ) ;
#5992 = EDGE_CURVE ( 'NONE', #5675, #5618, #2012, .T. ) ;
#5993 = CARTESIAN_POINT ( 'NONE',  ( 30.29341302354519883, 9.195486711043500350, 0.1952019328198672521 ) ) ;
#5994 = ORIENTED_EDGE ( 'NONE', *, *, #5752, .T. ) ;
#5995 = CIRCLE ( 'NONE', #4089, 0.2000000000000000944 ) ;
#5996 = EDGE_CURVE ( 'NONE', #1473, #1656, #5078, .T. ) ;
#5997 = CARTESIAN_POINT ( 'NONE',  ( 26.60180404903499252, 8.851283482272599201, -0.3940040887976618000 ) ) ;
#5998 = EDGE_CURVE ( 'NONE', #4061, #5394, #696, .T. ) ;
#5999 = CARTESIAN_POINT ( 'NONE',  ( 29.15017632264211045, 7.400624110387730603, 2.321944453947179188 ) ) ;
#6000 = CARTESIAN_POINT ( 'NONE',  ( -27.05000000000000426, 8.896334529556398252, 3.337980045494131964 ) ) ;
#6001 = VECTOR ( 'NONE', #4842, 1000.000000000000000 ) ;
#6002 = ADVANCED_FACE ( 'NONE', ( #6009 ), #7216, .F. ) ;
#6003 = ORIENTED_EDGE ( 'NONE', *, *, #467, .T. ) ;
#6004 = CARTESIAN_POINT ( 'NONE',  ( -27.31112746305920780, 8.977446171826102272, -0.1069672005143979671 ) ) ;
#6005 = ORIENTED_EDGE ( 'NONE', *, *, #6560, .T. ) ;
#6006 = CIRCLE ( 'NONE', #3512, 1.730940107676021578 ) ;
#6007 = DIRECTION ( 'NONE',  ( -1.000000000000000000, -6.162975822039154730E-33, -2.465190328815661892E-32 ) ) ;
#6008 = EDGE_LOOP ( 'NONE', ( #1457, #2954, #86, #3365, #2201, #1245 ) ) ;
#6009 = FACE_OUTER_BOUND ( 'NONE', #1495, .T. ) ;
#6010 = PLANE ( 'NONE',  #2476 ) ;
#6011 = AXIS2_PLACEMENT_3D ( 'NONE', #6220, #3241, #8138 ) ;
#6012 = VERTEX_POINT ( 'NONE', #4360 ) ;
#6013 = PLANE ( 'NONE',  #4377 ) ;
#6014 = DIRECTION ( 'NONE',  ( -2.102964564689860617E-32, -1.000000000000000000, 2.220446049250313574E-16 ) ) ;
#6015 = PLANE ( 'NONE',  #65 ) ;
#6016 = VERTEX_POINT ( 'NONE', #175 ) ;
#6017 = AXIS2_PLACEMENT_3D ( 'NONE', #4938, #7726, #57 ) ;
#6018 =( BOUNDED_CURVE ( )  B_SPLINE_CURVE ( 3, ( #2765, #4926, #5572, #8352 ),
 .UNSPECIFIED., .F., .T. ) 
 B_SPLINE_CURVE_WITH_KNOTS ( ( 4, 4 ),
 ( 5.597332342560874530, 6.283185307179586232 ),
 .UNSPECIFIED. ) 
 CURVE ( )  GEOMETRIC_REPRESENTATION_ITEM ( )  RATIONAL_B_SPLINE_CURVE ( ( 1.000000000000000000, 0.9611831238882952988, 0.9611831238882952988, 1.000000000000000000 ) ) 
 REPRESENTATION_ITEM ( '' )  );
#6019 = VECTOR ( 'NONE', #3555, 1000.000000000000000 ) ;
#6020 = DIRECTION ( 'NONE',  ( -1.000000000000000000, -6.162975822039154730E-33, -2.465190328815661892E-32 ) ) ;
#6021 = DIRECTION ( 'NONE',  ( 6.162975822039150624E-33, -1.000000000000000000, 2.220446049250313574E-16 ) ) ;
#6022 = VECTOR ( 'NONE', #6489, 1000.000000000000000 ) ;
#6023 = MECHANICAL_DESIGN_GEOMETRIC_PRESENTATION_REPRESENTATION (  '', ( #4112 ), #8070 ) ;
#6024 = COLOUR_RGB ( '',0.9490196078431372140, 0.9490196078431372140, 1.000000000000000000 ) ;
#6025 = EDGE_LOOP ( 'NONE', ( #4316, #3440, #4745, #3567, #4577, #8839 ) ) ;
#6026 = ORIENTED_EDGE ( 'NONE', *, *, #3992, .T. ) ;
#6027 = DIRECTION ( 'NONE',  ( 2.449293598294709866E-16, 8.957850525376296048E-49, -1.000000000000000000 ) ) ;
#6028 = CARTESIAN_POINT ( 'NONE',  ( -28.77644303290681549, 9.122305473328598424, 0.1072924063500509811 ) ) ;
#6029 = DIRECTION ( 'NONE',  ( 5.472343655837564221E-32, 0.9396926207856849400, 0.3420201433262827218 ) ) ;
#6030 = ORIENTED_EDGE ( 'NONE', *, *, #1605, .T. ) ;
#6031 = VERTEX_POINT ( 'NONE', #5103 ) ;
#6032 = CARTESIAN_POINT ( 'NONE',  ( 30.13332648821190318, 7.903781086372598352, -0.5962189136269214762 ) ) ;
#6033 = CARTESIAN_POINT ( 'NONE',  ( -28.46937036004799992, 12.09872756050350162, -3.872396622174898440 ) ) ;
#6034 = AXIS2_PLACEMENT_3D ( 'NONE', #405, #586, #1398 ) ;
#6035 = ITEM_DEFINED_TRANSFORMATION ( 'NONE', 'NONE', #1023,  #7772 ) ;
#6036 = EDGE_CURVE ( 'NONE', #211, #120, #7893, .T. ) ;
#6037 = VERTEX_POINT ( 'NONE', #1778 ) ;
#6038 = CARTESIAN_POINT ( 'NONE',  ( -28.66625566823701021, 12.59999999999999964, -3.768085424949201734 ) ) ;
#6039 = DIRECTION ( 'NONE',  ( 5.621012823832637317E-32, -0.9396926207859064295, 0.3420201433256739865 ) ) ;
#6040 = CARTESIAN_POINT ( 'NONE',  ( 26.56459918497469630, 12.42221567409520055, -3.945869750853991054 ) ) ;
#6041 = DIRECTION ( 'NONE',  ( -0.1294283079955639848, -0.9831056027603600755, 0.1294283079955642901 ) ) ;
#6042 = LINE ( 'NONE', #5460, #2423 ) ;
#6043 = ORIENTED_EDGE ( 'NONE', *, *, #6731, .T. ) ;
#6044 = ORIENTED_EDGE ( 'NONE', *, *, #1044, .T. ) ;
#6045 = CARTESIAN_POINT ( 'NONE',  ( 26.73161643048380043, 8.833405360467098788, -0.4537755725750308167 ) ) ;
#6046 = DIRECTION ( 'NONE',  ( -1.000000000000000000, -6.162975822039154730E-33, -2.465190328815661892E-32 ) ) ;
#6047 = CARTESIAN_POINT ( 'NONE',  ( -27.81999999999999673, 13.10000000000000142, -3.268085424949201290 ) ) ;
#6048 = ADVANCED_FACE ( 'NONE', ( #6486 ), #6526, .T. ) ;
#6049 = EDGE_CURVE ( 'NONE', #5938, #7043, #8821, .T. ) ;
#6050 = ORIENTED_EDGE ( 'NONE', *, *, #1538, .F. ) ;
#6051 = EDGE_CURVE ( 'NONE', #4224, #719, #3212, .T. ) ;
#6052 = CARTESIAN_POINT ( 'NONE',  ( -27.66516562446259897, 8.841236368605398965, -0.4265575964494585648 ) ) ;
#6053 = CARTESIAN_POINT ( 'NONE',  ( -29.25000000000001066, 13.10000000000000142, -1.299999999999999156 ) ) ;
#6054 = EDGE_LOOP ( 'NONE', ( #160, #623, #1974, #6947 ) ) ;
#6055 = DIRECTION ( 'NONE',  ( -5.801957056841932144E-32, 0.7071067811866160735, 0.7071067811864790720 ) ) ;
#6056 = ORIENTED_EDGE ( 'NONE', *, *, #8984, .F. ) ;
#6057 = EDGE_CURVE ( 'NONE', #4009, #2146, #7167, .T. ) ;
#6058 = LINE ( 'NONE', #5021, #4539 ) ;
#6059 = CARTESIAN_POINT ( 'NONE',  ( 27.96999999999999531, -2.480339199167400199, -3.435723358707690078 ) ) ;
#6060 = LINE ( 'NONE', #7555, #208 ) ;
#6061 = EDGE_CURVE ( 'NONE', #4901, #6536, #6058, .T. ) ;
#6062 = VERTEX_POINT ( 'NONE', #1464 ) ;
#6063 = CARTESIAN_POINT ( 'NONE',  ( 29.39000000000000057, 13.10000000000000142, -5.999999999999993783 ) ) ;
#6064 = FACE_OUTER_BOUND ( 'NONE', #505, .T. ) ;
#6065 = ORIENTED_EDGE ( 'NONE', *, *, #2052, .F. ) ;
#6066 =( LENGTH_UNIT ( ) NAMED_UNIT ( * ) SI_UNIT ( .MILLI., .METRE. ) );
#6067 = DIRECTION ( 'NONE',  ( 2.465190328815661892E-32, -6.137086701989279675E-49, -1.000000000000000000 ) ) ;
#6068 = CARTESIAN_POINT ( 'NONE',  ( -28.15374433176300073, 12.59999999999999964, -3.224224127923200900 ) ) ;
#6069 = CARTESIAN_POINT ( 'NONE',  ( 26.53442578674619767, 12.10296987797709889, -3.882320190744793287 ) ) ;
#6070 = PRODUCT_DEFINITION_CONTEXT ( 'detailed design', #2390, 'design' ) ;
#6071 = VERTEX_POINT ( 'NONE', #7766 ) ;
#6072 = ORIENTED_EDGE ( 'NONE', *, *, #8063, .T. ) ;
#6073 = CARTESIAN_POINT ( 'NONE',  ( -30.64999999999999503, 2.776945663413300291, -3.944843712904995581 ) ) ;
#6074 = CARTESIAN_POINT ( 'NONE',  ( -28.78992166274710485, 9.176758414154898347, 0.1734149822349723702 ) ) ;
#6075 = DIRECTION ( 'NONE',  ( 0.000000000000000000, -0.7071067811864789610, 0.7071067811866160735 ) ) ;
#6076 =( BOUNDED_CURVE ( )  B_SPLINE_CURVE ( 3, ( #8142, #7080, #2681, #7807 ),
 .UNSPECIFIED., .F., .T. ) 
 B_SPLINE_CURVE_WITH_KNOTS ( ( 4, 4 ),
 ( 4.026536015765943333, 4.138558821578603109 ),
 .UNSPECIFIED. ) 
 CURVE ( )  GEOMETRIC_REPRESENTATION_ITEM ( )  RATIONAL_B_SPLINE_CURVE ( ( 1.000000000000000000, 0.9989545142892479745, 0.9989545142892479745, 1.000000000000000000 ) ) 
 REPRESENTATION_ITEM ( '' )  );
#6077 = ORIENTED_EDGE ( 'NONE', *, *, #8376, .F. ) ;
#6078 = ORIENTED_EDGE ( 'NONE', *, *, #5823, .F. ) ;
#6079 = DIRECTION ( 'NONE',  ( -1.000000000000000000, -6.162975822039154730E-33, -2.465190328815661345E-32 ) ) ;
#6080 = CARTESIAN_POINT ( 'NONE',  ( -28.47641132046970114, 12.09205754721679860, -3.851763809020500862 ) ) ;
#6081 = SURFACE_SIDE_STYLE ('',( #8754 ) ) ;
#6082 = VERTEX_POINT ( 'NONE', #4183 ) ;
#6083 = DIRECTION ( 'NONE',  ( -1.000000000000000000, -6.162975822039154730E-33, -2.465190328815661892E-32 ) ) ;
#6084 = CARTESIAN_POINT ( 'NONE',  ( -27.69999999999950191, 9.197444395117798877, -4.099999999999997868 ) ) ;
#6085 = CARTESIAN_POINT ( 'NONE',  ( 26.52358867953029531, 12.09205754721679860, -3.851763809020494200 ) ) ;
#6086 = CIRCLE ( 'NONE', #6383, 1.500000000000000666 ) ;
#6087 = DIRECTION ( 'NONE',  ( 1.232595164407830946E-32, -0.9659258262890682012, 0.2588190451025211281 ) ) ;
#6088 = ORIENTED_EDGE ( 'NONE', *, *, #3454, .F. ) ;
#6089 = VERTEX_POINT ( 'NONE', #7666 ) ;
#6090 = DIRECTION ( 'NONE',  ( 0.000000000000000000, -0.7071067811865476838, 0.7071067811865473507 ) ) ;
#6091 = DIRECTION ( 'NONE',  ( -2.465190328815661345E-32, 6.137086701989279675E-49, 1.000000000000000000 ) ) ;
#6092 = ORIENTED_EDGE ( 'NONE', *, *, #7813, .T. ) ;
#6093 = CARTESIAN_POINT ( 'NONE',  ( -27.29831731211480772, 8.990477150923901206, -0.08445946488764601023 ) ) ;
#6094 = VERTEX_POINT ( 'NONE', #2074 ) ;
#6095 = VECTOR ( 'NONE', #993, 1000.000000000000227 ) ;
#6096 = EDGE_CURVE ( 'NONE', #3582, #784, #5744, .T. ) ;
#6097 = LINE ( 'NONE', #2043, #365 ) ;
#6098 = ORIENTED_EDGE ( 'NONE', *, *, #7055, .T. ) ;
#6099 = DIRECTION ( 'NONE',  ( -1.000000000000000000, -6.162975822039154730E-33, -2.465190328815661892E-32 ) ) ;
#6100 = CARTESIAN_POINT ( 'NONE',  ( -27.62499999999999645, -1.699999999999999289, 1.198657782018810014 ) ) ;
#6101 = EDGE_CURVE ( 'NONE', #7649, #3143, #4277, .T. ) ;
#6102 = CARTESIAN_POINT ( 'NONE',  ( -28.71000000000000085, 13.10000000000000142, -1.799999999999999600 ) ) ;
#6103 = CIRCLE ( 'NONE', #4924, 0.9511835740451989318 ) ;
#6104 = CARTESIAN_POINT ( 'NONE',  ( 27.49999999999999645, 8.418613096565399800, -5.999999999999992895 ) ) ;
#6105 = EDGE_CURVE ( 'NONE', #6209, #694, #767, .T. ) ;
#6106 = ORIENTED_EDGE ( 'NONE', *, *, #5546, .F. ) ;
#6107 = DIRECTION ( 'NONE',  ( 0.000000000000000000, 0.000000000000000000, 1.000000000000000000 ) ) ;
#6108 = DIRECTION ( 'NONE',  ( 1.000000000000000000, 6.162975822039154730E-33, 2.465190328815661892E-32 ) ) ;
#6109 = CARTESIAN_POINT ( 'NONE',  ( 29.12675071235740276, 8.847006307348900478, -0.4075909618376106214 ) ) ;
#6110 = EDGE_LOOP ( 'NONE', ( #5571, #1505, #5898, #1615 ) ) ;
#6111 = CARTESIAN_POINT ( 'NONE',  ( 27.37000000000000455, -8.550409999999999400, 7.200002400000009573 ) ) ;
#6112 = CIRCLE ( 'NONE', #4935, 0.2107958125779213487 ) ;
#6113 = CARTESIAN_POINT ( 'NONE',  ( 28.24999999999999645, 13.10000000000000142, -3.268085424949194184 ) ) ;
#6114 = PLANE ( 'NONE',  #381 ) ;
#6115 = ADVANCED_FACE ( 'NONE', ( #2951 ), #7031, .F. ) ;
#6116 = EDGE_CURVE ( 'NONE', #4051, #6577, #8394, .T. ) ;
#6117 = DIRECTION ( 'NONE',  ( 0.000000000000000000, -0.7071067811865470176, 0.7071067811865479058 ) ) ;
#6118 = AXIS2_PLACEMENT_3D ( 'NONE', #8891, #6254, #6811 ) ;
#6119 = EDGE_LOOP ( 'NONE', ( #6213, #6204, #6848, #4320 ) ) ;
#6120 = ORIENTED_EDGE ( 'NONE', *, *, #3746, .T. ) ;
#6121 = PLANE ( 'NONE',  #4974 ) ;
#6122 = CARTESIAN_POINT ( 'NONE',  ( -28.71350970116839818, 9.004153843639201682, -0.06180644872439723658 ) ) ;
#6123 = CARTESIAN_POINT ( 'NONE',  ( 26.05000000000659455, 8.896334529550600223, 3.337980045503596394 ) ) ;
#6124 = EDGE_LOOP ( 'NONE', ( #962, #872, #1403, #4700, #6665, #3043, #7755, #582, #5971, #61 ) ) ;
#6125 =( BOUNDED_CURVE ( )  B_SPLINE_CURVE ( 3, ( #4519, #3230, #6722, #6639 ),
 .UNSPECIFIED., .F., .T. ) 
 B_SPLINE_CURVE_WITH_KNOTS ( ( 4, 4 ),
 ( 0.7475843496690010026, 0.8849433621761819690 ),
 .UNSPECIFIED. ) 
 CURVE ( )  GEOMETRIC_REPRESENTATION_ITEM ( )  RATIONAL_B_SPLINE_CURVE ( ( 1.000000000000000000, 0.9984283264015851866, 0.9984283264015851866, 1.000000000000000000 ) ) 
 REPRESENTATION_ITEM ( '' )  );
#6126 = FACE_OUTER_BOUND ( 'NONE', #6436, .T. ) ;
#6127 = DIRECTION ( 'NONE',  ( -1.000000000000000000, -6.162975822039154730E-33, -2.465190328815661892E-32 ) ) ;
#6128 = APPLICATION_PROTOCOL_DEFINITION ( 'draft international standard', 'automotive_design', 1998, #7076 ) ;
#6129 = VERTEX_POINT ( 'NONE', #676 ) ;
#6130 = PLANE ( 'NONE',  #6011 ) ;
#6131 = CARTESIAN_POINT ( 'NONE',  ( -27.50000000000001066, 9.361408879023397134, -3.700000000000398970 ) ) ;
#6132 = CARTESIAN_POINT ( 'NONE',  ( -28.42133301607099938, 12.39199002314739850, -3.969251701900499363 ) ) ;
#6133 = MANIFOLD_SOLID_BREP ( 'Body-Move/Copy2', #4260 ) ;
#6134 = CARTESIAN_POINT ( 'NONE',  ( 28.84458001096529145, 6.890273209732502124, 0.4172889630133774230 ) ) ;
#6135 = AXIS2_PLACEMENT_3D ( 'NONE', #8504, #6510, #4943 ) ;
#6136 = VERTEX_POINT ( 'NONE', #1419 ) ;
#6137 = ORIENTED_EDGE ( 'NONE', *, *, #7590, .F. ) ;
#6138 = CARTESIAN_POINT ( 'NONE',  ( -28.37499999999999645, 8.049116928532395765E-16, 1.817407180272651468 ) ) ;
#6139 = CARTESIAN_POINT ( 'NONE',  ( 26.23566918608069543, 9.087896905888699806, 0.06258671926848667633 ) ) ;
#6140 = CARTESIAN_POINT ( 'NONE',  ( -27.62499999999999645, 8.049116928532395765E-16, 1.509999999999661391 ) ) ;
#6141 = LINE ( 'NONE', #6047, #8778 ) ;
#6142 = CIRCLE ( 'NONE', #108, 0.1580968594334401511 ) ;
#6143 = VECTOR ( 'NONE', #2864, 1000.000000000000114 ) ;
#6144 = VECTOR ( 'NONE', #3485, 1000.000000000000000 ) ;
#6145 = ORIENTED_EDGE ( 'NONE', *, *, #7335, .F. ) ;
#6146 = CARTESIAN_POINT ( 'NONE',  ( -28.00000000000001066, 8.821320343559701627, -0.4999999999999987232 ) ) ;
#6147 = VECTOR ( 'NONE', #6387, 1000.000000000000114 ) ;
#6148 = DIRECTION ( 'NONE',  ( -1.000000000000000000, 3.281431208448924614E-17, -1.224646799147350249E-16 ) ) ;
#6149 = ORIENTED_EDGE ( 'NONE', *, *, #3179, .F. ) ;
#6150 = CARTESIAN_POINT ( 'NONE',  ( -28.37499999999999645, -0.4999999999999996669, 1.509999999999661391 ) ) ;
#6151 = AXIS2_PLACEMENT_3D ( 'NONE', #1327, #2890, #3453 ) ;
#6152 = ADVANCED_FACE ( 'NONE', ( #141 ), #2154, .T. ) ;
#6153 = VECTOR ( 'NONE', #7113, 1000.000000000000000 ) ;
#6154 = DIRECTION ( 'NONE',  ( 6.162975822039150624E-33, -1.000000000000000000, 2.220446049250313574E-16 ) ) ;
#6155 = EDGE_CURVE ( 'NONE', #5328, #7928, #6261, .T. ) ;
#6156 = ORIENTED_EDGE ( 'NONE', *, *, #7763, .F. ) ;
#6157 = CARTESIAN_POINT ( 'NONE',  ( 29.42787518004309888, 8.822091372997002523, -0.4968726694431092050 ) ) ;
#6158 = ORIENTED_EDGE ( 'NONE', *, *, #5596, .T. ) ;
#6159 = DIRECTION ( 'NONE',  ( 1.000000000000000000, 6.162975822039154730E-33, 2.465190328815661892E-32 ) ) ;
#6160 = CARTESIAN_POINT ( 'NONE',  ( -30.75000000000000000, 0.9831053856220991483, -5.000185169558794662 ) ) ;
#6161 = AXIS2_PLACEMENT_3D ( 'NONE', #7245, #3713, #4391 ) ;
#6162 = LINE ( 'NONE', #8253, #8859 ) ;
#6163 = CIRCLE ( 'NONE', #1444, 0.1580968594334392630 ) ;
#6164 = ADVANCED_FACE ( 'NONE', ( #2112 ), #2901, .F. ) ;
#6165 = VERTEX_POINT ( 'NONE', #4148 ) ;
#6166 = EDGE_CURVE ( 'NONE', #4560, #7834, #6018, .T. ) ;
#6167 = AXIS2_PLACEMENT_3D ( 'NONE', #1492, #4461, #210 ) ;
#6168 = ORIENTED_EDGE ( 'NONE', *, *, #5281, .T. ) ;
#6169 = LINE ( 'NONE', #1277, #4837 ) ;
#6170 = CARTESIAN_POINT ( 'NONE',  ( -28.19956048544709759, 8.827712827613899194, -0.4748437240679175830 ) ) ;
#6171 = DIRECTION ( 'NONE',  ( 6.162975822039150624E-33, -1.000000000000000000, 2.220446049250313574E-16 ) ) ;
#6172 = DIRECTION ( 'NONE',  ( -2.465190328815661618E-32, 2.220446049250313574E-16, 1.000000000000000000 ) ) ;
#6173 = EDGE_CURVE ( 'NONE', #7149, #8263, #3372, .T. ) ;
#6174 = ORIENTED_EDGE ( 'NONE', *, *, #7946, .F. ) ;
#6175 = CARTESIAN_POINT ( 'NONE',  ( 27.25189243708059195, 13.10000000000000142, -3.268085424949194184 ) ) ;
#6176 = ADVANCED_FACE ( 'NONE', ( #1549 ), #7176, .F. ) ;
#6177 = CARTESIAN_POINT ( 'NONE',  ( 29.12499999999999645, 8.049116928532395765E-16, 1.370452515831711793 ) ) ;
#6178 = VECTOR ( 'NONE', #8051, 1000.000000000000114 ) ;
#6179 = UNCERTAINTY_MEASURE_WITH_UNIT (LENGTH_MEASURE( 1.000000000000000082E-05 ), #8842, 'distance_accuracy_value', 'NONE');
#6180 = ORIENTED_EDGE ( 'NONE', *, *, #4822, .F. ) ;
#6181 = DIRECTION ( 'NONE',  ( -2.465190328815661345E-32, 6.137086701989279675E-49, 1.000000000000000000 ) ) ;
#6182 = LINE ( 'NONE', #425, #5716 ) ;
#6183 = CARTESIAN_POINT ( 'NONE',  ( 26.18572095441609804, 8.481544069577299894, -0.4999999999999917843 ) ) ;
#6184 = CARTESIAN_POINT ( 'NONE',  ( 28.24999999999999645, 13.10000000000000142, -1.299999999999992051 ) ) ;
#6185 = VECTOR ( 'NONE', #2708, 1000.000000000000000 ) ;
#6186 = VERTEX_POINT ( 'NONE', #5110 ) ;
#6187 = ORIENTED_EDGE ( 'NONE', *, *, #8049, .F. ) ;
#6188 = CARTESIAN_POINT ( 'NONE',  ( -28.66625566823701021, 12.59999999999999964, -1.299999999999999156 ) ) ;
#6189 = CARTESIAN_POINT ( 'NONE',  ( 26.33935118245380025, 8.953175398965802501, -0.1513540303536928811 ) ) ;
#6190 = LINE ( 'NONE', #2685, #2161 ) ;
#6191 = ORIENTED_EDGE ( 'NONE', *, *, #7111, .F. ) ;
#6192 = CARTESIAN_POINT ( 'NONE',  ( -30.75000000000000000, 1.670670136135498751, -4.323565720717695626 ) ) ;
#6193 = FACE_OUTER_BOUND ( 'NONE', #1034, .T. ) ;
#6194 = DIRECTION ( 'NONE',  ( 1.000000000000000000, 6.162975822039154730E-33, 2.465190328815661892E-32 ) ) ;
#6195 = ORIENTED_EDGE ( 'NONE', *, *, #143, .F. ) ;
#6196 = VECTOR ( 'NONE', #7128, 1000.000000000000000 ) ;
#6197 = DIRECTION ( 'NONE',  ( 1.000000000000000000, 6.162975822039154730E-33, 2.465190328815661892E-32 ) ) ;
#6198 = CARTESIAN_POINT ( 'NONE',  ( 29.50000000000000000, 7.400624110387701293, 2.321944453947189846 ) ) ;
#6199 =( BOUNDED_CURVE ( )  B_SPLINE_CURVE ( 3, ( #5750, #3173, #3643, #3906 ),
 .UNSPECIFIED., .F., .T. ) 
 B_SPLINE_CURVE_WITH_KNOTS ( ( 4, 4 ),
 ( 2.574318203148214135, 3.141592653589793116 ),
 .UNSPECIFIED. ) 
 CURVE ( )  GEOMETRIC_REPRESENTATION_ITEM ( )  RATIONAL_B_SPLINE_CURVE ( ( 1.000000000000000000, 0.9733626104681929458, 0.9733626104681929458, 1.000000000000000000 ) ) 
 REPRESENTATION_ITEM ( '' )  );
#6200 = DIRECTION ( 'NONE',  ( 1.224646799147350249E-16, -9.302115961259179889E-16, -1.000000000000000000 ) ) ;
#6201 = ORIENTED_EDGE ( 'NONE', *, *, #7604, .T. ) ;
#6202 = DIRECTION ( 'NONE',  ( -2.465190328815661345E-32, 6.137086701989279675E-49, 1.000000000000000000 ) ) ;
#6203 = LINE ( 'NONE', #4864, #3169 ) ;
#6204 = ORIENTED_EDGE ( 'NONE', *, *, #8068, .F. ) ;
#6205 = LINE ( 'NONE', #1874, #6285 ) ;
#6206 = CARTESIAN_POINT ( 'NONE',  ( 29.80862773183409686, 8.837811387977300370, -0.4382110761893004969 ) ) ;
#6207 = VECTOR ( 'NONE', #52, 1000.000000000000000 ) ;
#6208 = EDGE_CURVE ( 'NONE', #4198, #2111, #7881, .T. ) ;
#6209 = VERTEX_POINT ( 'NONE', #7899 ) ;
#6210 = ORIENTED_EDGE ( 'NONE', *, *, #1081, .F. ) ;
#6211 = FACE_OUTER_BOUND ( 'NONE', #1902, .T. ) ;
#6212 = DIRECTION ( 'NONE',  ( -4.005934284325450574E-31, -0.3420201433262827218, 0.9396926207856849400 ) ) ;
#6213 = ORIENTED_EDGE ( 'NONE', *, *, #1878, .T. ) ;
#6214 = EDGE_CURVE ( 'NONE', #4950, #6265, #8331, .T. ) ;
#6215 = DIRECTION ( 'NONE',  ( -1.182917971378667130E-16, 0.2588190451025211281, 0.9659258262890682012 ) ) ;
#6216 = CARTESIAN_POINT ( 'NONE',  ( 29.67999999999999972, 12.59999999999999964, -3.768085424949194628 ) ) ;
#6217 = EDGE_CURVE ( 'NONE', #6590, #6129, #1746, .T. ) ;
#6218 = ADVANCED_FACE ( 'NONE', ( #5895 ), #958, .F. ) ;
#6219 = ORIENTED_EDGE ( 'NONE', *, *, #5501, .F. ) ;
#6220 = CARTESIAN_POINT ( 'NONE',  ( -31.32000000000000028, 9.100000000000399325, -6.000000000000000000 ) ) ;
#6221 = DIRECTION ( 'NONE',  ( 0.000000000000000000, 0.000000000000000000, 1.000000000000000000 ) ) ;
#6222 = CARTESIAN_POINT ( 'NONE',  ( 28.70000000000000284, 9.294435844495099630, 0.3000000000000103140 ) ) ;
#6223 = EDGE_CURVE ( 'NONE', #5594, #1845, #1911, .T. ) ;
#6224 = LINE ( 'NONE', #2160, #5066 ) ;
#6225 = EDGE_CURVE ( 'NONE', #8781, #6969, #7991, .T. ) ;
#6226 = CARTESIAN_POINT ( 'NONE',  ( 26.49662944544549248, 8.876428779011801495, -0.3219454768150723512 ) ) ;
#6227 = CARTESIAN_POINT ( 'NONE',  ( -25.31999999999999673, 9.197444395117798877, -4.099999999999994316 ) ) ;
#6228 = EDGE_CURVE ( 'NONE', #2675, #8295, #320, .T. ) ;
#6229 = VERTEX_POINT ( 'NONE', #2443 ) ;
#6230 = DIRECTION ( 'NONE',  ( 1.000000000000000000, 6.162975822039154730E-33, 2.465190328815661892E-32 ) ) ;
#6231 = LINE ( 'NONE', #8998, #4327 ) ;
#6232 = EDGE_LOOP ( 'NONE', ( #3429, #7272, #9010, #7606 ) ) ;
#6233 =( NAMED_UNIT ( * ) PLANE_ANGLE_UNIT ( ) SI_UNIT ( $, .RADIAN. ) );
#6234 =( NAMED_UNIT ( * ) PLANE_ANGLE_UNIT ( ) SI_UNIT ( $, .RADIAN. ) );
#6235 = DIRECTION ( 'NONE',  ( -6.162975822039150624E-33, 1.000000000000000000, -2.220446049250313574E-16 ) ) ;
#6236 = PLANE ( 'NONE',  #5214 ) ;
#6237 = CIRCLE ( 'NONE', #4780, 0.2107958125779213487 ) ;
#6238 = CARTESIAN_POINT ( 'NONE',  ( -28.12811949549320545, 12.89289321881345174, -1.299999999999999378 ) ) ;
#6239 = LINE ( 'NONE', #7147, #8214 ) ;
#6240 = ORIENTED_EDGE ( 'NONE', *, *, #1648, .F. ) ;
#6241 = CARTESIAN_POINT ( 'NONE',  ( 29.30043951455299478, 8.827712827613797941, -0.4748437240679314608 ) ) ;
#6242 = ORIENTED_EDGE ( 'NONE', *, *, #6509, .T. ) ;
#6243 = PLANE ( 'NONE',  #3118 ) ;
#6244 = LINE ( 'NONE', #6804, #1256 ) ;
#6245 = VECTOR ( 'NONE', #8788, 1000.000000000000000 ) ;
#6246 = CARTESIAN_POINT ( 'NONE',  ( 29.76838356951440190, 8.833405360466999312, -0.4537755725756101866 ) ) ;
#6247 = EDGE_LOOP ( 'NONE', ( #5764, #3563, #1729, #4122 ) ) ;
#6248 = ORIENTED_EDGE ( 'NONE', *, *, #1211, .T. ) ;
#6249 = DIRECTION ( 'NONE',  ( -1.000000000000000000, -6.162975822039154730E-33, -2.465190328815661892E-32 ) ) ;
#6250 = LINE ( 'NONE', #5607, #2948 ) ;
#6251 = FACE_OUTER_BOUND ( 'NONE', #4186, .T. ) ;
#6252 = AXIS2_PLACEMENT_3D ( 'NONE', #828, #4290, #7866 ) ;
#6253 = ORIENTED_EDGE ( 'NONE', *, *, #5217, .F. ) ;
#6254 = DIRECTION ( 'NONE',  ( 3.610187651973059248E-33, 0.7071067811865475727, 0.7071067811865474617 ) ) ;
#6255 = CARTESIAN_POINT ( 'NONE',  ( 27.79593339917299488, 9.214750784224998270, 0.2166997256535883043 ) ) ;
#6256 = CARTESIAN_POINT ( 'NONE',  ( -26.94672983080224782, 10.66863707979276477, 1.955133692238856913 ) ) ;
#6257 = CARTESIAN_POINT ( 'NONE',  ( -28.40566255679920360, 12.22928142017149966, -3.992332567156402945 ) ) ;
#6258 = VECTOR ( 'NONE', #2438, 1000.000000000000000 ) ;
#6259 = EDGE_CURVE ( 'NONE', #8295, #5381, #6532, .T. ) ;
#6260 = VERTEX_POINT ( 'NONE', #3044 ) ;
#6261 = LINE ( 'NONE', #95, #1002 ) ;
#6262 = FACE_OUTER_BOUND ( 'NONE', #7367, .T. ) ;
#6263 = CARTESIAN_POINT ( 'NONE',  ( 30.59999999999999787, 10.72111025509270377, 2.078889744906690762 ) ) ;
#6264 = CARTESIAN_POINT ( 'NONE',  ( 28.02499999999999503, 9.757417244889499131, 2.759740042635490553 ) ) ;
#6265 = VERTEX_POINT ( 'NONE', #8673 ) ;
#6266 = DIRECTION ( 'NONE',  ( -2.449293598294709866E-16, -8.957850525376296048E-49, 1.000000000000000000 ) ) ;
#6267 = EDGE_CURVE ( 'NONE', #440, #5177, #2354, .T. ) ;
#6268 = VERTEX_POINT ( 'NONE', #2398 ) ;
#6269 =( LENGTH_UNIT ( ) NAMED_UNIT ( * ) SI_UNIT ( .MILLI., .METRE. ) );
#6270 = CARTESIAN_POINT ( 'NONE',  ( 30.45000000000000284, 10.53798004549439860, 1.696334529555780124 ) ) ;
#6271 = CARTESIAN_POINT ( 'NONE',  ( 26.20000000000000284, 9.294435844495099630, 0.3000000000000068723 ) ) ;
#6272 = LINE ( 'NONE', #4764, #3792 ) ;
#6273 = EDGE_CURVE ( 'NONE', #7524, #639, #5128, .T. ) ;
#6274 = ORIENTED_EDGE ( 'NONE', *, *, #2515, .F. ) ;
#6275 = FACE_OUTER_BOUND ( 'NONE', #4705, .T. ) ;
#6276 = CARTESIAN_POINT ( 'NONE',  ( -30.75000000000000000, 1.430721185162600717, -3.786746853471398389 ) ) ;
#6277 = EDGE_CURVE ( 'NONE', #4126, #668, #2536, .T. ) ;
#6278 = ADVANCED_FACE ( 'NONE', ( #6894 ), #3279, .F. ) ;
#6279 = CARTESIAN_POINT ( 'NONE',  ( -27.63000000000000256, 13.10000000000000142, -3.268085424949201290 ) ) ;
#6280 = ORIENTED_EDGE ( 'NONE', *, *, #6990, .T. ) ;
#6281 = CARTESIAN_POINT ( 'NONE',  ( -29.25000000000001066, 12.59999999999999964, -1.299999999999999156 ) ) ;
#6282 = EDGE_CURVE ( 'NONE', #7996, #8789, #5351, .T. ) ;
#6283 = FILL_AREA_STYLE ('',( #4250 ) ) ;
#6284 = AXIS2_PLACEMENT_3D ( 'NONE', #6796, #5588, #6099 ) ;
#6285 = VECTOR ( 'NONE', #3358, 1000.000000000000000 ) ;
#6286 = VECTOR ( 'NONE', #6904, 1000.000000000000000 ) ;
#6287 = PLANE ( 'NONE',  #1587 ) ;
#6288 = CARTESIAN_POINT ( 'NONE',  ( -29.25000000000001066, 12.28524271247460220, -4.000000000000000000 ) ) ;
#6289 = EDGE_LOOP ( 'NONE', ( #7659, #2885, #6747, #4140 ) ) ;
#6290 = DIRECTION ( 'NONE',  ( 0.000000000000000000, 0.000000000000000000, 1.000000000000000000 ) ) ;
#6291 = CIRCLE ( 'NONE', #7312, 0.9511835740451989318 ) ;
#6292 = CARTESIAN_POINT ( 'NONE',  ( 29.47111658517069444, 8.821416308584499433, -0.4996088759915712774 ) ) ;
#6293 = ORIENTED_EDGE ( 'NONE', *, *, #7722, .T. ) ;
#6294 = LINE ( 'NONE', #2095, #9031 ) ;
#6295 = CIRCLE ( 'NONE', #2167, 0.5000000000000004441 ) ;
#6296 = DIRECTION ( 'NONE',  ( -1.000000000000000000, -6.162975822039154730E-33, -2.465190328815661892E-32 ) ) ;
#6297 = VECTOR ( 'NONE', #3002, 1000.000000000000000 ) ;
#6298 = ORIENTED_EDGE ( 'NONE', *, *, #3913, .F. ) ;
#6299 = FILL_AREA_STYLE_COLOUR ( '', #5283 ) ;
#6300 = ORIENTED_EDGE ( 'NONE', *, *, #5275, .T. ) ;
#6301 = CARTESIAN_POINT ( 'NONE',  ( -28.79341302354540488, 9.195486711044701167, 0.1952019328212515337 ) ) ;
#6302 = SURFACE_SIDE_STYLE ('',( #1937 ) ) ;
#6303 = EDGE_LOOP ( 'NONE', ( #6653, #3620, #3943, #5234 ) ) ;
#6304 = LINE ( 'NONE', #6976, #8722 ) ;
#6305 = LINE ( 'NONE', #7704, #5063 ) ;
#6306 = CARTESIAN_POINT ( 'NONE',  ( -28.40018393188069368, 12.27383770599160151, -3.999755210078201895 ) ) ;
#6307 = CARTESIAN_POINT ( 'NONE',  ( 25.75000000000115463, 9.100000000000399325, -6.000000000000000000 ) ) ;
#6308 = VECTOR ( 'NONE', #7047, 1000.000000000000114 ) ;
#6309 = AXIS2_PLACEMENT_3D ( 'NONE', #8804, #8896, #1985 ) ;
#6310 = ORIENTED_EDGE ( 'NONE', *, *, #8438, .F. ) ;
#6311 = CARTESIAN_POINT ( 'NONE',  ( -27.05000000000000426, 8.699502414410101636, -0.1421431015282085264 ) ) ;
#6312 = DIRECTION ( 'NONE',  ( 1.224646799147350249E-16, 1.410381911693479320E-49, -1.000000000000000000 ) ) ;
#6313 = VERTEX_POINT ( 'NONE', #2668 ) ;
#6314 = CARTESIAN_POINT ( 'NONE',  ( 26.29922198009588996, 7.999999999999497291, -0.4999999999999917843 ) ) ;
#6315 = ORIENTED_EDGE ( 'NONE', *, *, #8547, .T. ) ;
#6316 = CARTESIAN_POINT ( 'NONE',  ( -22.81999999999999318, 6.800000000000001599, 6.000000000000001776 ) ) ;
#6317 = AXIS2_PLACEMENT_3D ( 'NONE', #5241, #998, #5193 ) ;
#6318 = LINE ( 'NONE', #2863, #6207 ) ;
#6319 = CARTESIAN_POINT ( 'NONE',  ( -29.25000000000001066, 12.28524271247460220, -3.800000000000001155 ) ) ;
#6320 =( BOUNDED_CURVE ( )  B_SPLINE_CURVE ( 3, ( #8536, #2866, #4328, #823 ),
 .UNSPECIFIED., .F., .T. ) 
 B_SPLINE_CURVE_WITH_KNOTS ( ( 4, 4 ),
 ( 0.5279747135787856704, 0.8330703583416705360 ),
 .UNSPECIFIED. ) 
 CURVE ( )  GEOMETRIC_REPRESENTATION_ITEM ( )  RATIONAL_B_SPLINE_CURVE ( ( 1.000000000000000000, 0.9922580848516053820, 0.9922580848516053820, 1.000000000000000000 ) ) 
 REPRESENTATION_ITEM ( '' )  );
#6321 = AXIS2_PLACEMENT_3D ( 'NONE', #7044, #56, #651 ) ;
#6322 = ADVANCED_FACE ( 'NONE', ( #6211 ), #6769, .F. ) ;
#6323 = CIRCLE ( 'NONE', #6620, 0.5000000000000000000 ) ;
#6324 = ORIENTED_EDGE ( 'NONE', *, *, #2453, .F. ) ;
#6325 = DIRECTION ( 'NONE',  ( 2.465190328815661345E-32, -6.137086701989279675E-49, -1.000000000000000000 ) ) ;
#6326 = VECTOR ( 'NONE', #3618, 1000.000000000000000 ) ;
#6327 = CYLINDRICAL_SURFACE ( 'NONE', #1704, 0.1580968594333850563 ) ;
#6328 = CARTESIAN_POINT ( 'NONE',  ( -27.99999999999999645, 8.049116928532395765E-16, 1.799999999999659872 ) ) ;
#6329 = ORIENTED_EDGE ( 'NONE', *, *, #3134, .T. ) ;
#6330 = PRESENTATION_STYLE_ASSIGNMENT (( #3523 ) ) ;
#6331 = EDGE_CURVE ( 'NONE', #5271, #3689, #3228, .T. ) ;
#6332 = CARTESIAN_POINT ( 'NONE',  ( -30.75000000000000000, 2.776945663413300291, -3.944843712904995581 ) ) ;
#6333 = AXIS2_PLACEMENT_3D ( 'NONE', #7181, #2997, #5253 ) ;
#6334 = EDGE_CURVE ( 'NONE', #5780, #6260, #6169, .T. ) ;
#6335 = FACE_OUTER_BOUND ( 'NONE', #1290, .T. ) ;
#6336 = CARTESIAN_POINT ( 'NONE',  ( 28.24999999999885247, 8.673617379884035472E-16, 6.000000000000005329 ) ) ;
#6337 = ORIENTED_EDGE ( 'NONE', *, *, #680, .T. ) ;
#6338 = EDGE_CURVE ( 'NONE', #7793, #3083, #1839, .T. ) ;
#6339 = EDGE_CURVE ( 'NONE', #3582, #484, #547, .T. ) ;
#6340 = CARTESIAN_POINT ( 'NONE',  ( 28.83935118245489804, 8.953175398964900111, -0.1513540303552818878 ) ) ;
#6341 = ORIENTED_EDGE ( 'NONE', *, *, #7442, .T. ) ;
#6342 = DIRECTION ( 'NONE',  ( -6.162975822039150624E-33, 1.000000000000000000, -2.220446049250313574E-16 ) ) ;
#6343 = EDGE_CURVE ( 'NONE', #2931, #1160, #3319, .T. ) ;
#6344 = UNCERTAINTY_MEASURE_WITH_UNIT (LENGTH_MEASURE( 1.000000000000000082E-05 ), #5060, 'distance_accuracy_value', 'NONE');
#6345 = ORIENTED_EDGE ( 'NONE', *, *, #6733, .F. ) ;
#6346 = ORIENTED_EDGE ( 'NONE', *, *, #5095, .T. ) ;
#6347 = CARTESIAN_POINT ( 'NONE',  ( 26.59042280667170388, 12.21356064408829845, -3.986795451170394244 ) ) ;
#6348 = EDGE_LOOP ( 'NONE', ( #3923, #8863, #4299, #4193 ) ) ;
#6349 = CARTESIAN_POINT ( 'NONE',  ( 27.49999999999999645, 8.049116928532395765E-16, -4.099999999999988987 ) ) ;
#6350 = ORIENTED_EDGE ( 'NONE', *, *, #1712, .F. ) ;
#6351 = DIRECTION ( 'NONE',  ( -1.000000000000000000, -6.162975822039154730E-33, -2.465190328815661892E-32 ) ) ;
#6352 = CARTESIAN_POINT ( 'NONE',  ( 30.30000000000000071, 11.46816914538750076, 0.3000000000000103140 ) ) ;
#6353 = LINE ( 'NONE', #44, #8743 ) ;
#6354 = ORIENTED_EDGE ( 'NONE', *, *, #6331, .F. ) ;
#6355 = FILL_AREA_STYLE ('',( #3639 ) ) ;
#6356 = FACE_OUTER_BOUND ( 'NONE', #3896, .T. ) ;
#6357 = FILL_AREA_STYLE_COLOUR ( '', #8369 ) ;
#6358 = VERTEX_POINT ( 'NONE', #8086 ) ;
#6359 = DIRECTION ( 'NONE',  ( 1.000000000000000000, 6.162975822039154730E-33, 2.465190328815661892E-32 ) ) ;
#6360 = ORIENTED_EDGE ( 'NONE', *, *, #5267, .T. ) ;
#6361 = LINE ( 'NONE', #681, #6441 ) ;
#6362 = CARTESIAN_POINT ( 'NONE',  ( 29.50000000000000000, 6.890273209732502124, 0.4172889630133774230 ) ) ;
#6363 = CARTESIAN_POINT ( 'NONE',  ( 26.20000000000000284, 11.46816914538750076, 0.3000000000000068723 ) ) ;
#6364 = DIRECTION ( 'NONE',  ( 0.000000000000000000, 0.000000000000000000, 1.000000000000000000 ) ) ;
#6365 = ORIENTED_EDGE ( 'NONE', *, *, #3574, .F. ) ;
#6366 = CARTESIAN_POINT ( 'NONE',  ( -27.99999999999999645, -0.4999999999999996669, 1.799999999999659872 ) ) ;
#6367 = CARTESIAN_POINT ( 'NONE',  ( 27.95000000000000284, 8.528679656440697698, 0.02867965644116031443 ) ) ;
#6368 = DIRECTION ( 'NONE',  ( -2.449293598294709866E-16, -8.957850525376296048E-49, 1.000000000000000000 ) ) ;
#6369 = PLANE ( 'NONE',  #2869 ) ;
#6370 = ORIENTED_EDGE ( 'NONE', *, *, #2062, .T. ) ;
#6371 = CARTESIAN_POINT ( 'NONE',  ( -30.64999999999999503, 1.670670136135498751, -4.165468861284396418 ) ) ;
#6372 = LINE ( 'NONE', #116, #710 ) ;
#6373 = EDGE_CURVE ( 'NONE', #1196, #4617, #7405, .T. ) ;
#6374 = ORIENTED_EDGE ( 'NONE', *, *, #525, .T. ) ;
#6375 = CARTESIAN_POINT ( 'NONE',  ( 28.75141900837810383, 9.055845581400799205, 0.01755675158147777803 ) ) ;
#6376 = ORIENTED_EDGE ( 'NONE', *, *, #3194, .T. ) ;
#6377 = ADVANCED_FACE ( 'NONE', ( #8218 ), #6121, .F. ) ;
#6378 = LINE ( 'NONE', #9059, #1562 ) ;
#6379 = CARTESIAN_POINT ( 'NONE',  ( -28.00000000000001066, 9.717157287525500564, 2.517157287525053189 ) ) ;
#6380 = DIRECTION ( 'NONE',  ( -1.000000000000000000, 3.281431208448924614E-17, -1.224646799147350249E-16 ) ) ;
#6381 = AXIS2_PLACEMENT_3D ( 'NONE', #1949, #6087, #4720 ) ;
#6382 = EDGE_CURVE ( 'NONE', #4588, #1622, #6006, .T. ) ;
#6383 = AXIS2_PLACEMENT_3D ( 'NONE', #5311, #6591, #1803 ) ;
#6384 = ORIENTED_EDGE ( 'NONE', *, *, #8494, .F. ) ;
#6385 = EDGE_CURVE ( 'NONE', #8381, #3773, #4657, .T. ) ;
#6386 = ORIENTED_EDGE ( 'NONE', *, *, #5504, .T. ) ;
#6387 = DIRECTION ( 'NONE',  ( -0.2456180623827269593, -0.9693666836813378263, 2.152426423055105252E-16 ) ) ;
#6388 = CARTESIAN_POINT ( 'NONE',  ( -25.31999999999999673, 9.197444395117798877, -4.099999999999994316 ) ) ;
#6389 = EDGE_LOOP ( 'NONE', ( #2238, #7063, #2085, #2667 ) ) ;
#6390 = EDGE_CURVE ( 'NONE', #703, #5618, #1144, .T. ) ;
#6391 = AXIS2_PLACEMENT_3D ( 'NONE', #50, #5659, #7809 ) ;
#6392 = VERTEX_POINT ( 'NONE', #5395 ) ;
#6393 = LINE ( 'NONE', #2712, #7170 ) ;
#6394 = CARTESIAN_POINT ( 'NONE',  ( 28.24999999999999645, 11.50000000000000000, -5.999999999999993783 ) ) ;
#6395 = SURFACE_SIDE_STYLE ('',( #42 ) ) ;
#6396 = CARTESIAN_POINT ( 'NONE',  ( -27.63000000000000256, 12.28524271247460220, -4.000000000000000000 ) ) ;
#6397 = EDGE_CURVE ( 'NONE', #5925, #4986, #8170, .T. ) ;
#6398 = AXIS2_PLACEMENT_3D ( 'NONE', #7015, #31, #7209 ) ;
#6399 = ORIENTED_EDGE ( 'NONE', *, *, #8437, .F. ) ;
#6400 = DIRECTION ( 'NONE',  ( -1.182917971378667130E-16, 0.2588190451025211281, 0.9659258262890682012 ) ) ;
#6401 = DIRECTION ( 'NONE',  ( 1.000000000000000000, 6.162975822039154730E-33, 2.465190328815661892E-32 ) ) ;
#6402 = CARTESIAN_POINT ( 'NONE',  ( -27.32072123880164938, 7.339736242751196293, 2.094707838363110586 ) ) ;
#6403 = ORIENTED_EDGE ( 'NONE', *, *, #317, .T. ) ;
#6404 = DIRECTION ( 'NONE',  ( 2.449293598294709866E-16, 8.957850525376296048E-49, -1.000000000000000000 ) ) ;
#6405 = DIRECTION ( 'NONE',  ( 0.2294157338709659766, -0.9733285267844798971, 2.442176726080345280E-16 ) ) ;
#6406 = ORIENTED_EDGE ( 'NONE', *, *, #8227, .T. ) ;
#6407 = LINE ( 'NONE', #5661, #5276 ) ;
#6408 = CARTESIAN_POINT ( 'NONE',  ( 25.75000000000115463, 11.49999999999999822, -4.099999999999992539 ) ) ;
#6409 = DIRECTION ( 'NONE',  ( -2.465190328815661345E-32, 6.137086701989279675E-49, 1.000000000000000000 ) ) ;
#6410 = CIRCLE ( 'NONE', #7563, 0.1580968594334210553 ) ;
#6411 = CARTESIAN_POINT ( 'NONE',  ( 29.50000000000000000, -0.4999999999999996669, 1.299999999999652101 ) ) ;
#6412 = VERTEX_POINT ( 'NONE', #1935 ) ;
#6413 = CARTESIAN_POINT ( 'NONE',  ( 29.20399149855239074, -3.500000000000399680, 1.168991498552089725 ) ) ;
#6414 = LINE ( 'NONE', #7781, #9034 ) ;
#6415 = DIRECTION ( 'NONE',  ( -1.000000000000000000, -6.162975822039154730E-33, -2.465190328815661892E-32 ) ) ;
#6416 = ORIENTED_EDGE ( 'NONE', *, *, #8178, .F. ) ;
#6417 = CYLINDRICAL_SURFACE ( 'NONE', #3999, 0.7999999999999986011 ) ;
#6418 = CARTESIAN_POINT ( 'NONE',  ( 27.17999999999999616, 13.10000000000000142, -1.799999999999992495 ) ) ;
#6419 =( BOUNDED_CURVE ( )  B_SPLINE_CURVE ( 3, ( #1413, #8522, #4218, #5650 ),
 .UNSPECIFIED., .F., .T. ) 
 B_SPLINE_CURVE_WITH_KNOTS ( ( 4, 4 ),
 ( 4.208490971255638868, 4.575793755148968245 ),
 .UNSPECIFIED. ) 
 CURVE ( )  GEOMETRIC_REPRESENTATION_ITEM ( )  RATIONAL_B_SPLINE_CURVE ( ( 1.000000000000000000, 0.9887889523180812823, 0.9887889523180812823, 1.000000000000000000 ) ) 
 REPRESENTATION_ITEM ( '' )  );
#6420 = CARTESIAN_POINT ( 'NONE',  ( -30.75000000000000000, 8.049116928532391821E-16, 6.000000000000005329 ) ) ;
#6421 = CARTESIAN_POINT ( 'NONE',  ( -28.80000000000000782, 11.46816914538750076, 0.3000000000000033751 ) ) ;
#6422 = DIRECTION ( 'NONE',  ( -1.000000000000000000, -6.162975822039154730E-33, -2.465190328815661892E-32 ) ) ;
#6423 = ORIENTED_EDGE ( 'NONE', *, *, #1545, .F. ) ;
#6424 = LINE ( 'NONE', #7792, #4100 ) ;
#6425 = ORIENTED_EDGE ( 'NONE', *, *, #2394, .T. ) ;
#6426 = AXIS2_PLACEMENT_3D ( 'NONE', #2231, #4200, #162 ) ;
#6427 = LINE ( 'NONE', #2188, #6144 ) ;
#6428 = CARTESIAN_POINT ( 'NONE',  ( 30.30000000000000071, 9.294435844492799248, 0.3000000000000103140 ) ) ;
#6429 = DIRECTION ( 'NONE',  ( 2.465190328815661345E-32, -6.137086701989279675E-49, -1.000000000000000000 ) ) ;
#6430 = VECTOR ( 'NONE', #236, 1000.000000000000000 ) ;
#6431 = CIRCLE ( 'NONE', #6589, 0.5000000000000004441 ) ;
#6432 = VECTOR ( 'NONE', #4503, 1000.000000000000114 ) ;
#6433 = EDGE_LOOP ( 'NONE', ( #5201, #1009, #202, #6315, #663, #3027, #948 ) ) ;
#6434 = CARTESIAN_POINT ( 'NONE',  ( 26.59433744320080351, 12.22928142017149966, -3.992332567156395839 ) ) ;
#6435 = LINE ( 'NONE', #2294, #5441 ) ;
#6436 = EDGE_LOOP ( 'NONE', ( #1817, #806, #291, #1214 ) ) ;
#6437 =( GEOMETRIC_REPRESENTATION_CONTEXT ( 3 ) GLOBAL_UNCERTAINTY_ASSIGNED_CONTEXT ( ( #4402 ) ) GLOBAL_UNIT_ASSIGNED_CONTEXT ( ( #1693, #8082, #1743 ) ) REPRESENTATION_CONTEXT ( 'NONE', 'WORKASPACE' ) );
#6438 = ORIENTED_EDGE ( 'NONE', *, *, #8011, .T. ) ;
#6439 = CARTESIAN_POINT ( 'NONE',  ( 29.67999999999999972, 12.59999999999999964, -1.799999999999992495 ) ) ;
#6440 = CARTESIAN_POINT ( 'NONE',  ( -28.41573130539219605, 12.19351624769940123, -3.977808048740000935 ) ) ;
#6441 = VECTOR ( 'NONE', #4933, 1000.000000000000000 ) ;
#6442 = LINE ( 'NONE', #3550, #4960 ) ;
#6443 = EDGE_CURVE ( 'NONE', #3014, #6392, #4912, .T. ) ;
#6444 = EDGE_CURVE ( 'NONE', #3543, #3432, #3627, .T. ) ;
#6445 = EDGE_CURVE ( 'NONE', #8311, #1845, #6997, .T. ) ;
#6446 = ORIENTED_EDGE ( 'NONE', *, *, #2829, .T. ) ;
#6447 = CARTESIAN_POINT ( 'NONE',  ( -25.31999999999999673, 11.50000000000000000, -4.099999999999996092 ) ) ;
#6448 = CARTESIAN_POINT ( 'NONE',  ( -29.25000000000001066, 8.049116928532391821E-16, -3.499999999999996003 ) ) ;
#6449 = PRESENTATION_LAYER_ASSIGNMENT (  '', '', ( #1294 ) ) ;
#6450 = ORIENTED_EDGE ( 'NONE', *, *, #5105, .F. ) ;
#6451 = LINE ( 'NONE', #8121, #5798 ) ;
#6452 = EDGE_CURVE ( 'NONE', #5932, #7990, #6424, .T. ) ;
#6453 = CARTESIAN_POINT ( 'NONE',  ( 26.84625566823700638, 12.59999999999999964, -3.224224127923194239 ) ) ;
#6454 = LINE ( 'NONE', #8447, #2907 ) ;
#6455 = AXIS2_PLACEMENT_3D ( 'NONE', #2694, #4781, #1393 ) ;
#6456 = EDGE_CURVE ( 'NONE', #5594, #847, #2377, .T. ) ;
#6457 = PLANE ( 'NONE',  #5295 ) ;
#6458 = ORIENTED_EDGE ( 'NONE', *, *, #1212, .T. ) ;
#6459 = FACE_OUTER_BOUND ( 'NONE', #5738, .T. ) ;
#6460 = CARTESIAN_POINT ( 'NONE',  ( 26.59336634435810609, 12.34474024512579859, -3.990945132455393285 ) ) ;
#6461 = CARTESIAN_POINT ( 'NONE',  ( -28.95000000000000284, 8.699502414407600526, -0.1421431015306683920 ) ) ;
#6462 = VECTOR ( 'NONE', #1226, 1000.000000000000000 ) ;
#6463 = VECTOR ( 'NONE', #8625, 1000.000000000000000 ) ;
#6464 = CARTESIAN_POINT ( 'NONE',  ( 29.86999999999999389, 12.42666406871190077, -3.941421356237293505 ) ) ;
#6465 = ORIENTED_EDGE ( 'NONE', *, *, #5105, .T. ) ;
#6466 = CARTESIAN_POINT ( 'NONE',  ( 26.05000000000000426, 7.225050937922400607, 1.666696453860477378 ) ) ;
#6467 = DIRECTION ( 'NONE',  ( -6.162975822039150624E-33, 1.000000000000000000, -2.220446049250313574E-16 ) ) ;
#6468 = CARTESIAN_POINT ( 'NONE',  ( 28.80126062423260436, 11.50000000000000000, 0.7274468252821686409 ) ) ;
#6469 = AXIS2_PLACEMENT_3D ( 'NONE', #8020, #7383, #7340 ) ;
#6470 = CARTESIAN_POINT ( 'NONE',  ( 26.54174243050459836, 9.443391120976400543, -3.499999999999991118 ) ) ;
#6471 = PLANE ( 'NONE',  #8203 ) ;
#6472 = LINE ( 'NONE', #166, #4566 ) ;
#6473 = ORIENTED_EDGE ( 'NONE', *, *, #8676, .F. ) ;
#6474 =( BOUNDED_CURVE ( )  B_SPLINE_CURVE ( 3, ( #5662, #8446, #4979, #6453 ),
 .UNSPECIFIED., .F., .T. ) 
 B_SPLINE_CURVE_WITH_KNOTS ( ( 4, 4 ),
 ( 4.934203450881470054, 5.024941682214945970 ),
 .UNSPECIFIED. ) 
 CURVE ( )  GEOMETRIC_REPRESENTATION_ITEM ( )  RATIONAL_B_SPLINE_CURVE ( ( 1.000000000000000000, 0.9993139987962458282, 0.9993139987962458282, 1.000000000000000000 ) ) 
 REPRESENTATION_ITEM ( '' )  );
#6475 = ORIENTED_EDGE ( 'NONE', *, *, #357, .T. ) ;
#6476 = VECTOR ( 'NONE', #3680, 1000.000000000000114 ) ;
#6477 = DIRECTION ( 'NONE',  ( -2.465190328815661345E-32, 6.137086701989279675E-49, 1.000000000000000000 ) ) ;
#6478 = DIRECTION ( 'NONE',  ( -3.610187651973906322E-33, -0.7071067811864790720, 0.7071067811866160735 ) ) ;
#6479 = DIRECTION ( 'NONE',  ( -3.610187651973074301E-33, -0.7071067811865470176, -0.7071067811865479058 ) ) ;
#6480 = ORIENTED_EDGE ( 'NONE', *, *, #4435, .T. ) ;
#6481 = CARTESIAN_POINT ( 'NONE',  ( 26.59172752838770393, 12.21880027177659933, -3.988640934248392167 ) ) ;
#6482 = CARTESIAN_POINT ( 'NONE',  ( -27.81999999999999673, 7.903781086372598352, -0.5962189136269283596 ) ) ;
#6483 = EDGE_LOOP ( 'NONE', ( #8297, #4134, #4429, #1632 ) ) ;
#6484 = DIRECTION ( 'NONE',  ( 3.610187651973059248E-33, 0.7071067811865475727, 0.7071067811865474617 ) ) ;
#6485 = CARTESIAN_POINT ( 'NONE',  ( 25.57162559714530659, 5.170765814495903001, -5.999999999999992006 ) ) ;
#6486 = FACE_OUTER_BOUND ( 'NONE', #585, .T. ) ;
#6487 = CARTESIAN_POINT ( 'NONE',  ( 30.30000000000000071, 18.79999999999789750, -5.999999999999995559 ) ) ;
#6488 = CARTESIAN_POINT ( 'NONE',  ( 28.07162559714529593, 5.170765814495903001, -5.999999999999992006 ) ) ;
#6489 = DIRECTION ( 'NONE',  ( 6.162975822039150624E-33, -1.000000000000000000, 2.220446049250313574E-16 ) ) ;
#6490 = ORIENTED_EDGE ( 'NONE', *, *, #7600, .T. ) ;
#6491 = DIRECTION ( 'NONE',  ( 3.172845517115359508E-31, 0.2588190451025210170, 0.9659258262890682012 ) ) ;
#6492 = ADVANCED_FACE ( 'NONE', ( #4451 ), #1678, .F. ) ;
#6493 = EDGE_LOOP ( 'NONE', ( #7392, #3393, #2286, #3436 ) ) ;
#6494 = DIRECTION ( 'NONE',  ( -1.000000000000000000, -6.162975822039154730E-33, -2.465190328815661892E-32 ) ) ;
#6495 = ORIENTED_EDGE ( 'NONE', *, *, #6839, .F. ) ;
#6496 = FACE_OUTER_BOUND ( 'NONE', #961, .T. ) ;
#6497 = EDGE_CURVE ( 'NONE', #8501, #8635, #2471, .T. ) ;
#6498 = CARTESIAN_POINT ( 'NONE',  ( -30.75000000000000000, 2.223807899774399299, -4.055156287094595413 ) ) ;
#6499 = CYLINDRICAL_SURFACE ( 'NONE', #8892, 1.500000000000000222 ) ;
#6500 = EDGE_CURVE ( 'NONE', #8772, #668, #5233, .T. ) ;
#6501 = EDGE_CURVE ( 'NONE', #6596, #8393, #4096, .T. ) ;
#6502 = ORIENTED_EDGE ( 'NONE', *, *, #5824, .T. ) ;
#6503 = CARTESIAN_POINT ( 'NONE',  ( -30.75000000000000000, 2.776945663413300291, -4.323565720717696514 ) ) ;
#6504 = CARTESIAN_POINT ( 'NONE',  ( 26.58682400932579881, 12.36930457608920264, -3.981594081774991079 ) ) ;
#6505 = CARTESIAN_POINT ( 'NONE',  ( -28.40203762669150933, 12.31885796925670107, -3.997268448603600532 ) ) ;
#6506 = ADVANCED_FACE ( 'NONE', ( #5520 ), #3447, .F. ) ;
#6507 = DIRECTION ( 'NONE',  ( -2.465190328815661345E-32, 6.137086701989279675E-49, 1.000000000000000000 ) ) ;
#6508 = EDGE_LOOP ( 'NONE', ( #8299, #1423, #8803, #2153 ) ) ;
#6509 = EDGE_CURVE ( 'NONE', #6703, #639, #846, .T. ) ;
#6510 = DIRECTION ( 'NONE',  ( 6.162975822039150624E-33, -1.000000000000000000, 2.220446049250313574E-16 ) ) ;
#6511 = DIRECTION ( 'NONE',  ( 1.000000000000000000, 6.162975822039154730E-33, 2.465190328815661892E-32 ) ) ;
#6512 = DIRECTION ( 'NONE',  ( -1.000000000000000000, -6.162975822039154730E-33, -2.465190328815661892E-32 ) ) ;
#6513 = DIRECTION ( 'NONE',  ( -3.236649337805362286E-31, 0.2588190451025209615, -0.9659258262890682012 ) ) ;
#6514 = CARTESIAN_POINT ( 'NONE',  ( 29.87500000000000000, 8.049116928532395765E-16, 1.509999999999660947 ) ) ;
#6515 = ORIENTED_EDGE ( 'NONE', *, *, #8813, .T. ) ;
#6516 = CARTESIAN_POINT ( 'NONE',  ( 28.71356970271669695, 9.158030092238099940, 0.1516280025343780813 ) ) ;
#6517 = ORIENTED_EDGE ( 'NONE', *, *, #1766, .F. ) ;
#6518 = LINE ( 'NONE', #1731, #113 ) ;
#6519 = DIRECTION ( 'NONE',  ( -5.801957056841932144E-32, 0.7071067811866160735, 0.7071067811864790720 ) ) ;
#6520 = DIRECTION ( 'NONE',  ( -1.000000000000000000, -6.162975822039154730E-33, -2.465190328815661892E-32 ) ) ;
#6521 = FACE_OUTER_BOUND ( 'NONE', #905, .T. ) ;
#6522 = VERTEX_POINT ( 'NONE', #5777 ) ;
#6523 = LINE ( 'NONE', #7259, #1305 ) ;
#6524 = ORIENTED_EDGE ( 'NONE', *, *, #4822, .T. ) ;
#6525 = FACE_OUTER_BOUND ( 'NONE', #8318, .T. ) ;
#6526 = PLANE ( 'NONE',  #8620 ) ;
#6527 = LINE ( 'NONE', #216, #3771 ) ;
#6528 = CARTESIAN_POINT ( 'NONE',  ( 26.34458001096530566, 6.890273209732502124, 0.4172889630133774230 ) ) ;
#6529 = UNCERTAINTY_MEASURE_WITH_UNIT (LENGTH_MEASURE( 1.000000000000000082E-05 ), #3832, 'distance_accuracy_value', 'NONE');
#6530 = ORIENTED_EDGE ( 'NONE', *, *, #2723, .F. ) ;
#6531 = ORIENTED_EDGE ( 'NONE', *, *, #2384, .T. ) ;
#6532 = LINE ( 'NONE', #6585, #422 ) ;
#6533 = DIRECTION ( 'NONE',  ( -3.479079229312973646E-14, 0.7071067811864790720, -0.7071067811866160735 ) ) ;
#6534 = CARTESIAN_POINT ( 'NONE',  ( -30.64999999999999503, 2.223807899774399299, -3.826794156801795133 ) ) ;
#6535 = AXIS2_PLACEMENT_3D ( 'NONE', #1079, #397, #3215 ) ;
#6536 = VERTEX_POINT ( 'NONE', #3721 ) ;
#6537 = PLANE ( 'NONE',  #3459 ) ;
#6538 = ORIENTED_EDGE ( 'NONE', *, *, #4420, .T. ) ;
#6539 = DIRECTION ( 'NONE',  ( 6.162975822039150624E-33, -1.000000000000000000, 2.220446049250313574E-16 ) ) ;
#6540 = DIRECTION ( 'NONE',  ( -1.000000000000000000, -6.162975822039154730E-33, -2.465190328815661892E-32 ) ) ;
#6541 = DIRECTION ( 'NONE',  ( -5.546678239835239257E-32, -0.7071067811865480168, 0.7071067811865470176 ) ) ;
#6542 = DIRECTION ( 'NONE',  ( -1.000000000000000000, -6.162975822039154730E-33, -2.465190328815661892E-32 ) ) ;
#6543 = AXIS2_PLACEMENT_3D ( 'NONE', #203, #2285, #7875 ) ;
#6544 = EDGE_CURVE ( 'NONE', #1101, #3612, #2290, .T. ) ;
#6545 = DIRECTION ( 'NONE',  ( -6.162975822039150624E-33, 1.000000000000000000, -2.220446049250313574E-16 ) ) ;
#6546 = ADVANCED_FACE ( 'NONE', ( #6521 ), #8734, .F. ) ;
#6547 = ORIENTED_EDGE ( 'NONE', *, *, #5327, .T. ) ;
#6548 = DIRECTION ( 'NONE',  ( 1.307364598815785821E-32, 0.7071067811865480168, -0.7071067811865471286 ) ) ;
#6549 = CARTESIAN_POINT ( 'NONE',  ( 29.67999999999999972, 8.049116928532395765E-16, -5.999999999999991118 ) ) ;
#6550 = LINE ( 'NONE', #2459, #874 ) ;
#6551 = VECTOR ( 'NONE', #3720, 1000.000000000000114 ) ;
#6552 = CARTESIAN_POINT ( 'NONE',  ( 30.28643029728300107, 9.158030092237201103, 0.1516280025332886749 ) ) ;
#6553 = ORIENTED_EDGE ( 'NONE', *, *, #305, .F. ) ;
#6554 = CARTESIAN_POINT ( 'NONE',  ( 26.61415224158760040, 8.849074499528201798, -0.4009453565461205127 ) ) ;
#6555 = DIRECTION ( 'NONE',  ( 0.000000000000000000, 0.000000000000000000, 1.000000000000000000 ) ) ;
#6556 = CARTESIAN_POINT ( 'NONE',  ( -30.75000000000000000, 1.670670136135498751, -3.786746853471398389 ) ) ;
#6557 = VECTOR ( 'NONE', #4650, 1000.000000000000000 ) ;
#6558 = EDGE_CURVE ( 'NONE', #6012, #4002, #5592, .T. ) ;
#6559 = ORIENTED_EDGE ( 'NONE', *, *, #2327, .T. ) ;
#6560 = EDGE_CURVE ( 'NONE', #999, #8417, #9053, .T. ) ;
#6561 = CARTESIAN_POINT ( 'NONE',  ( -27.21803201035830000, 9.139839182138800311, 0.1295531490774510242 ) ) ;
#6562 = CARTESIAN_POINT ( 'NONE',  ( -30.64999999999999503, 1.430721185162600717, -3.944843712904794408 ) ) ;
#6563 = LINE ( 'NONE', #8776, #869 ) ;
#6564 = FACE_OUTER_BOUND ( 'NONE', #4849, .T. ) ;
#6565 = EDGE_LOOP ( 'NONE', ( #2176, #388, #8708, #2800 ) ) ;
#6566 = CARTESIAN_POINT ( 'NONE',  ( 25.74999999999999645, 12.42666406871190077, -3.941421356237293505 ) ) ;
#6567 = ORIENTED_EDGE ( 'NONE', *, *, #1314, .F. ) ;
#6568 = EDGE_CURVE ( 'NONE', #244, #4085, #4899, .T. ) ;
#6569 = LINE ( 'NONE', #7347, #5684 ) ;
#6570 = CARTESIAN_POINT ( 'NONE',  ( 27.68213985941239841, 8.971150376206701083, -0.1181604213243824669 ) ) ;
#6571 = CARTESIAN_POINT ( 'NONE',  ( 26.20000000000230500, 11.50000000000000000, 0.3318308546125092184 ) ) ;
#6572 = CARTESIAN_POINT ( 'NONE',  ( 27.25882086191949583, -0.4999999999999996669, -5.345883038381290753 ) ) ;
#6573 = ORIENTED_EDGE ( 'NONE', *, *, #3855, .F. ) ;
#6574 = CARTESIAN_POINT ( 'NONE',  ( -28.00000000000001066, 7.439997600000002542, 0.2399975999999842124 ) ) ;
#6575 = VECTOR ( 'NONE', #5672, 1000.000000000000000 ) ;
#6576 = LINE ( 'NONE', #4354, #8480 ) ;
#6577 = VERTEX_POINT ( 'NONE', #7601 ) ;
#6578 = CARTESIAN_POINT ( 'NONE',  ( 25.74999999999999645, 8.049116928532395765E-16, -1.299999999999988720 ) ) ;
#6579 = LINE ( 'NONE', #4564, #3475 ) ;
#6580 = AXIS2_PLACEMENT_3D ( 'NONE', #6264, #2767, #5617 ) ;
#6581 = VECTOR ( 'NONE', #1954, 1000.000000000000000 ) ;
#6582 = VERTEX_POINT ( 'NONE', #658 ) ;
#6583 = CIRCLE ( 'NONE', #5689, 0.2000000000000000944 ) ;
#6584 = VERTEX_POINT ( 'NONE', #5632 ) ;
#6585 = CARTESIAN_POINT ( 'NONE',  ( 25.74999999999999645, 13.10000000000000142, -5.999999999999993783 ) ) ;
#6586 = LINE ( 'NONE', #3833, #8930 ) ;
#6587 = LINE ( 'NONE', #6771, #760 ) ;
#6588 = ORIENTED_EDGE ( 'NONE', *, *, #5601, .F. ) ;
#6589 = AXIS2_PLACEMENT_3D ( 'NONE', #3390, #6949, #4111 ) ;
#6590 = VERTEX_POINT ( 'NONE', #2657 ) ;
#6591 = DIRECTION ( 'NONE',  ( 2.826209094012968775E-32, 0.7071067811865481278, 0.7071067811865470176 ) ) ;
#6592 = DIRECTION ( 'NONE',  ( -3.479079229312973646E-14, 0.7071067811864790720, -0.7071067811866160735 ) ) ;
#6593 = VECTOR ( 'NONE', #3820, 1000.000000000000000 ) ;
#6594 = AXIS2_PLACEMENT_3D ( 'NONE', #4372, #4430, #1011 ) ;
#6595 = CARTESIAN_POINT ( 'NONE',  ( 29.87500000000000000, 8.049116928532395765E-16, 1.089999999999650360 ) ) ;
#6596 = VERTEX_POINT ( 'NONE', #7685 ) ;
#6597 = DIRECTION ( 'NONE',  ( 1.000000000000000000, 6.162975822039154730E-33, 2.465190328815661892E-32 ) ) ;
#6598 = CARTESIAN_POINT ( 'NONE',  ( -28.40127696825971171, 12.31218996503330132, -3.998290998080300529 ) ) ;
#6599 = CARTESIAN_POINT ( 'NONE',  ( 30.22468150581450530, 9.018243830425598517, -0.03910416080066432543 ) ) ;
#6600 = ORIENTED_EDGE ( 'NONE', *, *, #5985, .T. ) ;
#6601 = DIRECTION ( 'NONE',  ( -6.162975822039150624E-33, 1.000000000000000000, -2.220446049250313574E-16 ) ) ;
#6602 = CARTESIAN_POINT ( 'NONE',  ( -25.31999999999999673, 11.50000000000000000, -4.099999999999996092 ) ) ;
#6603 = AXIS2_PLACEMENT_3D ( 'NONE', #9024, #8624, #3879 ) ;
#6604 = CARTESIAN_POINT ( 'NONE',  ( -26.75000000000001066, 8.418613096565399800, -6.000000000000000000 ) ) ;
#6605 = EDGE_CURVE ( 'NONE', #4961, #1334, #8416, .T. ) ;
#6606 = VECTOR ( 'NONE', #3895, 1000.000000000000000 ) ;
#6607 = AXIS2_PLACEMENT_3D ( 'NONE', #4408, #758, #7163 ) ;
#6608 = PRODUCT_RELATED_PRODUCT_CATEGORY ( 'part', '', ( #706 ) ) ;
#6609 = ORIENTED_EDGE ( 'NONE', *, *, #3256, .F. ) ;
#6610 = CARTESIAN_POINT ( 'NONE',  ( -27.25141900836840136, 9.055845581417500512, 0.01755675160599289020 ) ) ;
#6611 = VECTOR ( 'NONE', #4363, 1000.000000000000000 ) ;
#6612 = ORIENTED_EDGE ( 'NONE', *, *, #2289, .F. ) ;
#6613 = CARTESIAN_POINT ( 'NONE',  ( 26.88438694352350566, 10.67656721185510094, -0.4916019335323412176 ) ) ;
#6614 = ADVANCED_FACE ( 'NONE', ( #8959 ), #4945, .T. ) ;
#6615 = CARTESIAN_POINT ( 'NONE',  ( 30.46999999999999886, -2.480339199167400199, 1.035723358706969188 ) ) ;
#6616 = ORIENTED_EDGE ( 'NONE', *, *, #6938, .T. ) ;
#6617 = DIRECTION ( 'NONE',  ( 0.000000000000000000, 0.000000000000000000, 1.000000000000000000 ) ) ;
#6618 = CARTESIAN_POINT ( 'NONE',  ( 27.48099992741250119, 8.870049089596601988, -0.3392488324811312461 ) ) ;
#6619 = ADVANCED_FACE ( 'NONE', ( #1308 ), #6287, .T. ) ;
#6620 = AXIS2_PLACEMENT_3D ( 'NONE', #918, #8046, #4477 ) ;
#6621 = CARTESIAN_POINT ( 'NONE',  ( 27.37000000000000455, 12.28524271247460220, -3.799999999999994493 ) ) ;
#6622 = VECTOR ( 'NONE', #6325, 1000.000000000000000 ) ;
#6623 = EDGE_CURVE ( 'NONE', #127, #2128, #1662, .T. ) ;
#6624 = EDGE_CURVE ( 'NONE', #6186, #4959, #3823, .T. ) ;
#6625 = ORIENTED_EDGE ( 'NONE', *, *, #6623, .F. ) ;
#6626 = CIRCLE ( 'NONE', #2655, 0.5000000000000004441 ) ;
#6627 = EDGE_CURVE ( 'NONE', #2830, #6590, #436, .T. ) ;
#6628 = ORIENTED_EDGE ( 'NONE', *, *, #1581, .T. ) ;
#6629 = PLANE ( 'NONE',  #4388 ) ;
#6630 = ORIENTED_EDGE ( 'NONE', *, *, #7788, .F. ) ;
#6631 = CARTESIAN_POINT ( 'NONE',  ( 27.17999999999999616, 11.50000000000000000, 0.3318308546125092184 ) ) ;
#6632 = EDGE_CURVE ( 'NONE', #1068, #5917, #4497, .T. ) ;
#6633 = DIRECTION ( 'NONE',  ( -2.465190328815661345E-32, 6.137086701989279675E-49, 1.000000000000000000 ) ) ;
#6634 = CARTESIAN_POINT ( 'NONE',  ( -30.75000000000000000, 1.272624325729198036, -3.786746853471398389 ) ) ;
#6635 = ORIENTED_EDGE ( 'NONE', *, *, #5760, .F. ) ;
#6636 = ORIENTED_EDGE ( 'NONE', *, *, #3966, .F. ) ;
#6637 = DIRECTION ( 'NONE',  ( -0.9914448613738103822, 0.1305261922200520452, 5.621430652769214101E-31 ) ) ;
#6638 = CARTESIAN_POINT ( 'NONE',  ( 26.62499999999999645, -2.900000000000399591, -3.910000000000392273 ) ) ;
#6639 = CARTESIAN_POINT ( 'NONE',  ( -28.95000000000000284, 10.53798004549439860, 1.696334529555773241 ) ) ;
#6640 = VERTEX_POINT ( 'NONE', #8549 ) ;
#6641 = ORIENTED_EDGE ( 'NONE', *, *, #8941, .F. ) ;
#6642 = CIRCLE ( 'NONE', #607, 0.2000000000000000944 ) ;
#6643 = LINE ( 'NONE', #6726, #1735 ) ;
#6644 = CARTESIAN_POINT ( 'NONE',  ( 0.000000000000000000, 0.000000000000000000, 0.000000000000000000 ) ) ;
#6645 = ORIENTED_EDGE ( 'NONE', *, *, #3565, .F. ) ;
#6646 = FACE_OUTER_BOUND ( 'NONE', #6232, .T. ) ;
#6647 = CARTESIAN_POINT ( 'NONE',  ( -30.75000000000000000, 2.223807899774399299, -4.055156287094595413 ) ) ;
#6648 = CARTESIAN_POINT ( 'NONE',  ( 30.00337055455400304, 8.876428779011600767, -0.3219454768154713653 ) ) ;
#6649 = ORIENTED_EDGE ( 'NONE', *, *, #7409, .T. ) ;
#6650 = CARTESIAN_POINT ( 'NONE',  ( 25.75000000000115463, 8.673617379884035472E-16, 6.000000000000005329 ) ) ;
#6651 = CARTESIAN_POINT ( 'NONE',  ( 30.75000000000000000, 11.50000000000000000, -5.126471437761191297 ) ) ;
#6652 = DIRECTION ( 'NONE',  ( 2.465190328815661345E-32, -6.137086701989279675E-49, -1.000000000000000000 ) ) ;
#6653 = ORIENTED_EDGE ( 'NONE', *, *, #4038, .F. ) ;
#6654 = CARTESIAN_POINT ( 'NONE',  ( -27.63934416960220375, 8.844938938200797907, -0.4142339225297001493 ) ) ;
#6655 = DIRECTION ( 'NONE',  ( 3.285554987676965681E-14, 0.7071067811864790720, -0.7071067811866160735 ) ) ;
#6656 = ORIENTED_EDGE ( 'NONE', *, *, #5399, .T. ) ;
#6657 = CARTESIAN_POINT ( 'NONE',  ( 27.50000000000000000, 9.295676559997563260, -3.860357456591078762 ) ) ;
#6658 = ORIENTED_EDGE ( 'NONE', *, *, #421, .T. ) ;
#6659 = CARTESIAN_POINT ( 'NONE',  ( -27.81999999999999673, 13.10000000000000142, -3.268085424949201290 ) ) ;
#6660 = DIRECTION ( 'NONE',  ( -1.000000000000000000, -6.162975822039154730E-33, -2.465190328815661892E-32 ) ) ;
#6661 = CARTESIAN_POINT ( 'NONE',  ( 27.67508387737009556, 8.965082645930200655, -0.1292572171962425576 ) ) ;
#6662 = DIRECTION ( 'NONE',  ( -2.465190328815661345E-32, 6.137086701989279675E-49, 1.000000000000000000 ) ) ;
#6663 = ADVANCED_FACE ( 'NONE', ( #246 ), #7971, .T. ) ;
#6664 = EDGE_CURVE ( 'NONE', #324, #6016, #1675, .T. ) ;
#6665 = ORIENTED_EDGE ( 'NONE', *, *, #8880, .F. ) ;
#6666 = CARTESIAN_POINT ( 'NONE',  ( 27.37000000000000455, 13.10000000000000142, -1.799999999999992495 ) ) ;
#6667 = ORIENTED_EDGE ( 'NONE', *, *, #7596, .F. ) ;
#6668 = DIRECTION ( 'NONE',  ( 0.000000000000000000, 0.000000000000000000, 1.000000000000000000 ) ) ;
#6669 = LINE ( 'NONE', #353, #4340 ) ;
#6670 = ADVANCED_FACE ( 'NONE', ( #3068 ), #6471, .T. ) ;
#6671 = FILL_AREA_STYLE ('',( #3775 ) ) ;
#6672 = AXIS2_PLACEMENT_3D ( 'NONE', #3838, #5795, #4574 ) ;
#6673 = EDGE_LOOP ( 'NONE', ( #970, #617, #9038, #4862, #84, #4740 ) ) ;
#6674 = EDGE_CURVE ( 'NONE', #3669, #5416, #6372, .T. ) ;
#6675 = ORIENTED_EDGE ( 'NONE', *, *, #6166, .F. ) ;
#6676 = CARTESIAN_POINT ( 'NONE',  ( 26.47234350026135274, 10.73674594545684613, -0.4314231999306431531 ) ) ;
#6677 = CARTESIAN_POINT ( 'NONE',  ( -28.63756282664429875, 8.936349306299700146, -0.1839662671389279969 ) ) ;
#6678 = DIRECTION ( 'NONE',  ( -5.801957056841932144E-32, 0.7071067811866160735, 0.7071067811864790720 ) ) ;
#6679 = EDGE_CURVE ( 'NONE', #1143, #2173, #2375, .T. ) ;
#6680 = ORIENTED_EDGE ( 'NONE', *, *, #1263, .T. ) ;
#6681 = CARTESIAN_POINT ( 'NONE',  ( -28.81427904558379893, 8.481544069577299894, -0.4999999999999987232 ) ) ;
#6682 = ORIENTED_EDGE ( 'NONE', *, *, #9050, .F. ) ;
#6683 = SURFACE_STYLE_USAGE ( .BOTH. , #2405 ) ;
#6684 = ADVANCED_FACE ( 'NONE', ( #5813 ), #2976, .T. ) ;
#6685 = DIRECTION ( 'NONE',  ( -1.000000000000000000, -6.162975822039154730E-33, -2.465190328815661892E-32 ) ) ;
#6686 = VECTOR ( 'NONE', #1506, 1000.000000000000114 ) ;
#6687 = PRODUCT_DEFINITION_SHAPE ( 'NONE', 'NONE',  #476 ) ;
#6688 = ORIENTED_EDGE ( 'NONE', *, *, #4525, .T. ) ;
#6689 = DIRECTION ( 'NONE',  ( 4.188538737684504432E-17, 0.9396926207856849400, 0.3420201433262827218 ) ) ;
#6690 = LINE ( 'NONE', #5220, #4953 ) ;
#6691 = DIRECTION ( 'NONE',  ( 0.1294283079955640403, 0.9831056027603600755, 0.1294283079955637628 ) ) ;
#6692 = CARTESIAN_POINT ( 'NONE',  ( 29.86065583039640359, 8.844938938200597178, -0.4142339225304287331 ) ) ;
#6693 = EDGE_LOOP ( 'NONE', ( #2628, #8176, #4734, #8189, #3386, #486, #7671, #8931, #1388 ) ) ;
#6694 = CARTESIAN_POINT ( 'NONE',  ( 26.63934416960170282, 8.844938938200899159, -0.4142339225294816019 ) ) ;
#6695 = DIRECTION ( 'NONE',  ( 1.000000000000000000, 6.162975822039154730E-33, 2.465190328815661892E-32 ) ) ;
#6696 = AXIS2_PLACEMENT_3D ( 'NONE', #5025, #6359, #5535 ) ;
#6697 = LINE ( 'NONE', #7242, #2633 ) ;
#6698 = DIRECTION ( 'NONE',  ( 2.465190328815661345E-32, 6.137086701989279675E-49, 1.000000000000000000 ) ) ;
#6699 = VECTOR ( 'NONE', #711, 1000.000000000000000 ) ;
#6700 = DIRECTION ( 'NONE',  ( 3.157997194805338088E-31, 0.3792829471100740424, 0.9252807390362650652 ) ) ;
#6701 = ORIENTED_EDGE ( 'NONE', *, *, #2673, .F. ) ;
#6702 = SURFACE_STYLE_USAGE ( .BOTH. , #7298 ) ;
#6703 = VERTEX_POINT ( 'NONE', #3571 ) ;
#6704 = DIRECTION ( 'NONE',  ( -6.162975822039150624E-33, 1.000000000000000000, -2.220446049250313574E-16 ) ) ;
#6705 = CARTESIAN_POINT ( 'NONE',  ( -27.20000000000000284, 11.09999999999999787, 0.3000000000000033751 ) ) ;
#6706 = VECTOR ( 'NONE', #5432, 1000.000000000000000 ) ;
#6707 = UNCERTAINTY_MEASURE_WITH_UNIT (LENGTH_MEASURE( 1.000000000000000082E-05 ), #6066, 'distance_accuracy_value', 'NONE');
#6708 = ORIENTED_EDGE ( 'NONE', *, *, #638, .T. ) ;
#6709 = CARTESIAN_POINT ( 'NONE',  ( 29.38438694352349501, 10.67656721185510094, -0.4916019335323412176 ) ) ;
#6710 = CARTESIAN_POINT ( 'NONE',  ( 29.79600850144760571, -3.500000000000399680, 1.431008501447221581 ) ) ;
#6711 = DIRECTION ( 'NONE',  ( -1.000000000000000000, -6.162975822039154730E-33, -1.224646799147350249E-16 ) ) ;
#6712 = CARTESIAN_POINT ( 'NONE',  ( 26.33357787137380512, 12.60190265095409856, -7.200002399999990921 ) ) ;
#6713 = ORIENTED_EDGE ( 'NONE', *, *, #807, .T. ) ;
#6714 = CARTESIAN_POINT ( 'NONE',  ( 25.75000000000115463, 11.50000000000000000, 0.7274468252821686409 ) ) ;
#6715 = CARTESIAN_POINT ( 'NONE',  ( -30.75000000000000000, 3.500000000000298872, -2.710795812577996511 ) ) ;
#6716 = CARTESIAN_POINT ( 'NONE',  ( 26.53635019760429259, 12.10518928201050137, -3.887234380816690482 ) ) ;
#6717 = ADVANCED_FACE ( 'NONE', ( #5086 ), #8593, .F. ) ;
#6718 = ORIENTED_EDGE ( 'NONE', *, *, #4249, .T. ) ;
#6719 = ORIENTED_EDGE ( 'NONE', *, *, #5093, .F. ) ;
#6720 = DIRECTION ( 'NONE',  ( 6.162975822039150624E-33, -1.000000000000000000, 2.220446049250313574E-16 ) ) ;
#6721 = CARTESIAN_POINT ( 'NONE',  ( -28.66802787918690143, 8.959014901773299400, -0.1403540384526894558 ) ) ;
#6722 = CARTESIAN_POINT ( 'NONE',  ( -29.00319146181552910, 10.60749758526394437, 1.827414554324800600 ) ) ;
#6723 = ORIENTED_EDGE ( 'NONE', *, *, #1661, .F. ) ;
#6724 = EDGE_LOOP ( 'NONE', ( #7030, #634, #3181, #6280 ) ) ;
#6725 = ADVANCED_FACE ( 'NONE', ( #4447 ), #1570, .T. ) ;
#6726 = CARTESIAN_POINT ( 'NONE',  ( 23.62800749259799815, 8.049116928532395765E-16, -8.499999999999486633 ) ) ;
#6727 = CIRCLE ( 'NONE', #826, 1.500000000000000222 ) ;
#6728 = DIRECTION ( 'NONE',  ( 1.000000000000000000, 0.000000000000000000, 0.000000000000000000 ) ) ;
#6729 = EDGE_CURVE ( 'NONE', #3299, #440, #7789, .T. ) ;
#6730 = AXIS2_PLACEMENT_3D ( 'NONE', #2653, #577, #6754 ) ;
#6731 = EDGE_CURVE ( 'NONE', #1695, #1745, #3756, .T. ) ;
#6732 = DIRECTION ( 'NONE',  ( -2.465190328815661345E-32, 6.137086701989279675E-49, 1.000000000000000000 ) ) ;
#6733 = EDGE_CURVE ( 'NONE', #7366, #3948, #5724, .T. ) ;
#6734 = VERTEX_POINT ( 'NONE', #200 ) ;
#6735 = DIRECTION ( 'NONE',  ( 1.224646799147350249E-16, 1.410381911693479320E-49, -1.000000000000000000 ) ) ;
#6736 = CARTESIAN_POINT ( 'NONE',  ( 28.70000000000229434, 5.168169145387501828, -5.999999999999992006 ) ) ;
#6737 = CARTESIAN_POINT ( 'NONE',  ( -28.37499999999999645, -2.900000000000299227, 1.089999999999650804 ) ) ;
#6738 = VECTOR ( 'NONE', #7812, 1000.000000000000000 ) ;
#6739 = LINE ( 'NONE', #562, #7497 ) ;
#6740 = DIRECTION ( 'NONE',  ( 1.224646799147350249E-16, 1.410381911693479320E-49, -1.000000000000000000 ) ) ;
#6741 = VERTEX_POINT ( 'NONE', #3024 ) ;
#6742 = VERTEX_POINT ( 'NONE', #6562 ) ;
#6743 = DIRECTION ( 'NONE',  ( -2.465190328815661345E-32, 6.137086701989279675E-49, 1.000000000000000000 ) ) ;
#6744 = DIRECTION ( 'NONE',  ( 2.465190328815661892E-32, -6.137086701989279675E-49, -1.000000000000000000 ) ) ;
#6745 = EDGE_CURVE ( 'NONE', #8145, #2877, #2492, .T. ) ;
#6746 = VECTOR ( 'NONE', #5513, 1000.000000000000000 ) ;
#6747 = ORIENTED_EDGE ( 'NONE', *, *, #6558, .F. ) ;
#6748 = CARTESIAN_POINT ( 'NONE',  ( -27.70473328494160725, 8.836299104498301915, -0.4435170253454298050 ) ) ;
#6749 = FACE_OUTER_BOUND ( 'NONE', #5488, .T. ) ;
#6750 = ORIENTED_EDGE ( 'NONE', *, *, #1201, .T. ) ;
#6751 = DIRECTION ( 'NONE',  ( -8.659560562354920532E-17, 0.7071067811865470176, 0.7071067811865480168 ) ) ;
#6752 =( LENGTH_UNIT ( ) NAMED_UNIT ( * ) SI_UNIT ( .MILLI., .METRE. ) );
#6753 = ORIENTED_EDGE ( 'NONE', *, *, #8947, .F. ) ;
#6754 = DIRECTION ( 'NONE',  ( -8.659560562354906974E-17, 0.7071067811865481278, 0.7071067811865469066 ) ) ;
#6755 = VECTOR ( 'NONE', #3387, 1000.000000000000000 ) ;
#6756 = ORIENTED_EDGE ( 'NONE', *, *, #7604, .F. ) ;
#6757 = DIRECTION ( 'NONE',  ( 1.000000000000000000, 6.162975822039154730E-33, 2.465190328815661892E-32 ) ) ;
#6758 = PLANE ( 'NONE',  #5878 ) ;
#6759 = DIRECTION ( 'NONE',  ( 0.000000000000000000, 0.000000000000000000, 1.000000000000000000 ) ) ;
#6760 = EDGE_LOOP ( 'NONE', ( #6438, #318, #808, #2862 ) ) ;
#6761 = FACE_OUTER_BOUND ( 'NONE', #6673, .T. ) ;
#6762 = AXIS2_PLACEMENT_3D ( 'NONE', #2902, #1332, #5698 ) ;
#6763 = SURFACE_SIDE_STYLE ('',( #5387 ) ) ;
#6764 = CARTESIAN_POINT ( 'NONE',  ( -28.37499999999999645, 8.049116928532395765E-16, 1.089999999999650804 ) ) ;
#6765 = AXIS2_PLACEMENT_3D ( 'NONE', #966, #5170, #7135 ) ;
#6766 = AXIS2_PLACEMENT_3D ( 'NONE', #5111, #5896, #8674 ) ;
#6767 = VERTEX_POINT ( 'NONE', #4298 ) ;
#6768 = ORIENTED_EDGE ( 'NONE', *, *, #2002, .T. ) ;
#6769 = CYLINDRICAL_SURFACE ( 'NONE', #8755, 0.2107958125779209047 ) ;
#6770 = CARTESIAN_POINT ( 'NONE',  ( -28.75272768192980877, 9.063707895694900429, 0.02881219719241302768 ) ) ;
#6771 = CARTESIAN_POINT ( 'NONE',  ( -28.15374433176300073, 12.59999999999999964, -6.000000000000000888 ) ) ;
#6772 = VERTEX_POINT ( 'NONE', #5000 ) ;
#6773 = ORIENTED_EDGE ( 'NONE', *, *, #4356, .T. ) ;
#6774 = AXIS2_PLACEMENT_3D ( 'NONE', #3954, #6067, #6540 ) ;
#6775 = B_SPLINE_CURVE_WITH_KNOTS ( 'NONE', 3,
 ( #3483, #4003, #6292, #9057, #9009, #6157, #3354, #537, #3442, #5597, #2792, #6241, #5558, #8374, #2698, #8921, #1967, #8336, #4784, #6801, #7605, #4084, #5514, #494, #6109, #8872, #2053, #2009, #1312, #2612, #5429, #8207, #1926, #4739, #1221, #4044, #6878, #2239, #7012, #3668, #2978, #26, #4395, #1574, #8597, #7203, #704, #7742, #3621, #6340, #3575, #8418, #888, #840, #1446, #4949, #2878, #4302, #3533, #7103, #2932, #5676, #4257, #749, #6375, #3717, #70, #8462, #5773, #5002, #5048, #6516, #2186, #795, #7833, #1529, #4345, #7151, #8553 ),
 .UNSPECIFIED., .F., .F.,
 ( 4, 3, 3, 3, 3, 3, 3, 3, 3, 3, 3, 3, 3, 3, 3, 3, 3, 3, 3, 3, 3, 3, 3, 3, 3, 3, 4 ),
 ( 0.000000000000000000, 0.04332790547310889917, 0.08664354019492709336, 0.1729975167137929870, 0.2162209988996129928, 0.2595538166209109820, 0.3029247431794109824, 0.3462618200640830146, 0.3894964655932959818, 0.4326204357839210091, 0.4758978629915980307, 0.5193176844355770205, 0.5628055629864270326, 0.6062832893075119634, 0.6496740262392299847, 0.6929077170665669527, 0.7793100430587710514, 0.8227113791354609962, 0.8661841604511959503, 0.9096614451859239558, 0.9530686609116100216, 0.9963279328334518903, 1.039433532047040032, 1.125868182579899957, 1.212605321074610165, 1.299407143504049955, 1.385879582368860108 ),
 .UNSPECIFIED. ) ;
#6776 = EDGE_CURVE ( 'NONE', #1322, #7444, #8507, .T. ) ;
#6777 = ORIENTED_EDGE ( 'NONE', *, *, #20, .F. ) ;
#6778 = DIRECTION ( 'NONE',  ( 1.000000000000000000, 6.162975822039154730E-33, 2.465190328815661892E-32 ) ) ;
#6779 = DIRECTION ( 'NONE',  ( 3.236649337805362286E-31, -0.2588190451025209615, 0.9659258262890682012 ) ) ;
#6780 = CARTESIAN_POINT ( 'NONE',  ( -27.24320775699649744, 8.049116928532395765E-16, 1.891792243003152629 ) ) ;
#6781 = PLANE ( 'NONE',  #6381 ) ;
#6782 = ADVANCED_FACE ( 'NONE', ( #2235 ), #1525, .T. ) ;
#6783 = VERTEX_POINT ( 'NONE', #5456 ) ;
#6784 = PLANE ( 'NONE',  #419 ) ;
#6785 = ORIENTED_EDGE ( 'NONE', *, *, #2132, .T. ) ;
#6786 = CARTESIAN_POINT ( 'NONE',  ( 26.44415192829870165, 8.894833018026401916, -0.2755237566643229385 ) ) ;
#6787 = PLANE ( 'NONE',  #8186 ) ;
#6788 = PLANE ( 'NONE',  #1600 ) ;
#6789 = ADVANCED_FACE ( 'NONE', ( #5532 ), #4804, .T. ) ;
#6790 = ADVANCED_FACE ( 'NONE', ( #2719 ), #8305, .T. ) ;
#6791 = CARTESIAN_POINT ( 'NONE',  ( -27.71809428875840453, 8.834786822486000446, -0.4488229693553283939 ) ) ;
#6792 = ORIENTED_EDGE ( 'NONE', *, *, #1779, .T. ) ;
#6793 = ADVANCED_FACE ( 'NONE', ( #3424 ), #8264, .F. ) ;
#6794 = CARTESIAN_POINT ( 'NONE',  ( -30.75000000000000000, 3.174991473819500420, -5.999999999999999112 ) ) ;
#6795 = ORIENTED_EDGE ( 'NONE', *, *, #4542, .T. ) ;
#6796 = CARTESIAN_POINT ( 'NONE',  ( -30.75000000000000000, 3.016894614386000484, -4.165468861284097990 ) ) ;
#6797 =( LENGTH_UNIT ( ) NAMED_UNIT ( * ) SI_UNIT ( .MILLI., .METRE. ) );
#6798 = DIRECTION ( 'NONE',  ( 2.465190328815661345E-32, -6.137086701989279675E-49, -1.000000000000000000 ) ) ;
#6799 = EDGE_LOOP ( 'NONE', ( #8304, #5014, #771, #5757 ) ) ;
#6800 = CARTESIAN_POINT ( 'NONE',  ( -27.20000000000000284, 11.50000000000000000, -6.000000000000000888 ) ) ;
#6801 = CARTESIAN_POINT ( 'NONE',  ( 29.19137226816549813, 8.837811387977401623, -0.4382110761891513384 ) ) ;
#6802 = ORIENTED_EDGE ( 'NONE', *, *, #8276, .F. ) ;
#6803 = CARTESIAN_POINT ( 'NONE',  ( -30.75000000000000000, 1.430721185162600717, -3.944843712904794408 ) ) ;
#6804 = CARTESIAN_POINT ( 'NONE',  ( 28.39999999999999503, 18.79999999999789750, -5.999999999999995559 ) ) ;
#6805 = DIRECTION ( 'NONE',  ( -2.465190328815661345E-32, 6.137086701989279675E-49, 1.000000000000000000 ) ) ;
#6806 = ORIENTED_EDGE ( 'NONE', *, *, #2337, .T. ) ;
#6807 = ORIENTED_EDGE ( 'NONE', *, *, #3351, .T. ) ;
#6808 = CARTESIAN_POINT ( 'NONE',  ( -28.74858099162200276, 9.055845581400999933, 0.01755675158174145600 ) ) ;
#6809 = VERTEX_POINT ( 'NONE', #2676 ) ;
#6810 = DIRECTION ( 'NONE',  ( 0.2294157338709659766, -0.9733285267844798971, 2.442176726080345280E-16 ) ) ;
#6811 = DIRECTION ( 'NONE',  ( 0.000000000000000000, -0.7071067811865475727, 0.7071067811865475727 ) ) ;
#6812 = LINE ( 'NONE', #2581, #2425 ) ;
#6813 = CARTESIAN_POINT ( 'NONE',  ( -28.47117639096409647, 12.09690977721739813, -3.867310515503898927 ) ) ;
#6814 =( GEOMETRIC_REPRESENTATION_CONTEXT ( 3 ) GLOBAL_UNCERTAINTY_ASSIGNED_CONTEXT ( ( #343 ) ) GLOBAL_UNIT_ASSIGNED_CONTEXT ( ( #3641, #1654, #5976 ) ) REPRESENTATION_CONTEXT ( 'NONE', 'WORKASPACE' ) );
#6815 = ORIENTED_EDGE ( 'NONE', *, *, #4599, .F. ) ;
#6816 = FACE_OUTER_BOUND ( 'NONE', #2488, .T. ) ;
#6817 = CARTESIAN_POINT ( 'NONE',  ( -30.75000000000000000, 3.289204187422301029, -2.710795812577996511 ) ) ;
#6818 = CARTESIAN_POINT ( 'NONE',  ( -30.75000000000000000, 0.5000000000000012212, -2.710795812577996511 ) ) ;
#6819 = DIRECTION ( 'NONE',  ( -6.162975822039150624E-33, 1.000000000000000000, -2.220446049250313574E-16 ) ) ;
#6820 = ORIENTED_EDGE ( 'NONE', *, *, #6926, .T. ) ;
#6821 = EDGE_LOOP ( 'NONE', ( #4835, #6078, #2940, #5291, #609, #7815, #7647, #6853 ) ) ;
#6822 = CARTESIAN_POINT ( 'NONE',  ( 26.26034377426410416, 9.040448556991599105, -0.005051419532961162751 ) ) ;
#6823 = CARTESIAN_POINT ( 'NONE',  ( 29.30000239999999678, 11.93282699999999963, -0.4999999999999935052 ) ) ;
#6824 = EDGE_CURVE ( 'NONE', #484, #4080, #1197, .T. ) ;
#6825 = LINE ( 'NONE', #5367, #4246 ) ;
#6826 = CIRCLE ( 'NONE', #2858, 0.1580968594335841193 ) ;
#6827 = VECTOR ( 'NONE', #4664, 1000.000000000000000 ) ;
#6828 = ADVANCED_FACE ( 'NONE', ( #2027 ), #6130, .T. ) ;
#6829 = CARTESIAN_POINT ( 'NONE',  ( -27.95669455522140012, 8.821609066223302875, -0.4988270391345795418 ) ) ;
#6830 =( GEOMETRIC_REPRESENTATION_CONTEXT ( 3 ) GLOBAL_UNCERTAINTY_ASSIGNED_CONTEXT ( ( #8695 ) ) GLOBAL_UNIT_ASSIGNED_CONTEXT ( ( #6752, #1075, #8023 ) ) REPRESENTATION_CONTEXT ( 'NONE', 'WORKASPACE' ) );
#6831 = CARTESIAN_POINT ( 'NONE',  ( 27.17999999999999616, 12.59999999999999964, -1.299999999999992051 ) ) ;
#6832 = ORIENTED_EDGE ( 'NONE', *, *, #7346, .F. ) ;
#6833 = CARTESIAN_POINT ( 'NONE',  ( -30.64999999999999503, 3.500000000000000444, -5.289204187421997716 ) ) ;
#6834 = EDGE_CURVE ( 'NONE', #4667, #7297, #3286, .T. ) ;
#6835 = PLANE ( 'NONE',  #6730 ) ;
#6836 = CARTESIAN_POINT ( 'NONE',  ( -28.00000000000001066, 9.999999999999998224, 2.799999999999544187 ) ) ;
#6837 = ADVANCED_FACE ( 'NONE', ( #8845 ), #3332, .T. ) ;
#6838 = VERTEX_POINT ( 'NONE', #6038 ) ;
#6839 = EDGE_CURVE ( 'NONE', #7905, #2173, #8980, .T. ) ;
#6840 = CARTESIAN_POINT ( 'NONE',  ( 25.74999999999999645, 13.10000000000000142, -3.268085424949194184 ) ) ;
#6841 = DIRECTION ( 'NONE',  ( -2.178940998026185355E-32, 0.7071067811866160735, 0.7071067811864790720 ) ) ;
#6842 = CARTESIAN_POINT ( 'NONE',  ( -30.64999999999999503, 1.272624325729198036, -3.774095203657398034 ) ) ;
#6843 = EDGE_LOOP ( 'NONE', ( #6242, #7581, #8655, #813, #7785 ) ) ;
#6844 = AXIS2_PLACEMENT_3D ( 'NONE', #1410, #41, #2249 ) ;
#6845 = LINE ( 'NONE', #2531, #4736 ) ;
#6846 = DIRECTION ( 'NONE',  ( -5.801957056841933239E-32, 0.7071067811866160735, 0.7071067811864790720 ) ) ;
#6847 = CARTESIAN_POINT ( 'NONE',  ( -30.75000000000000000, 2.223807899774399299, -4.055156287094595413 ) ) ;
#6848 = ORIENTED_EDGE ( 'NONE', *, *, #198, .F. ) ;
#6849 = ORIENTED_EDGE ( 'NONE', *, *, #4223, .T. ) ;
#6850 = CARTESIAN_POINT ( 'NONE',  ( -30.75000000000000000, 0.7107958125781029812, -2.710795812577996511 ) ) ;
#6851 = CARTESIAN_POINT ( 'NONE',  ( -28.44635046624380337, 8.861320472512499435, -0.3639060635990901682 ) ) ;
#6852 = EDGE_LOOP ( 'NONE', ( #5115, #5704, #8174, #2554 ) ) ;
#6853 = ORIENTED_EDGE ( 'NONE', *, *, #4090, .T. ) ;
#6854 = DIRECTION ( 'NONE',  ( -1.224646799147350249E-16, -1.399777696666349997E-15, 1.000000000000000000 ) ) ;
#6855 = VERTEX_POINT ( 'NONE', #1240 ) ;
#6856 = DIRECTION ( 'NONE',  ( -1.000000000000000000, -6.162975822039154730E-33, -2.465190328815661892E-32 ) ) ;
#6857 = FACE_OUTER_BOUND ( 'NONE', #5208, .T. ) ;
#6858 = STYLED_ITEM ( 'NONE', ( #3370 ), #4923 ) ;
#6859 = ORIENTED_EDGE ( 'NONE', *, *, #1784, .F. ) ;
#6860 = ORIENTED_EDGE ( 'NONE', *, *, #6891, .T. ) ;
#6861 = LINE ( 'NONE', #3604, #685 ) ;
#6862 = CARTESIAN_POINT ( 'NONE',  ( -27.99999999999999645, 0.3000000000000024869, 1.799999999999659872 ) ) ;
#6863 = AXIS2_PLACEMENT_3D ( 'NONE', #332, #5273, #8056 ) ;
#6864 = AXIS2_PLACEMENT_3D ( 'NONE', #396, #255, #6617 ) ;
#6865 = ORIENTED_EDGE ( 'NONE', *, *, #1581, .F. ) ;
#6866 = DIRECTION ( 'NONE',  ( 3.647563707725548394E-33, 0.9252807390362649542, -0.3792829471100741534 ) ) ;
#6867 = DIRECTION ( 'NONE',  ( 1.224646799147350249E-16, 1.410381911693479320E-49, -1.000000000000000000 ) ) ;
#6868 = MECHANICAL_DESIGN_GEOMETRIC_PRESENTATION_REPRESENTATION (  '', ( #114 ), #7589 ) ;
#6869 = LINE ( 'NONE', #1258, #8152 ) ;
#6870 = ORIENTED_EDGE ( 'NONE', *, *, #2289, .T. ) ;
#6871 = EDGE_CURVE ( 'NONE', #8932, #5696, #7576, .T. ) ;
#6872 = PRESENTATION_LAYER_ASSIGNMENT (  '', '', ( #4093 ) ) ;
#6873 = CARTESIAN_POINT ( 'NONE',  ( 26.88999999999996504, 13.10000000000000142, -1.507106781186539735 ) ) ;
#6874 = DIRECTION ( 'NONE',  ( -2.465190328815661618E-32, 2.220446049250313574E-16, 1.000000000000000000 ) ) ;
#6875 = EDGE_CURVE ( 'NONE', #7975, #4970, #1898, .T. ) ;
#6876 = ORIENTED_EDGE ( 'NONE', *, *, #5811, .T. ) ;
#6877 = DIRECTION ( 'NONE',  ( -3.335559729097691015E-32, 1.000000000000000000, -3.943844354434941479E-48 ) ) ;
#6878 = CARTESIAN_POINT ( 'NONE',  ( 28.98584662674820578, 8.879910313775297936, -0.3128999174198208166 ) ) ;
#6879 = ORIENTED_EDGE ( 'NONE', *, *, #5029, .T. ) ;
#6880 = EDGE_CURVE ( 'NONE', #1336, #3541, #4556, .T. ) ;
#6881 = DIRECTION ( 'NONE',  ( 1.224646799147350249E-16, 1.410381911693479320E-49, -1.000000000000000000 ) ) ;
#6882 = FACE_OUTER_BOUND ( 'NONE', #4881, .T. ) ;
#6883 = DIRECTION ( 'NONE',  ( -6.162975822039150624E-33, 1.000000000000000000, -2.220446049250313574E-16 ) ) ;
#6884 = VECTOR ( 'NONE', #604, 1000.000000000000000 ) ;
#6885 = CARTESIAN_POINT ( 'NONE',  ( 29.58646395437170185, 8.822479418890399216, -0.4953137648716927077 ) ) ;
#6886 = VECTOR ( 'NONE', #3834, 1000.000000000000000 ) ;
#6887 = ADVANCED_FACE ( 'NONE', ( #6816 ), #511, .T. ) ;
#6888 = ADVANCED_FACE ( 'NONE', ( #558 ), #1286, .T. ) ;
#6889 = CARTESIAN_POINT ( 'NONE',  ( 27.02888341482929846, 8.821416308584499433, -0.4996088759915712774 ) ) ;
#6890 = ORIENTED_EDGE ( 'NONE', *, *, #6679, .T. ) ;
#6891 = EDGE_CURVE ( 'NONE', #7573, #8337, #7029, .T. ) ;
#6892 = VECTOR ( 'NONE', #8048, 1000.000000000000000 ) ;
#6893 = ORIENTED_EDGE ( 'NONE', *, *, #8269, .T. ) ;
#6894 = FACE_OUTER_BOUND ( 'NONE', #7514, .T. ) ;
#6895 = DIRECTION ( 'NONE',  ( 0.2294157338709659766, -0.9733285267844798971, 2.442176726080345280E-16 ) ) ;
#6896 = FACE_OUTER_BOUND ( 'NONE', #6565, .T. ) ;
#6897 = EDGE_CURVE ( 'NONE', #8970, #6783, #1383, .T. ) ;
#6898 = EDGE_LOOP ( 'NONE', ( #750, #3576, #1601, #4909, #6970, #3452 ) ) ;
#6899 = DIRECTION ( 'NONE',  ( -3.157997194805338088E-31, -0.3792829471100740424, -0.9252807390362650652 ) ) ;
#6900 = AXIS2_PLACEMENT_3D ( 'NONE', #1819, #7548, #7471 ) ;
#6901 = ORIENTED_EDGE ( 'NONE', *, *, #7783, .F. ) ;
#6902 = DIRECTION ( 'NONE',  ( 0.000000000000000000, 0.000000000000000000, -1.000000000000000000 ) ) ;
#6903 = CARTESIAN_POINT ( 'NONE',  ( -27.81999999999999673, 12.59999999999999964, -1.799999999999999600 ) ) ;
#6904 = DIRECTION ( 'NONE',  ( -2.465190328815661345E-32, 6.137086701989279675E-49, 1.000000000000000000 ) ) ;
#6905 = DIRECTION ( 'NONE',  ( -1.000000000000000000, 6.162975822039154730E-33, 2.465190328815661892E-32 ) ) ;
#6906 = VERTEX_POINT ( 'NONE', #738 ) ;
#6907 = VECTOR ( 'NONE', #3725, 1000.000000000000000 ) ;
#6908 = CARTESIAN_POINT ( 'NONE',  ( 26.32491612262939640, 8.965082645930600336, -0.1292572171954827764 ) ) ;
#6909 = DIRECTION ( 'NONE',  ( -1.000000000000000000, 3.281431208448924614E-17, -1.224646799147350249E-16 ) ) ;
#6910 =( REPRESENTATION_RELATIONSHIP ('NONE','NONE', #4795, #7585 ) REPRESENTATION_RELATIONSHIP_WITH_TRANSFORMATION ( #6035 )SHAPE_REPRESENTATION_RELATIONSHIP( ) );
#6911 = AXIS2_PLACEMENT_3D ( 'NONE', #407, #3357, #4741 ) ;
#6912 = ORIENTED_EDGE ( 'NONE', *, *, #3009, .T. ) ;
#6913 = CARTESIAN_POINT ( 'NONE',  ( 27.37499999999999645, -0.4999999999999996669, 3.599999999999312195 ) ) ;
#6914 = LINE ( 'NONE', #654, #2436 ) ;
#6915 = ORIENTED_EDGE ( 'NONE', *, *, #7723, .T. ) ;
#6916 = CARTESIAN_POINT ( 'NONE',  ( 29.12499999999999645, 2.299999999998401545, -0.9999999999998621103 ) ) ;
#6917 = FACE_OUTER_BOUND ( 'NONE', #4572, .T. ) ;
#6918 = PLANE ( 'NONE',  #4326 ) ;
#6919 = VERTEX_POINT ( 'NONE', #4987 ) ;
#6920 = CARTESIAN_POINT ( 'NONE',  ( 27.37000000000000455, 12.28524271247460220, -3.999999999999993339 ) ) ;
#6921 = DIRECTION ( 'NONE',  ( -1.000000000000000000, -6.162975822039154730E-33, -2.465190328815661892E-32 ) ) ;
#6922 = LINE ( 'NONE', #3407, #2279 ) ;
#6923 = VERTEX_POINT ( 'NONE', #6413 ) ;
#6924 = CARTESIAN_POINT ( 'NONE',  ( 28.24999999999999645, 9.146826233591601962, -0.3941071819291933620 ) ) ;
#6925 = LINE ( 'NONE', #5518, #7283 ) ;
#6926 = EDGE_CURVE ( 'NONE', #8948, #5787, #8449, .T. ) ;
#6927 = EDGE_CURVE ( 'NONE', #3612, #2320, #7676, .T. ) ;
#6928 = VERTEX_POINT ( 'NONE', #2918 ) ;
#6929 = ORIENTED_EDGE ( 'NONE', *, *, #80, .T. ) ;
#6930 = LINE ( 'NONE', #633, #1922 ) ;
#6931 = ORIENTED_EDGE ( 'NONE', *, *, #8947, .T. ) ;
#6932 = EDGE_CURVE ( 'NONE', #8692, #3075, #5075, .T. ) ;
#6933 = ORIENTED_EDGE ( 'NONE', *, *, #6927, .F. ) ;
#6934 = DIRECTION ( 'NONE',  ( -5.801957056841932144E-32, 0.7071067811866160735, 0.7071067811864790720 ) ) ;
#6935 = CARTESIAN_POINT ( 'NONE',  ( 27.79758011631989945, 9.234412138041101059, 0.2378231711086306044 ) ) ;
#6936 = DIRECTION ( 'NONE',  ( -1.000000000000000000, -6.162975822039154730E-33, -2.465190328815661892E-32 ) ) ;
#6937 = CARTESIAN_POINT ( 'NONE',  ( -28.44099780135660183, 12.13825691684990105, -3.935628816571400623 ) ) ;
#6938 = EDGE_CURVE ( 'NONE', #7297, #1160, #4289, .T. ) ;
#6939 = EDGE_CURVE ( 'NONE', #1626, #5330, #5714, .T. ) ;
#6940 = ADVANCED_FACE ( 'NONE', ( #6459 ), #5758, .F. ) ;
#6941 = ORIENTED_EDGE ( 'NONE', *, *, #6939, .F. ) ;
#6942 = DIRECTION ( 'NONE',  ( 6.162975822039150624E-33, -1.000000000000000000, 2.220446049250313574E-16 ) ) ;
#6943 = FACE_OUTER_BOUND ( 'NONE', #6821, .T. ) ;
#6944 = ORIENTED_EDGE ( 'NONE', *, *, #1471, .T. ) ;
#6945 = LINE ( 'NONE', #8443, #7845 ) ;
#6946 = EDGE_CURVE ( 'NONE', #4009, #3773, #14, .T. ) ;
#6947 = ORIENTED_EDGE ( 'NONE', *, *, #4814, .T. ) ;
#6948 = CARTESIAN_POINT ( 'NONE',  ( 26.20077316000710255, 9.254073569775401964, 0.2589467002762999570 ) ) ;
#6949 = DIRECTION ( 'NONE',  ( -6.162975822039150624E-33, 1.000000000000000000, -2.220446049250313574E-16 ) ) ;
#6950 =( BOUNDED_CURVE ( )  B_SPLINE_CURVE ( 3, ( #3251, #2415, #3799, #8812 ),
 .UNSPECIFIED., .F., .T. ) 
 B_SPLINE_CURVE_WITH_KNOTS ( ( 4, 4 ),
 ( 0.8849433621761485513, 1.003521876353292708 ),
 .UNSPECIFIED. ) 
 CURVE ( )  GEOMETRIC_REPRESENTATION_ITEM ( )  RATIONAL_B_SPLINE_CURVE ( ( 1.000000000000000000, 0.9988286045339554997, 0.9988286045339554997, 1.000000000000000000 ) ) 
 REPRESENTATION_ITEM ( '' )  );
#6951 = EDGE_LOOP ( 'NONE', ( #527, #2542, #5519, #4256, #8250, #1191, #5505 ) ) ;
#6952 = CARTESIAN_POINT ( 'NONE',  ( -28.37499999999999645, 8.049116928532395765E-16, 1.509999999999661391 ) ) ;
#6953 = CARTESIAN_POINT ( 'NONE',  ( 30.45000000000000284, 8.528679656440697698, 0.02867965644116031443 ) ) ;
#6954 = FACE_OUTER_BOUND ( 'NONE', #495, .T. ) ;
#6955 = ORIENTED_EDGE ( 'NONE', *, *, #3454, .T. ) ;
#6956 = CARTESIAN_POINT ( 'NONE',  ( 27.25189243708059195, 13.10000000000000142, -3.268085424949194184 ) ) ;
#6957 = SURFACE_SIDE_STYLE ('',( #4248 ) ) ;
#6958 = PLANE ( 'NONE',  #4040 ) ;
#6959 = VECTOR ( 'NONE', #6905, 1000.000000000000000 ) ;
#6960 = CARTESIAN_POINT ( 'NONE',  ( -30.64999999999999503, 3.174991473819500420, -3.774095203657398034 ) ) ;
#6961 = LINE ( 'NONE', #2183, #5144 ) ;
#6962 = ORIENTED_EDGE ( 'NONE', *, *, #1701, .T. ) ;
#6963 = CARTESIAN_POINT ( 'NONE',  ( -28.81427904558379893, 8.481544069577299894, -0.4999999999999987232 ) ) ;
#6964 = DIRECTION ( 'NONE',  ( 6.162975822039150624E-33, -1.000000000000000000, 2.220446049250313574E-16 ) ) ;
#6965 = VERTEX_POINT ( 'NONE', #5624 ) ;
#6966 = DIRECTION ( 'NONE',  ( -0.1294283079955639848, 0.9831056027603600755, -0.1294283079955642901 ) ) ;
#6967 = PRESENTATION_LAYER_ASSIGNMENT (  '', '', ( #3903 ) ) ;
#6968 = LINE ( 'NONE', #1930, #4190 ) ;
#6969 = VERTEX_POINT ( 'NONE', #2266 ) ;
#6970 = ORIENTED_EDGE ( 'NONE', *, *, #3692, .F. ) ;
#6971 = DIRECTION ( 'NONE',  ( -3.172845517115359508E-31, -0.2588190451025210170, -0.9659258262890682012 ) ) ;
#6972 =( NAMED_UNIT ( * ) PLANE_ANGLE_UNIT ( ) SI_UNIT ( $, .RADIAN. ) );
#6973 = AXIS2_PLACEMENT_3D ( 'NONE', #9062, #2798, #2664 ) ;
#6974 = ORIENTED_EDGE ( 'NONE', *, *, #2568, .T. ) ;
#6975 = DIRECTION ( 'NONE',  ( 6.162975822039150624E-33, -1.000000000000000000, 2.220446049250313574E-16 ) ) ;
#6976 = CARTESIAN_POINT ( 'NONE',  ( 26.20000000000230500, 18.79999999999789750, -5.999999999999995559 ) ) ;
#6977 = EDGE_CURVE ( 'NONE', #829, #5308, #8405, .T. ) ;
#6978 = DIRECTION ( 'NONE',  ( 0.000000000000000000, 0.000000000000000000, 1.000000000000000000 ) ) ;
#6979 = LINE ( 'NONE', #3634, #7741 ) ;
#6980 = AXIS2_PLACEMENT_3D ( 'NONE', #8081, #1644, #2532 ) ;
#6981 = EDGE_LOOP ( 'NONE', ( #3271, #8532, #6609, #5609, #6719, #8820, #5067, #7457, #1607, #1862 ) ) ;
#6982 = CARTESIAN_POINT ( 'NONE',  ( 26.62499999999999645, 8.049116928532395765E-16, -4.217407180273389677 ) ) ;
#6983 = FACE_OUTER_BOUND ( 'NONE', #7403, .T. ) ;
#6984 = PLANE ( 'NONE',  #3052 ) ;
#6985 = EDGE_CURVE ( 'NONE', #8970, #3139, #7338, .T. ) ;
#6986 = VERTEX_POINT ( 'NONE', #6366 ) ;
#6987 = DIRECTION ( 'NONE',  ( -5.419629982065157019E-33, 0.9396926207859075397, -0.3420201433256709889 ) ) ;
#6988 = VERTEX_POINT ( 'NONE', #4892 ) ;
#6989 = FILL_AREA_STYLE_COLOUR ( '', #3071 ) ;
#6990 = EDGE_CURVE ( 'NONE', #7300, #8091, #8481, .T. ) ;
#6991 = PLANE ( 'NONE',  #8945 ) ;
#6992 = CARTESIAN_POINT ( 'NONE',  ( -30.75000000000000000, 8.049116928532391821E-16, 5.739098000000004696 ) ) ;
#6993 = EDGE_CURVE ( 'NONE', #3557, #4724, #7137, .T. ) ;
#6994 = VERTEX_POINT ( 'NONE', #1474 ) ;
#6995 = CARTESIAN_POINT ( 'NONE',  ( 29.67999999999999972, 9.197444395117798877, -4.099999999999990763 ) ) ;
#6996 = LINE ( 'NONE', #8637, #3924 ) ;
#6997 =( BOUNDED_CURVE ( )  B_SPLINE_CURVE ( 3, ( #7249, #8653, #5816, #6613 ),
 .UNSPECIFIED., .F., .T. ) 
 B_SPLINE_CURVE_WITH_KNOTS ( ( 4, 4 ),
 ( 6.138161162879808508, 6.428209451479346193 ),
 .UNSPECIFIED. ) 
 CURVE ( )  GEOMETRIC_REPRESENTATION_ITEM ( )  RATIONAL_B_SPLINE_CURVE ( ( 1.000000000000000000, 0.9930016112769619596, 0.9930016112769619596, 1.000000000000000000 ) ) 
 REPRESENTATION_ITEM ( '' )  );
#6998 = DIRECTION ( 'NONE',  ( -1.000000000000000000, -6.162975822039154730E-33, -2.449293598294709866E-16 ) ) ;
#6999 = ORIENTED_EDGE ( 'NONE', *, *, #2284, .T. ) ;
#7000 = ADVANCED_FACE ( 'NONE', ( #6275 ), #825, .F. ) ;
#7001 = CARTESIAN_POINT ( 'NONE',  ( 30.30000000000000071, 11.50000000000000000, -5.999999999999993783 ) ) ;
#7002 =( NAMED_UNIT ( * ) SI_UNIT ( $, .STERADIAN. ) SOLID_ANGLE_UNIT ( ) );
#7003 = SURFACE_STYLE_USAGE ( .BOTH. , #4161 ) ;
#7004 = VECTOR ( 'NONE', #3300, 1000.000000000000114 ) ;
#7005 = VECTOR ( 'NONE', #4829, 1000.000000000000000 ) ;
#7006 = CARTESIAN_POINT ( 'NONE',  ( -27.62499999999999645, -1.700000000000401634, 0.7517031175790435116 ) ) ;
#7007 = CARTESIAN_POINT ( 'NONE',  ( -28.11000000000001009, 13.10000000000000142, -1.799999999999999600 ) ) ;
#7008 = CARTESIAN_POINT ( 'NONE',  ( 27.80000000000000426, 5.168169145387501828, -5.999999999999992006 ) ) ;
#7009 = ORIENTED_EDGE ( 'NONE', *, *, #3179, .T. ) ;
#7010 = DIRECTION ( 'NONE',  ( -1.000000000000000000, 6.162975822039154730E-33, 2.465190328815661892E-32 ) ) ;
#7011 = AXIS2_PLACEMENT_3D ( 'NONE', #1480, #4385, #7094 ) ;
#7012 = CARTESIAN_POINT ( 'NONE',  ( 28.96455888031590575, 8.887070465783700968, -0.2945565400524329802 ) ) ;
#7013 = ORIENTED_EDGE ( 'NONE', *, *, #6627, .T. ) ;
#7014 = DIRECTION ( 'NONE',  ( -3.335559729097691015E-32, 1.000000000000000000, -3.943844354434941479E-48 ) ) ;
#7015 = CARTESIAN_POINT ( 'NONE',  ( 26.99999999999999645, 9.717157287525500564, 2.517157287525060294 ) ) ;
#7016 = VECTOR ( 'NONE', #447, 1000.000000000000000 ) ;
#7017 = EDGE_LOOP ( 'NONE', ( #2140, #7801, #7939, #6628, #3339, #1246, #4450, #3601, #7731, #2718, #4153, #6815 ) ) ;
#7018 = VERTEX_POINT ( 'NONE', #2777 ) ;
#7019 = DIRECTION ( 'NONE',  ( -2.465190328815661345E-32, 6.137086701989279675E-49, 1.000000000000000000 ) ) ;
#7020 = ORIENTED_EDGE ( 'NONE', *, *, #1261, .T. ) ;
#7021 = VECTOR ( 'NONE', #4873, 1000.000000000000000 ) ;
#7022 = ORIENTED_EDGE ( 'NONE', *, *, #1545, .T. ) ;
#7023 = DIRECTION ( 'NONE',  ( -1.000000000000000000, 3.530464139116931188E-30, -1.224646799147350249E-16 ) ) ;
#7024 = VECTOR ( 'NONE', #881, 1000.000000000000000 ) ;
#7025 = FACE_OUTER_BOUND ( 'NONE', #1848, .T. ) ;
#7026 = CARTESIAN_POINT ( 'NONE',  ( -28.43268172595450594, 12.15330541590080315, -3.950691864597403402 ) ) ;
#7027 = CARTESIAN_POINT ( 'NONE',  ( 27.96999999999999531, 1.699999999999598499, -3.910000000000392273 ) ) ;
#7028 = AXIS2_PLACEMENT_3D ( 'NONE', #6367, #1995, #614 ) ;
#7029 = CIRCLE ( 'NONE', #1749, 0.2000000000000000944 ) ;
#7030 = ORIENTED_EDGE ( 'NONE', *, *, #2090, .F. ) ;
#7031 = PLANE ( 'NONE',  #7754 ) ;
#7032 = LINE ( 'NONE', #7806, #289 ) ;
#7033 = FACE_OUTER_BOUND ( 'NONE', #5815, .T. ) ;
#7034 = ORIENTED_EDGE ( 'NONE', *, *, #1992, .T. ) ;
#7035 = PLANE ( 'NONE',  #5645 ) ;
#7036 = CARTESIAN_POINT ( 'NONE',  ( -26.74999999999885247, 11.49999999999999822, -5.126471437761198402 ) ) ;
#7037 = PLANE ( 'NONE',  #6774 ) ;
#7038 = PLANE ( 'NONE',  #900 ) ;
#7039 = CARTESIAN_POINT ( 'NONE',  ( 28.68572095441619751, 8.481544069577299894, -0.4999999999999917843 ) ) ;
#7040 = VECTOR ( 'NONE', #4106, 1000.000000000000000 ) ;
#7041 = ADVANCED_FACE ( 'NONE', ( #5582 ), #8362, .T. ) ;
#7042 = EDGE_CURVE ( 'NONE', #8287, #3144, #7373, .T. ) ;
#7043 = VERTEX_POINT ( 'NONE', #873 ) ;
#7044 = CARTESIAN_POINT ( 'NONE',  ( -30.75000000000000000, 2.223807899774399299, -4.055156287094595413 ) ) ;
#7045 = AXIS2_PLACEMENT_3D ( 'NONE', #9054, #2930, #7099 ) ;
#7046 = DIRECTION ( 'NONE',  ( 0.000000000000000000, -0.9396926207859036539, -0.3420201433256818135 ) ) ;
#7047 = DIRECTION ( 'NONE',  ( 4.856046073633917513E-32, -0.9396926207859036539, -0.3420201433256817025 ) ) ;
#7048 = CARTESIAN_POINT ( 'NONE',  ( -30.75000000000000000, 3.289204187422301029, -5.289204187421997716 ) ) ;
#7049 = VERTEX_POINT ( 'NONE', #3109 ) ;
#7050 = B_SPLINE_CURVE_WITH_KNOTS ( 'NONE', 3,
 ( #4840, #1329, #4143, #6935, #6255, #256, #1684, #341, #5015, #4554, #2892, #4504, #1732, #89, #1497, #7348, #3589, #4455, #8027, #7254, #7978, #5236, #1040, #3862, #942, #3765, #6570, #6661, #8693, #3077, #5692, #8659, #3167, #5877, #5961, #2382, #5188, #8732, #2475, #5288, #3814, #8477, #8069, #2206, #7302, #6618, #763, #992, #303, #3124, #5919, #2429, #2379, #8473, #1408, #7974, #3074, #2426, #718, #2202, #5185, #38, #3858, #4550, #8024, #1728, #5644, #7344, #4501, #8429, #7753, #4268, #7299, #1037, #383, #8968, #6889, #5438, #8928 ),
 .UNSPECIFIED., .F., .F.,
 ( 4, 3, 3, 3, 3, 3, 3, 3, 3, 3, 3, 3, 3, 3, 3, 3, 3, 3, 3, 3, 3, 3, 3, 3, 3, 3, 4 ),
 ( 4.286848055369089901E-14, 0.08647243886491619291, 0.1732742612942579918, 0.2600113997888559569, 0.3464460503216130194, 0.3895516495351550312, 0.4328109214569399454, 0.4762181371825809917, 0.5196954219172560396, 0.5631682032329390353, 0.6065695393095670296, 0.6929718653016659902, 0.7362055561289589933, 0.7795962930606259444, 0.8230740193816580286, 0.8665618979324539728, 0.9099817193763781731, 0.9532591465839999056, 0.9963831167745729189, 1.039617762303729931, 1.082954839188349894, 1.126325765746809981, 1.169658583468059954, 1.212882065653830166, 1.299236042172589922, 1.342551676894359947, 1.385879582367420149 ),
 .UNSPECIFIED. ) ;
#7051 = EDGE_CURVE ( 'NONE', #2082, #5932, #7913, .T. ) ;
#7052 = PRESENTATION_STYLE_ASSIGNMENT (( #8455 ) ) ;
#7053 = AXIS2_PLACEMENT_3D ( 'NONE', #3112, #3655, #3745 ) ;
#7054 = ADVANCED_FACE ( 'NONE', ( #7326 ), #5946, .T. ) ;
#7055 = EDGE_CURVE ( 'NONE', #1939, #717, #287, .T. ) ;
#7056 = ADVANCED_FACE ( 'NONE', ( #235 ), #2456, .T. ) ;
#7057 = DIRECTION ( 'NONE',  ( -1.000000000000000000, -6.162975822039154730E-33, -2.465190328815661345E-32 ) ) ;
#7058 = ORIENTED_EDGE ( 'NONE', *, *, #8618, .T. ) ;
#7059 = AXIS2_PLACEMENT_3D ( 'NONE', #1316, #4127, #4384 ) ;
#7060 = ORIENTED_EDGE ( 'NONE', *, *, #1831, .T. ) ;
#7061 = FACE_OUTER_BOUND ( 'NONE', #1558, .T. ) ;
#7062 = UNCERTAINTY_MEASURE_WITH_UNIT (LENGTH_MEASURE( 1.000000000000000082E-05 ), #5807, 'distance_accuracy_value', 'NONE');
#7063 = ORIENTED_EDGE ( 'NONE', *, *, #7700, .T. ) ;
#7064 = PRESENTATION_STYLE_ASSIGNMENT (( #4910 ) ) ;
#7065 = VERTEX_POINT ( 'NONE', #1020 ) ;
#7066 = CARTESIAN_POINT ( 'NONE',  ( 26.57908974111629519, 12.17925050771479967, -3.969951704299691020 ) ) ;
#7067 = DIRECTION ( 'NONE',  ( 0.000000000000000000, 0.000000000000000000, -1.000000000000000000 ) ) ;
#7068 = ORIENTED_EDGE ( 'NONE', *, *, #1092, .T. ) ;
#7069 = LINE ( 'NONE', #8974, #592 ) ;
#7070 = ORIENTED_EDGE ( 'NONE', *, *, #8869, .T. ) ;
#7071 = DIRECTION ( 'NONE',  ( 0.000000000000000000, 0.000000000000000000, 1.000000000000000000 ) ) ;
#7072 = FACE_BOUND ( 'NONE', #1149, .T. ) ;
#7073 = DIRECTION ( 'NONE',  ( 6.162975822039150624E-33, -1.000000000000000000, 2.220446049250313574E-16 ) ) ;
#7074 = CARTESIAN_POINT ( 'NONE',  ( -28.45352127265490694, 12.11855305307429909, -3.910519489001698101 ) ) ;
#7075 = DIRECTION ( 'NONE',  ( 2.465190328815661892E-32, -6.137086701989279675E-49, -1.000000000000000000 ) ) ;
#7076 = APPLICATION_CONTEXT ( 'automotive_design' ) ;
#7077 = ORIENTED_EDGE ( 'NONE', *, *, #3253, .T. ) ;
#7078 = FACE_OUTER_BOUND ( 'NONE', #2696, .T. ) ;
#7079 = SURFACE_STYLE_USAGE ( .BOTH. , #4279 ) ;
#7080 = CARTESIAN_POINT ( 'NONE',  ( 26.09336873524762979, 8.632600385912855501, -0.2592390337460918071 ) ) ;
#7081 = VERTEX_POINT ( 'NONE', #5173 ) ;
#7082 = DIRECTION ( 'NONE',  ( 1.000000000000000000, 6.162975822039154730E-33, 2.449293598294709866E-16 ) ) ;
#7083 = ORIENTED_EDGE ( 'NONE', *, *, #3361, .F. ) ;
#7084 = CARTESIAN_POINT ( 'NONE',  ( -27.63000000000000256, 10.34519578245819993, -1.299999999999997380 ) ) ;
#7085 = FACE_OUTER_BOUND ( 'NONE', #118, .T. ) ;
#7086 = CARTESIAN_POINT ( 'NONE',  ( 30.75000000000000000, 8.049116928532395765E-16, -5.999999999999987566 ) ) ;
#7087 = ORIENTED_EDGE ( 'NONE', *, *, #2099, .F. ) ;
#7088 = CARTESIAN_POINT ( 'NONE',  ( -22.81999999999999318, 9.100000000000399325, -5.999999999999996447 ) ) ;
#7089 = DIRECTION ( 'NONE',  ( -1.000000000000000000, -6.162975822039154730E-33, -2.465190328815661892E-32 ) ) ;
#7090 = ADVANCED_FACE ( 'NONE', ( #5988 ), #1709, .T. ) ;
#7091 = FACE_OUTER_BOUND ( 'NONE', #7489, .T. ) ;
#7092 = ORIENTED_EDGE ( 'NONE', *, *, #7557, .F. ) ;
#7093 = DIRECTION ( 'NONE',  ( 1.224646799147350249E-16, 1.410381911693479320E-49, -1.000000000000000000 ) ) ;
#7094 = DIRECTION ( 'NONE',  ( -1.000000000000000000, -6.162975822039154730E-33, -2.465190328815661892E-32 ) ) ;
#7095 = DIRECTION ( 'NONE',  ( -2.465190328815625765E-32, -2.887875195853460230E-14, 1.000000000000000000 ) ) ;
#7096 = ADVANCED_FACE ( 'NONE', ( #6646 ), #7963, .F. ) ;
#7097 = PLANE ( 'NONE',  #7267 ) ;
#7098 = DIRECTION ( 'NONE',  ( 6.162975822039150624E-33, -1.000000000000000000, 2.220446049250313574E-16 ) ) ;
#7099 = DIRECTION ( 'NONE',  ( -8.659560562354920532E-17, 0.7071067811865470176, 0.7071067811865480168 ) ) ;
#7100 = ORIENTED_EDGE ( 'NONE', *, *, #5937, .F. ) ;
#7101 = VECTOR ( 'NONE', #3671, 1000.000000000000114 ) ;
#7102 = EDGE_CURVE ( 'NONE', #8182, #244, #8681, .T. ) ;
#7103 = CARTESIAN_POINT ( 'NONE',  ( 28.77531849418720000, 9.018243830422999707, -0.03910416080465418942 ) ) ;
#7104 = VECTOR ( 'NONE', #7073, 1000.000000000000000 ) ;
#7105 = ORIENTED_EDGE ( 'NONE', *, *, #3578, .T. ) ;
#7106 = ADVANCED_FACE ( 'NONE', ( #4438 ), #971, .T. ) ;
#7107 = DIRECTION ( 'NONE',  ( 0.000000000000000000, 0.000000000000000000, 1.000000000000000000 ) ) ;
#7108 = EDGE_CURVE ( 'NONE', #5736, #1409, #7235, .T. ) ;
#7109 = LINE ( 'NONE', #8465, #75 ) ;
#7110 = VECTOR ( 'NONE', #3982, 1000.000000000000000 ) ;
#7111 = EDGE_CURVE ( 'NONE', #1745, #7363, #4440, .T. ) ;
#7112 = EDGE_LOOP ( 'NONE', ( #4008, #5726, #5165, #4353, #3200 ) ) ;
#7113 = DIRECTION ( 'NONE',  ( 1.000000000000000000, 6.162975822039154730E-33, 2.465190328815661892E-32 ) ) ;
#7114 = CARTESIAN_POINT ( 'NONE',  ( 26.56316236704719813, 12.14544140012709761, -3.943414897858193324 ) ) ;
#7115 = FACE_OUTER_BOUND ( 'NONE', #6760, .T. ) ;
#7116 = ORIENTED_EDGE ( 'NONE', *, *, #967, .F. ) ;
#7117 = AXIS2_PLACEMENT_3D ( 'NONE', #1443, #4999, #7644 ) ;
#7118 = VECTOR ( 'NONE', #2424, 1000.000000000000000 ) ;
#7119 = VERTEX_POINT ( 'NONE', #5801 ) ;
#7120 = CARTESIAN_POINT ( 'NONE',  ( 29.86999999999999389, 12.28524271247460220, -3.799999999999994493 ) ) ;
#7121 = EDGE_CURVE ( 'NONE', #1239, #1686, #3196, .T. ) ;
#7122 = CARTESIAN_POINT ( 'NONE',  ( -28.40215879435700685, 12.25130659246780063, -3.997099821813402620 ) ) ;
#7123 = DIRECTION ( 'NONE',  ( 0.000000000000000000, -0.7071067811865476838, 0.7071067811865473507 ) ) ;
#7124 = VECTOR ( 'NONE', #6998, 1000.000000000000000 ) ;
#7125 = ORIENTED_EDGE ( 'NONE', *, *, #4832, .F. ) ;
#7126 = DIRECTION ( 'NONE',  ( -5.801957056841932144E-32, 0.7071067811866160735, 0.7071067811864790720 ) ) ;
#7127 = DIRECTION ( 'NONE',  ( 0.000000000000000000, 0.000000000000000000, 1.000000000000000000 ) ) ;
#7128 = DIRECTION ( 'NONE',  ( -1.000000000000000000, -6.162975822039154730E-33, -2.465190328815661892E-32 ) ) ;
#7129 = CARTESIAN_POINT ( 'NONE',  ( -27.65017632264212466, 7.400624110387730603, 2.321944453947183185 ) ) ;
#7130 = ORIENTED_EDGE ( 'NONE', *, *, #2158, .T. ) ;
#7131 = FACE_OUTER_BOUND ( 'NONE', #6124, .T. ) ;
#7132 = CARTESIAN_POINT ( 'NONE',  ( 27.95000000000000284, 14.55735931288179863, -5.999999999999994671 ) ) ;
#7133 = EDGE_LOOP ( 'NONE', ( #1108, #5407, #1871 ) ) ;
#7134 = CARTESIAN_POINT ( 'NONE',  ( 27.37000000000000455, 10.36808542494920005, -5.999999999999993783 ) ) ;
#7135 = DIRECTION ( 'NONE',  ( -1.000000000000000000, -6.162975822039154730E-33, -2.465190328815661892E-32 ) ) ;
#7136 = EDGE_LOOP ( 'NONE', ( #8623, #4311, #7009, #4147 ) ) ;
#7137 = LINE ( 'NONE', #7088, #441 ) ;
#7138 = CARTESIAN_POINT ( 'NONE',  ( 26.59598742006159711, 12.33197545393339922, -3.994578714431495037 ) ) ;
#7139 = CARTESIAN_POINT ( 'NONE',  ( -28.96999999999999886, -2.480339199167400199, 1.035723358706969632 ) ) ;
#7140 = CARTESIAN_POINT ( 'NONE',  ( -28.95000000000000284, 8.699502414407600526, -0.1421431015306683920 ) ) ;
#7141 = ORIENTED_EDGE ( 'NONE', *, *, #6605, .F. ) ;
#7142 = CARTESIAN_POINT ( 'NONE',  ( 29.50000000000000000, 11.09999999999999787, 0.3000000000000103140 ) ) ;
#7143 = PLANE ( 'NONE',  #6426 ) ;
#7144 = DIRECTION ( 'NONE',  ( 3.157997194805338088E-31, 0.3792829471100740424, 0.9252807390362650652 ) ) ;
#7145 = CARTESIAN_POINT ( 'NONE',  ( 26.69999999999950191, 9.197444395117798877, -4.099999999999990763 ) ) ;
#7146 = DIRECTION ( 'NONE',  ( -1.000000000000000000, -6.162975822039154730E-33, -2.465190328815661892E-32 ) ) ;
#7147 = CARTESIAN_POINT ( 'NONE',  ( 29.87500000000000000, 8.049116928532395765E-16, 1.509999999999660947 ) ) ;
#7148 = ADVANCED_FACE ( 'NONE', ( #8583 ), #2314, .T. ) ;
#7149 = VERTEX_POINT ( 'NONE', #4529 ) ;
#7150 = CARTESIAN_POINT ( 'NONE',  ( 27.11561305647650144, 10.67656721185510094, -0.4916019335323412176 ) ) ;
#7151 = CARTESIAN_POINT ( 'NONE',  ( 28.70000000000000284, 9.274131101509398789, 0.2796952570165902596 ) ) ;
#7152 = ORIENTED_EDGE ( 'NONE', *, *, #3800, .T. ) ;
#7153 = VECTOR ( 'NONE', #8088, 1000.000000000000000 ) ;
#7154 = LINE ( 'NONE', #206, #6095 ) ;
#7155 = CARTESIAN_POINT ( 'NONE',  ( 30.45000000000000284, 6.619174842030999706, 1.060820357969170402 ) ) ;
#7156 = UNCERTAINTY_MEASURE_WITH_UNIT (LENGTH_MEASURE( 1.000000000000000082E-05 ), #8934, 'distance_accuracy_value', 'NONE');
#7157 = EDGE_CURVE ( 'NONE', #8062, #6994, #5853, .T. ) ;
#7158 = AXIS2_PLACEMENT_3D ( 'NONE', #149, #3561, #1380 ) ;
#7159 = EDGE_CURVE ( 'NONE', #4171, #6928, #1169, .T. ) ;
#7160 =( GEOMETRIC_REPRESENTATION_CONTEXT ( 3 ) GLOBAL_UNCERTAINTY_ASSIGNED_CONTEXT ( ( #7353 ) ) GLOBAL_UNIT_ASSIGNED_CONTEXT ( ( #6797, #6234, #619 ) ) REPRESENTATION_CONTEXT ( 'NONE', 'WORKASPACE' ) );
#7161 = ORIENTED_EDGE ( 'NONE', *, *, #8382, .F. ) ;
#7162 = CARTESIAN_POINT ( 'NONE',  ( 26.58744884260459784, 12.20340878868290346, -3.982491668075193392 ) ) ;
#7163 = DIRECTION ( 'NONE',  ( 0.000000000000000000, 0.000000000000000000, 1.000000000000000000 ) ) ;
#7164 = VERTEX_POINT ( 'NONE', #5403 ) ;
#7165 = CARTESIAN_POINT ( 'NONE',  ( 30.00000000000000000, 8.418613096565399800, -5.999999999999992895 ) ) ;
#7166 = CARTESIAN_POINT ( 'NONE',  ( -30.75000000000000000, 2.634710238477500965, -3.855766422117497427 ) ) ;
#7167 = LINE ( 'NONE', #2299, #7016 ) ;
#7168 = DIRECTION ( 'NONE',  ( -2.102964564690143066E-32, -1.000000000000000000, -2.865670735360957099E-14 ) ) ;
#7169 = LINE ( 'NONE', #6488, #938 ) ;
#7170 = VECTOR ( 'NONE', #6975, 1000.000000000000000 ) ;
#7171 = EDGE_CURVE ( 'NONE', #703, #233, #8981, .T. ) ;
#7172 = DIRECTION ( 'NONE',  ( 1.000000000000000000, 6.162975822039154730E-33, 2.465190328815661892E-32 ) ) ;
#7173 = EDGE_CURVE ( 'NONE', #2119, #7649, #2544, .T. ) ;
#7174 = EDGE_CURVE ( 'NONE', #3101, #1802, #6182, .T. ) ;
#7175 = VERTEX_POINT ( 'NONE', #8265 ) ;
#7176 = PLANE ( 'NONE',  #8047 ) ;
#7177 = LINE ( 'NONE', #862, #3984 ) ;
#7178 = PLANE ( 'NONE',  #2818 ) ;
#7179 = ORIENTED_EDGE ( 'NONE', *, *, #4403, .T. ) ;
#7180 = DIRECTION ( 'NONE',  ( -6.162975822039150624E-33, -1.000000000000000000, 2.220446049250313574E-16 ) ) ;
#7181 = CARTESIAN_POINT ( 'NONE',  ( -28.96999999999999886, -0.6118426718401985820, 1.089999999999650804 ) ) ;
#7182 = VERTEX_POINT ( 'NONE', #4668 ) ;
#7183 = DIRECTION ( 'NONE',  ( -1.000000000000000000, -6.162975822039154730E-33, -2.465190328815661345E-32 ) ) ;
#7184 = DIRECTION ( 'NONE',  ( 1.000000000000000000, 0.000000000000000000, 0.000000000000000000 ) ) ;
#7185 = CARTESIAN_POINT ( 'NONE',  ( 28.24999999999999645, 9.197444395117798877, -4.099999999999990763 ) ) ;
#7186 = ORIENTED_EDGE ( 'NONE', *, *, #5823, .T. ) ;
#7187 = DIRECTION ( 'NONE',  ( 1.000000000000000000, -6.162975822039154730E-33, -1.224646799147350249E-16 ) ) ;
#7188 = DIRECTION ( 'NONE',  ( 2.465190328815661345E-32, -6.137086701989279675E-49, -1.000000000000000000 ) ) ;
#7189 = AXIS2_PLACEMENT_3D ( 'NONE', #8560, #8612, #7067 ) ;
#7190 = VECTOR ( 'NONE', #4570, 1000.000000000000000 ) ;
#7191 = CARTESIAN_POINT ( 'NONE',  ( -27.70399149855239074, -3.500000000000399680, -5.999999999999989342 ) ) ;
#7192 = ORIENTED_EDGE ( 'NONE', *, *, #5509, .T. ) ;
#7193 = AXIS2_PLACEMENT_3D ( 'NONE', #2301, #2894, #136 ) ;
#7194 = FACE_OUTER_BOUND ( 'NONE', #1445, .T. ) ;
#7195 = FILL_AREA_STYLE_COLOUR ( '', #1560 ) ;
#7196 = LINE ( 'NONE', #7922, #4557 ) ;
#7197 = VECTOR ( 'NONE', #4432, 1000.000000000000000 ) ;
#7198 = AXIS2_PLACEMENT_3D ( 'NONE', #4946, #4255, #885 ) ;
#7199 = CARTESIAN_POINT ( 'NONE',  ( -27.27021929459690242, 9.025582109328297520, -0.02775009080288083629 ) ) ;
#7200 = DIRECTION ( 'NONE',  ( 3.157997194805338088E-31, 0.3792829471100740424, 0.9252807390362650652 ) ) ;
#7201 = PLANE ( 'NONE',  #295 ) ;
#7202 = VERTEX_POINT ( 'NONE', #1155 ) ;
#7203 = CARTESIAN_POINT ( 'NONE',  ( 28.89689865049190232, 8.916689370469899956, -0.2256127492950721902 ) ) ;
#7204 = ORIENTED_EDGE ( 'NONE', *, *, #1484, .T. ) ;
#7205 = AXIS2_PLACEMENT_3D ( 'NONE', #1343, #59, #8585 ) ;
#7206 = AXIS2_PLACEMENT_3D ( 'NONE', #1642, #7214, #898 ) ;
#7207 = PLANE ( 'NONE',  #1872 ) ;
#7208 = CARTESIAN_POINT ( 'NONE',  ( -28.00000000000001066, 9.717157287525500564, 2.517157287525053189 ) ) ;
#7209 = DIRECTION ( 'NONE',  ( 0.000000000000000000, -0.7071067811865476838, 0.7071067811865473507 ) ) ;
#7210 = VECTOR ( 'NONE', #2988, 1000.000000000000000 ) ;
#7211 = ORIENTED_EDGE ( 'NONE', *, *, #8382, .T. ) ;
#7212 = CARTESIAN_POINT ( 'NONE',  ( 26.58426869460779685, 12.19351624769940123, -3.977808048739993829 ) ) ;
#7213 = ORIENTED_EDGE ( 'NONE', *, *, #5596, .F. ) ;
#7214 = DIRECTION ( 'NONE',  ( 2.826209094012968775E-32, 0.7071067811865481278, 0.7071067811865470176 ) ) ;
#7215 = ADVANCED_FACE ( 'NONE', ( #8139 ), #470, .F. ) ;
#7216 = CYLINDRICAL_SURFACE ( 'NONE', #1148, 1.500000000000000222 ) ;
#7217 = PLANE ( 'NONE',  #8402 ) ;
#7218 = CARTESIAN_POINT ( 'NONE',  ( -27.99999999999999645, -0.4999999999999996669, 1.299999999999652545 ) ) ;
#7219 = EDGE_CURVE ( 'NONE', #1326, #946, #7940, .T. ) ;
#7220 = ORIENTED_EDGE ( 'NONE', *, *, #7823, .F. ) ;
#7221 = ORIENTED_EDGE ( 'NONE', *, *, #7763, .T. ) ;
#7222 = CARTESIAN_POINT ( 'NONE',  ( 27.37000000000000455, 13.10000000000000142, -5.999999999999993783 ) ) ;
#7223 = CARTESIAN_POINT ( 'NONE',  ( -28.07212481995630071, 8.822091372997002523, -0.4968726694431855329 ) ) ;
#7224 = DIRECTION ( 'NONE',  ( 1.000000000000000000, 6.162975822039154730E-33, 2.465190328815661892E-32 ) ) ;
#7225 = EDGE_LOOP ( 'NONE', ( #8750, #4515, #9043, #5020 ) ) ;
#7226 = PLANE ( 'NONE',  #8148 ) ;
#7227 = VERTEX_POINT ( 'NONE', #1986 ) ;
#7228 = ADVANCED_FACE ( 'NONE', ( #4805 ), #3425, .T. ) ;
#7229 = LINE ( 'NONE', #8578, #2030 ) ;
#7230 = LINE ( 'NONE', #5983, #8324 ) ;
#7231 = ADVANCED_FACE ( 'NONE', ( #1287 ), #605, .T. ) ;
#7232 = VECTOR ( 'NONE', #2121, 1000.000000000000000 ) ;
#7233 = EDGE_CURVE ( 'NONE', #4970, #719, #139, .T. ) ;
#7234 = ORIENTED_EDGE ( 'NONE', *, *, #1430, .T. ) ;
#7235 = LINE ( 'NONE', #3055, #6178 ) ;
#7236 = DIRECTION ( 'NONE',  ( -1.936050386532797621E-31, 0.7071067811865475727, 0.7071067811865474617 ) ) ;
#7237 = DIRECTION ( 'NONE',  ( 0.000000000000000000, 0.000000000000000000, 1.000000000000000000 ) ) ;
#7238 = CARTESIAN_POINT ( 'NONE',  ( 30.19527761075530137, 8.983961659688697310, -0.09571333561370250209 ) ) ;
#7239 = VERTEX_POINT ( 'NONE', #3978 ) ;
#7240 = CARTESIAN_POINT ( 'NONE',  ( 26.77269520722490270, 8.829752859918102104, -0.4671634206133926659 ) ) ;
#7241 = FACE_OUTER_BOUND ( 'NONE', #3154, .T. ) ;
#7242 = CARTESIAN_POINT ( 'NONE',  ( -30.75000000000000000, 3.174991473819500420, -4.323565720717696514 ) ) ;
#7243 = EDGE_LOOP ( 'NONE', ( #5660, #3185, #6955, #1330, #8582 ) ) ;
#7244 = CARTESIAN_POINT ( 'NONE',  ( 27.96999999999999531, -1.282735425143100461, -3.303575002641591318 ) ) ;
#7245 = CARTESIAN_POINT ( 'NONE',  ( 30.30000000000000071, 10.84008786613549802, 1.450517191627418878 ) ) ;
#7246 = DIRECTION ( 'NONE',  ( -0.2456180623827269593, -0.9693666836813378263, 2.152426423055105252E-16 ) ) ;
#7247 = LINE ( 'NONE', #936, #3839 ) ;
#7248 = ORIENTED_EDGE ( 'NONE', *, *, #8880, .T. ) ;
#7249 = CARTESIAN_POINT ( 'NONE',  ( 27.11561305647650144, 10.67656721185510094, -0.4916019335323412176 ) ) ;
#7250 = FACE_OUTER_BOUND ( 'NONE', #4216, .T. ) ;
#7251 = ORIENTED_EDGE ( 'NONE', *, *, #251, .F. ) ;
#7252 = CARTESIAN_POINT ( 'NONE',  ( -27.62499999999999645, -0.4999999999999996669, 1.509999999999661391 ) ) ;
#7253 = PLANE ( 'NONE',  #2164 ) ;
#7254 = CARTESIAN_POINT ( 'NONE',  ( 27.72468150581450175, 9.018243830425598517, -0.03910416080067126432 ) ) ;
#7255 = CARTESIAN_POINT ( 'NONE',  ( 26.20000000000230500, 8.337215522247198862, -0.6572203222474527484 ) ) ;
#7256 = FACE_OUTER_BOUND ( 'NONE', #4508, .T. ) ;
#7257 = ORIENTED_EDGE ( 'NONE', *, *, #929, .F. ) ;
#7258 = LINE ( 'NONE', #308, #8320 ) ;
#7259 = CARTESIAN_POINT ( 'NONE',  ( 28.70000000000229434, 18.79999999999789750, -5.999999999999995559 ) ) ;
#7260 = ORIENTED_EDGE ( 'NONE', *, *, #858, .F. ) ;
#7261 = ORIENTED_EDGE ( 'NONE', *, *, #3759, .F. ) ;
#7262 = DIRECTION ( 'NONE',  ( 3.610187651973906322E-33, 0.7071067811864790720, -0.7071067811866160735 ) ) ;
#7263 = DIRECTION ( 'NONE',  ( 5.419629982065157019E-33, -0.9396926207859075397, 0.3420201433256709889 ) ) ;
#7264 = ORIENTED_EDGE ( 'NONE', *, *, #5097, .F. ) ;
#7265 = EDGE_LOOP ( 'NONE', ( #746, #5950, #3969, #5408 ) ) ;
#7266 = CARTESIAN_POINT ( 'NONE',  ( 30.00000000000000000, 9.689337846835098134, -2.899999999999991029 ) ) ;
#7267 = AXIS2_PLACEMENT_3D ( 'NONE', #7244, #3022, #8649 ) ;
#7268 = LINE ( 'NONE', #8041, #3056 ) ;
#7269 = AXIS2_PLACEMENT_3D ( 'NONE', #6836, #4001, #3168 ) ;
#7270 = ORIENTED_EDGE ( 'NONE', *, *, #2384, .F. ) ;
#7271 = EDGE_CURVE ( 'NONE', #8311, #307, #1964, .T. ) ;
#7272 = ORIENTED_EDGE ( 'NONE', *, *, #5540, .T. ) ;
#7273 = DIRECTION ( 'NONE',  ( 1.224646799147350249E-16, 1.410381911693479320E-49, -1.000000000000000000 ) ) ;
#7274 = PLANE ( 'NONE',  #6765 ) ;
#7275 = AXIS2_PLACEMENT_3D ( 'NONE', #731, #7716, #98 ) ;
#7276 = EDGE_CURVE ( 'NONE', #18, #2472, #7500, .T. ) ;
#7277 = CARTESIAN_POINT ( 'NONE',  ( 30.75000000000000000, 8.049116928532395765E-16, 6.000000000000012434 ) ) ;
#7278 = VERTEX_POINT ( 'NONE', #8098 ) ;
#7279 = DIRECTION ( 'NONE',  ( -8.659560562355747604E-17, -0.7071067811864790720, 0.7071067811866160735 ) ) ;
#7280 = CARTESIAN_POINT ( 'NONE',  ( -28.40025932433519529, 12.29877853629260009, -3.999655129639099194 ) ) ;
#7281 = ADVANCED_FACE ( 'NONE', ( #4019 ), #3333, .T. ) ;
#7282 = CARTESIAN_POINT ( 'NONE',  ( 26.20000000000230500, 10.89721792224730024, 1.902782077752107170 ) ) ;
#7283 = VECTOR ( 'NONE', #6296, 1000.000000000000000 ) ;
#7284 = CARTESIAN_POINT ( 'NONE',  ( 30.17508387737009912, 8.965082645930200655, -0.1292572171962425576 ) ) ;
#7285 = EDGE_LOOP ( 'NONE', ( #1202, #2671, #327, #3959 ) ) ;
#7286 = CARTESIAN_POINT ( 'NONE',  ( 26.98556301468429908, 8.821320343559701627, -0.4999999999999917843 ) ) ;
#7287 = LINE ( 'NONE', #3116, #262 ) ;
#7288 = DIRECTION ( 'NONE',  ( 2.465190328815661345E-32, 6.137086701989279675E-49, 1.000000000000000000 ) ) ;
#7289 = EDGE_CURVE ( 'NONE', #4009, #575, #4622, .T. ) ;
#7290 = EDGE_CURVE ( 'NONE', #1473, #399, #3931, .T. ) ;
#7291 = CIRCLE ( 'NONE', #6844, 0.5000000000000000000 ) ;
#7292 = VERTEX_POINT ( 'NONE', #5360 ) ;
#7293 = CARTESIAN_POINT ( 'NONE',  ( 25.74999999999999645, 12.28524271247460220, -3.799999999999994493 ) ) ;
#7294 = DIRECTION ( 'NONE',  ( -2.465190328815661345E-32, 6.137086701989279675E-49, 1.000000000000000000 ) ) ;
#7295 = DIRECTION ( 'NONE',  ( 4.856046073633917513E-32, -0.9396926207859036539, -0.3420201433256817025 ) ) ;
#7296 = ADVANCED_FACE ( 'NONE', ( #8805 ), #1850, .T. ) ;
#7297 = VERTEX_POINT ( 'NONE', #4846 ) ;
#7298 = SURFACE_SIDE_STYLE ('',( #8730 ) ) ;
#7299 = CARTESIAN_POINT ( 'NONE',  ( 27.08646395437169829, 8.822479418890399216, -0.4953137648716927077 ) ) ;
#7300 = VERTEX_POINT ( 'NONE', #1420 ) ;
#7301 = DIRECTION ( 'NONE',  ( -1.000000000000000000, 6.162975822039154730E-33, 2.465190328815661892E-32 ) ) ;
#7302 = CARTESIAN_POINT ( 'NONE',  ( 27.49231021794559737, 8.873144392711099115, -0.3307384549113504546 ) ) ;
#7303 = CARTESIAN_POINT ( 'NONE',  ( -30.64999999999999503, 3.289204187422301029, -5.289204187421997716 ) ) ;
#7304 =( NAMED_UNIT ( * ) PLANE_ANGLE_UNIT ( ) SI_UNIT ( $, .RADIAN. ) );
#7305 = ORIENTED_EDGE ( 'NONE', *, *, #3529, .T. ) ;
#7306 = FACE_OUTER_BOUND ( 'NONE', #2103, .T. ) ;
#7307 = MECHANICAL_DESIGN_GEOMETRIC_PRESENTATION_REPRESENTATION (  '', ( #6858 ), #4523 ) ;
#7308 = CARTESIAN_POINT ( 'NONE',  ( -28.05000000000000426, 12.59999999999999964, -7.200002399999998026 ) ) ;
#7309 = EDGE_LOOP ( 'NONE', ( #4613, #8744, #13, #4064 ) ) ;
#7310 = ORIENTED_EDGE ( 'NONE', *, *, #4294, .T. ) ;
#7311 = CARTESIAN_POINT ( 'NONE',  ( 30.30600310657639795, 8.489055053478896440, -0.4999999999999917843 ) ) ;
#7312 = AXIS2_PLACEMENT_3D ( 'NONE', #2463, #4628, #1028 ) ;
#7313 = AXIS2_PLACEMENT_3D ( 'NONE', #665, #7014, #5729 ) ;
#7314 = VERTEX_POINT ( 'NONE', #5 ) ;
#7315 = VECTOR ( 'NONE', #2198, 1000.000000000000000 ) ;
#7316 = EDGE_LOOP ( 'NONE', ( #8731, #5713, #3489, #3521 ) ) ;
#7317 = CARTESIAN_POINT ( 'NONE',  ( -30.75000000000000000, 2.223807899774399299, -4.055156287094595413 ) ) ;
#7318 = FILL_AREA_STYLE_COLOUR ( '', #6024 ) ;
#7319 = ORIENTED_EDGE ( 'NONE', *, *, #1599, .T. ) ;
#7320 = VECTOR ( 'NONE', #6351, 1000.000000000000000 ) ;
#7321 = ORIENTED_EDGE ( 'NONE', *, *, #1488, .F. ) ;
#7322 = CARTESIAN_POINT ( 'NONE',  ( 29.12499999999999645, -2.900000000000399591, 1.509999999999660947 ) ) ;
#7323 = VECTOR ( 'NONE', #839, 1000.000000000000114 ) ;
#7324 = CARTESIAN_POINT ( 'NONE',  ( -28.11000000000001009, 13.10000000000000142, -6.000000000000000888 ) ) ;
#7325 = ORIENTED_EDGE ( 'NONE', *, *, #797, .T. ) ;
#7326 = FACE_OUTER_BOUND ( 'NONE', #4936, .T. ) ;
#7327 = FACE_OUTER_BOUND ( 'NONE', #6724, .T. ) ;
#7328 = CARTESIAN_POINT ( 'NONE',  ( -28.40663365564190102, 12.34474024512579859, -3.990945132455399946 ) ) ;
#7329 = CARTESIAN_POINT ( 'NONE',  ( 30.09417351025130216, 8.911989682365298648, -0.2358567776433121432 ) ) ;
#7330 = VERTEX_POINT ( 'NONE', #3597 ) ;
#7331 = CARTESIAN_POINT ( 'NONE',  ( -30.75000000000000000, 1.670670136135498751, -4.165468861284396418 ) ) ;
#7332 = VECTOR ( 'NONE', #4404, 1000.000000000000000 ) ;
#7333 = EDGE_CURVE ( 'NONE', #5081, #6536, #7032, .T. ) ;
#7334 = CARTESIAN_POINT ( 'NONE',  ( 26.99999999999999645, 8.656497115745700910, 3.577817459304881265 ) ) ;
#7335 = EDGE_CURVE ( 'NONE', #8692, #8511, #2075, .T. ) ;
#7336 = MECHANICAL_DESIGN_GEOMETRIC_PRESENTATION_REPRESENTATION (  '', ( #3822 ), #8771 ) ;
#7337 = VERTEX_POINT ( 'NONE', #7667 ) ;
#7338 = CIRCLE ( 'NONE', #3391, 0.9511835740451989318 ) ;
#7339 = CARTESIAN_POINT ( 'NONE',  ( -27.51900007258749170, 8.870049089596601988, -0.3392488324811381850 ) ) ;
#7340 = DIRECTION ( 'NONE',  ( 1.000000000000000000, -6.162975822039154730E-33, -2.465190328815661892E-32 ) ) ;
#7341 = ORIENTED_EDGE ( 'NONE', *, *, #6444, .F. ) ;
#7342 = EDGE_CURVE ( 'NONE', #1822, #6522, #8440, .T. ) ;
#7343 = LINE ( 'NONE', #7929, #8415 ) ;
#7344 = CARTESIAN_POINT ( 'NONE',  ( 27.19956048544679206, 8.827712827613797941, -0.4748437240679904137 ) ) ;
#7345 = ORIENTED_EDGE ( 'NONE', *, *, #4090, .F. ) ;
#7346 = EDGE_CURVE ( 'NONE', #4715, #6928, #2199, .T. ) ;
#7347 = CARTESIAN_POINT ( 'NONE',  ( 29.67999999999999972, 8.049116928532395765E-16, 6.000000000000012434 ) ) ;
#7348 = CARTESIAN_POINT ( 'NONE',  ( 27.74411869353349402, 9.048147215587498238, 0.006252880977457644929 ) ) ;
#7349 = LINE ( 'NONE', #2241, #7101 ) ;
#7350 = VECTOR ( 'NONE', #2820, 1000.000000000000000 ) ;
#7351 = EDGE_CURVE ( 'NONE', #249, #2111, #8854, .T. ) ;
#7352 = EDGE_CURVE ( 'NONE', #4872, #8827, #1502, .T. ) ;
#7353 = UNCERTAINTY_MEASURE_WITH_UNIT (LENGTH_MEASURE( 1.000000000000000082E-05 ), #6797, 'distance_accuracy_value', 'NONE');
#7354 = ORIENTED_EDGE ( 'NONE', *, *, #7596, .T. ) ;
#7355 = ADVANCED_FACE ( 'NONE', ( #4278 ), #2113, .T. ) ;
#7356 = VECTOR ( 'NONE', #6513, 1000.000000000000227 ) ;
#7357 = CARTESIAN_POINT ( 'NONE',  ( -28.11000000000001009, 13.10000000000000142, -6.000000000000000888 ) ) ;
#7358 = ORIENTED_EDGE ( 'NONE', *, *, #4185, .T. ) ;
#7359 = CARTESIAN_POINT ( 'NONE',  ( -30.75000000000000000, 2.223807899774399299, -4.055156287094595413 ) ) ;
#7360 = DIRECTION ( 'NONE',  ( 2.465190328815661345E-32, -6.137086701989279675E-49, -1.000000000000000000 ) ) ;
#7361 = DIRECTION ( 'NONE',  ( 6.162975822039150624E-33, -1.000000000000000000, 2.220446049250313574E-16 ) ) ;
#7362 = VERTEX_POINT ( 'NONE', #7628 ) ;
#7363 = VERTEX_POINT ( 'NONE', #96 ) ;
#7364 = CARTESIAN_POINT ( 'NONE',  ( -30.75000000000000000, 3.174991473819601229, -5.000185169558795550 ) ) ;
#7365 = LINE ( 'NONE', #322, #4817 ) ;
#7366 = VERTEX_POINT ( 'NONE', #3640 ) ;
#7367 = EDGE_LOOP ( 'NONE', ( #3916, #8697, #4329, #4462 ) ) ;
#7368 = CARTESIAN_POINT ( 'NONE',  ( 25.74999999999999645, 12.28524271247460220, -3.799999999999994493 ) ) ;
#7369 = CARTESIAN_POINT ( 'NONE',  ( -27.62499999999999645, -0.7705369544777969093, 1.089999999999650804 ) ) ;
#7370 = LINE ( 'NONE', #3189, #4833 ) ;
#7371 =( NAMED_UNIT ( * ) SI_UNIT ( $, .STERADIAN. ) SOLID_ANGLE_UNIT ( ) );
#7372 = VERTEX_POINT ( 'NONE', #4317 ) ;
#7373 = LINE ( 'NONE', #4380, #716 ) ;
#7374 = DIRECTION ( 'NONE',  ( 3.172845517115359508E-31, 0.2588190451025210170, 0.9659258262890682012 ) ) ;
#7375 = DIRECTION ( 'NONE',  ( -0.3373301319857319736, -0.6656607176537041592, -0.6656607176537040482 ) ) ;
#7376 = CARTESIAN_POINT ( 'NONE',  ( 29.89819595096450300, 8.851283482272501502, -0.3940040887979012196 ) ) ;
#7377 = ORIENTED_EDGE ( 'NONE', *, *, #743, .F. ) ;
#7378 = CARTESIAN_POINT ( 'NONE',  ( 26.78656733856629657, 8.828732845407399665, -0.4710035661612214097 ) ) ;
#7379 = CARTESIAN_POINT ( 'NONE',  ( -28.00000000000001066, 8.656497115745700910, 3.577817459304881265 ) ) ;
#7380 = LINE ( 'NONE', #1071, #4982 ) ;
#7381 = ORIENTED_EDGE ( 'NONE', *, *, #4474, .F. ) ;
#7382 = CARTESIAN_POINT ( 'NONE',  ( -27.81440535052499996, 8.826808315001200000, -0.4783063892780572424 ) ) ;
#7383 = DIRECTION ( 'NONE',  ( -2.465190328815661892E-32, -6.137086701989279675E-49, -1.000000000000000000 ) ) ;
#7384 = ORIENTED_EDGE ( 'NONE', *, *, #6745, .T. ) ;
#7385 = CARTESIAN_POINT ( 'NONE',  ( 27.37499999999999645, 8.049116928532395765E-16, -3.910000000000392273 ) ) ;
#7386 = ORIENTED_EDGE ( 'NONE', *, *, #536, .T. ) ;
#7387 = ADVANCED_FACE ( 'NONE', ( #7078 ), #4184, .T. ) ;
#7388 = CARTESIAN_POINT ( 'NONE',  ( 26.99999999999999645, -0.4999999999999996669, -3.700000000000390532 ) ) ;
#7389 = DIRECTION ( 'NONE',  ( -2.104171563618355009E-32, 0.7071067811865470176, -0.7071067811865481278 ) ) ;
#7390 = PLANE ( 'NONE',  #6535 ) ;
#7391 = EDGE_CURVE ( 'NONE', #6129, #1641, #2155, .T. ) ;
#7392 = ORIENTED_EDGE ( 'NONE', *, *, #598, .F. ) ;
#7393 = LINE ( 'NONE', #2339, #5560 ) ;
#7394 = LINE ( 'NONE', #7435, #5864 ) ;
#7395 = DIRECTION ( 'NONE',  ( 1.000000000000000000, 6.162975822039154730E-33, 2.465190328815661892E-32 ) ) ;
#7396 = EDGE_LOOP ( 'NONE', ( #2487, #887, #6329, #7408 ) ) ;
#7397 = ADVANCED_FACE ( 'NONE', ( #6356 ), #8306, .F. ) ;
#7398 = ADVANCED_FACE ( 'NONE', ( #6983 ), #4149, .F. ) ;
#7399 = DIRECTION ( 'NONE',  ( 0.000000000000000000, 0.000000000000000000, 1.000000000000000000 ) ) ;
#7400 = CARTESIAN_POINT ( 'NONE',  ( 25.97499999999999787, 9.757417244889499131, 2.759740042635417723 ) ) ;
#7401 = CARTESIAN_POINT ( 'NONE',  ( 26.53062963995199297, 12.09872756050350162, -3.872396622174891778 ) ) ;
#7402 = ADVANCED_FACE ( 'NONE', ( #6262 ), #677, .F. ) ;
#7403 = EDGE_LOOP ( 'NONE', ( #5158, #2373, #3415, #2135, #5620, #27, #1377 ) ) ;
#7404 = ORIENTED_EDGE ( 'NONE', *, *, #7823, .T. ) ;
#7405 = LINE ( 'NONE', #1188, #698 ) ;
#7406 = CARTESIAN_POINT ( 'NONE',  ( -28.72468150581500268, 9.018243830426300178, -0.03910416079956798019 ) ) ;
#7407 = DIRECTION ( 'NONE',  ( 3.453703122491624796E-31, 0.3420201433256738754, 0.9396926207859065405 ) ) ;
#7408 = ORIENTED_EDGE ( 'NONE', *, *, #3019, .T. ) ;
#7409 = EDGE_CURVE ( 'NONE', #5101, #8104, #1372, .T. ) ;
#7410 = ORIENTED_EDGE ( 'NONE', *, *, #8380, .T. ) ;
#7411 = COLOUR_RGB ( '',0.9490196078431372140, 0.9490196078431372140, 1.000000000000000000 ) ;
#7412 = PLANE ( 'NONE',  #1568 ) ;
#7413 = SHAPE_DEFINITION_REPRESENTATION ( #4985, #4795 ) ;
#7414 = CIRCLE ( 'NONE', #2571, 1.500000000000000666 ) ;
#7415 = ORIENTED_EDGE ( 'NONE', *, *, #4552, .F. ) ;
#7416 = CARTESIAN_POINT ( 'NONE',  ( 27.37499999999999645, 8.049116928532395765E-16, -2.532953719327088571 ) ) ;
#7417 = LINE ( 'NONE', #8234, #3162 ) ;
#7418 = CARTESIAN_POINT ( 'NONE',  ( 30.29593339917289896, 9.214750784224998270, 0.2166997256535779237 ) ) ;
#7419 = ORIENTED_EDGE ( 'NONE', *, *, #3478, .F. ) ;
#7420 = AXIS2_PLACEMENT_3D ( 'NONE', #4078, #6874, #1523 ) ;
#7421 = LINE ( 'NONE', #4537, #8036 ) ;
#7422 = VECTOR ( 'NONE', #6987, 1000.000000000000114 ) ;
#7423 = CARTESIAN_POINT ( 'NONE',  ( 25.75000000000115463, -3.500000000000399680, -6.000000000000000000 ) ) ;
#7424 = ORIENTED_EDGE ( 'NONE', *, *, #4861, .F. ) ;
#7425 = CARTESIAN_POINT ( 'NONE',  ( -27.46455888031640313, 8.887070465783498463, -0.2945565400529187028 ) ) ;
#7426 = VECTOR ( 'NONE', #1172, 1000.000000000000114 ) ;
#7427 = VERTEX_POINT ( 'NONE', #6311 ) ;
#7428 = DIRECTION ( 'NONE',  ( -5.546678239835239257E-32, -0.7071067811865480168, 0.7071067811865470176 ) ) ;
#7429 = EDGE_LOOP ( 'NONE', ( #650, #6354, #8758, #7251, #6675, #4834, #4117 ) ) ;
#7430 = CARTESIAN_POINT ( 'NONE',  ( -28.49327985178132749, 9.256865078517861889, -3.955040111164026762 ) ) ;
#7431 = CARTESIAN_POINT ( 'NONE',  ( 26.84625566823700638, 12.59999999999999964, -1.299999999999992051 ) ) ;
#7432 = VECTOR ( 'NONE', #7984, 1000.000000000000114 ) ;
#7433 = ORIENTED_EDGE ( 'NONE', *, *, #2609, .T. ) ;
#7434 =( NAMED_UNIT ( * ) PLANE_ANGLE_UNIT ( ) SI_UNIT ( $, .RADIAN. ) );
#7435 = CARTESIAN_POINT ( 'NONE',  ( -29.25000000000001066, 12.09205754721679860, -3.851763809020500862 ) ) ;
#7436 = CARTESIAN_POINT ( 'NONE',  ( -30.64999999999999503, 1.430721185162701303, -3.944843712904794408 ) ) ;
#7437 = EDGE_LOOP ( 'NONE', ( #8259, #1984, #5886, #6688, #5112 ) ) ;
#7438 = CARTESIAN_POINT ( 'NONE',  ( -28.11000000000001009, 13.10000000000000142, -1.799999999999999600 ) ) ;
#7439 = CARTESIAN_POINT ( 'NONE',  ( -27.05000000000000426, 18.23431457504869968, -6.000000000000002665 ) ) ;
#7440 = CARTESIAN_POINT ( 'NONE',  ( 26.54647872734510017, 12.11855305307429909, -3.910519489001690996 ) ) ;
#7441 = EDGE_CURVE ( 'NONE', #8300, #7164, #4468, .T. ) ;
#7442 = EDGE_CURVE ( 'NONE', #4730, #6838, #3691, .T. ) ;
#7443 = EDGE_LOOP ( 'NONE', ( #7310, #841, #5303, #6849 ) ) ;
#7444 = VERTEX_POINT ( 'NONE', #7266 ) ;
#7445 = DIRECTION ( 'NONE',  ( -6.162975822039150624E-33, 1.000000000000000000, -2.220446049250313574E-16 ) ) ;
#7446 = CARTESIAN_POINT ( 'NONE',  ( -28.24108295109280320, 8.830888375319499772, -0.4629458469277095700 ) ) ;
#7447 = CARTESIAN_POINT ( 'NONE',  ( -30.75000000000000000, 0.5000000000000012212, -5.289204187421996828 ) ) ;
#7448 = DIRECTION ( 'NONE',  ( -3.172845517115359508E-31, -0.2588190451025210170, -0.9659258262890682012 ) ) ;
#7449 = ORIENTED_EDGE ( 'NONE', *, *, #1167, .T. ) ;
#7450 = ADVANCED_FACE ( 'NONE', ( #3880 ), #142, .F. ) ;
#7451 = EDGE_CURVE ( 'NONE', #4730, #2557, #7992, .T. ) ;
#7452 = EDGE_LOOP ( 'NONE', ( #1055, #9023, #2711, #3086 ) ) ;
#7453 = PRESENTATION_LAYER_ASSIGNMENT (  '', '', ( #6858 ) ) ;
#7454 = AXIS2_PLACEMENT_3D ( 'NONE', #7824, #9048, #111 ) ;
#7455 = VECTOR ( 'NONE', #5534, 1000.000000000000114 ) ;
#7456 = EDGE_CURVE ( 'NONE', #5401, #3831, #275, .T. ) ;
#7457 = ORIENTED_EDGE ( 'NONE', *, *, #1152, .T. ) ;
#7458 = DIRECTION ( 'NONE',  ( -1.000000000000000000, -6.162975822039154730E-33, -2.465190328815661345E-32 ) ) ;
#7459 = DIRECTION ( 'NONE',  ( -1.000000000000000000, -6.162975822039154730E-33, -2.465190328815661892E-32 ) ) ;
#7460 = CARTESIAN_POINT ( 'NONE',  ( 30.75000000000000000, 18.79999999999789750, -5.999999999999992006 ) ) ;
#7461 = VECTOR ( 'NONE', #4808, 1000.000000000000000 ) ;
#7462 = CARTESIAN_POINT ( 'NONE',  ( -28.41916728874860354, 12.38648440817640228, -3.972603141483201927 ) ) ;
#7463 = DIRECTION ( 'NONE',  ( 1.000000000000000000, 6.162975822039154730E-33, 2.465190328815661892E-32 ) ) ;
#7464 = ORIENTED_EDGE ( 'NONE', *, *, #4767, .F. ) ;
#7465 = EDGE_LOOP ( 'NONE', ( #4215, #3945, #5142, #5599 ) ) ;
#7466 = CARTESIAN_POINT ( 'NONE',  ( 26.41508738057660111, 8.907495253651500633, -0.2459554713667034265 ) ) ;
#7467 = CARTESIAN_POINT ( 'NONE',  ( 27.37000000000000455, 8.049116928532395765E-16, -1.299999999999988720 ) ) ;
#7468 = PLANE ( 'NONE',  #3968 ) ;
#7469 = STYLED_ITEM ( 'NONE', ( #1703 ), #5888 ) ;
#7470 = CARTESIAN_POINT ( 'NONE',  ( -27.42466885169871205, 8.903206040093900597, -0.2558723502696664265 ) ) ;
#7471 = DIRECTION ( 'NONE',  ( 0.000000000000000000, 0.000000000000000000, 1.000000000000000000 ) ) ;
#7472 = VERTEX_POINT ( 'NONE', #6638 ) ;
#7473 = VECTOR ( 'NONE', #3368, 1000.000000000000000 ) ;
#7474 = CARTESIAN_POINT ( 'NONE',  ( -28.75679224300349901, 8.049116928532395765E-16, 1.891792243003152629 ) ) ;
#7475 = EDGE_LOOP ( 'NONE', ( #2535, #6423, #4101, #446 ) ) ;
#7476 = DIRECTION ( 'NONE',  ( 0.000000000000000000, 0.000000000000000000, -1.000000000000000000 ) ) ;
#7477 = CARTESIAN_POINT ( 'NONE',  ( -28.48695949141688644, 12.53900965913011056, -3.829075765819192512 ) ) ;
#7478 = AXIS2_PLACEMENT_3D ( 'NONE', #7139, #5855, #8638 ) ;
#7479 = VECTOR ( 'NONE', #5674, 1000.000000000000000 ) ;
#7480 = VERTEX_POINT ( 'NONE', #7364 ) ;
#7481 = CARTESIAN_POINT ( 'NONE',  ( -30.75000000000000000, 8.049116928532391821E-16, -5.999999999999998224 ) ) ;
#7482 = DIRECTION ( 'NONE',  ( 0.08715574274765815199, -0.9961946980917455452, 2.318731583045154874E-16 ) ) ;
#7483 = VERTEX_POINT ( 'NONE', #5160 ) ;
#7484 = AXIS2_PLACEMENT_3D ( 'NONE', #7308, #6014, #6711 ) ;
#7485 = VECTOR ( 'NONE', #47, 1000.000000000000000 ) ;
#7486 = CARTESIAN_POINT ( 'NONE',  ( 29.67999999999999972, -0.4999999999999996669, -3.910000000000392273 ) ) ;
#7487 = DIRECTION ( 'NONE',  ( 1.000000000000000000, 6.162975822039154730E-33, 2.465190328815661892E-32 ) ) ;
#7488 = CIRCLE ( 'NONE', #8647, 0.5000000000000004441 ) ;
#7489 = EDGE_LOOP ( 'NONE', ( #3905, #7058, #8399, #1300, #6174, #6941, #5791, #6376, #1358, #1295 ) ) ;
#7490 = ORIENTED_EDGE ( 'NONE', *, *, #153, .T. ) ;
#7491 = CARTESIAN_POINT ( 'NONE',  ( -28.51415337325190080, 8.879910313775297936, -0.3128999174197167332 ) ) ;
#7492 = ADVANCED_FACE ( 'NONE', ( #4424 ), #222, .T. ) ;
#7493 = ORIENTED_EDGE ( 'NONE', *, *, #4417, .F. ) ;
#7494 = DIRECTION ( 'NONE',  ( -1.000000000000000000, -6.162975822039154730E-33, -2.465190328815661892E-32 ) ) ;
#7495 = EDGE_CURVE ( 'NONE', #5271, #6229, #7177, .T. ) ;
#7496 = DIRECTION ( 'NONE',  ( -2.465190328815661345E-32, 6.137086701989279675E-49, 1.000000000000000000 ) ) ;
#7497 = VECTOR ( 'NONE', #7375, 999.9999999999998863 ) ;
#7498 = ORIENTED_EDGE ( 'NONE', *, *, #3356, .T. ) ;
#7499 = DIRECTION ( 'NONE',  ( -6.162975822039150624E-33, 1.000000000000000000, -2.220446049250313574E-16 ) ) ;
#7500 = LINE ( 'NONE', #7416, #1755 ) ;
#7501 = LINE ( 'NONE', #4669, #7883 ) ;
#7502 = EDGE_CURVE ( 'NONE', #4558, #2313, #6586, .T. ) ;
#7503 = CARTESIAN_POINT ( 'NONE',  ( -27.36667351178810748, 7.903781086372598352, -0.5962189136269283596 ) ) ;
#7504 = ORIENTED_EDGE ( 'NONE', *, *, #137, .T. ) ;
#7505 = ORIENTED_EDGE ( 'NONE', *, *, #7825, .T. ) ;
#7506 = ADVANCED_FACE ( 'NONE', ( #179 ), #8572, .T. ) ;
#7507 = EDGE_CURVE ( 'NONE', #5899, #1222, #3267, .T. ) ;
#7508 = CARTESIAN_POINT ( 'NONE',  ( -29.25000000000001066, 10.34519578245819993, -1.299999999999997380 ) ) ;
#7509 = DIRECTION ( 'NONE',  ( 2.465190328815661345E-32, -6.137086701989279675E-49, -1.000000000000000000 ) ) ;
#7510 = EDGE_CURVE ( 'NONE', #1161, #6783, #4855, .T. ) ;
#7511 = CARTESIAN_POINT ( 'NONE',  ( -27.92787518004309533, 8.822091372997002523, -0.4968726694431161439 ) ) ;
#7512 = EDGE_LOOP ( 'NONE', ( #4312, #3373, #5183, #8080 ) ) ;
#7513 = CARTESIAN_POINT ( 'NONE',  ( 27.37000000000000455, 10.34519578245819993, -1.299999999999990496 ) ) ;
#7514 = EDGE_LOOP ( 'NONE', ( #4288, #7345, #7856, #3781 ) ) ;
#7515 = CARTESIAN_POINT ( 'NONE',  ( -30.64999999999999503, 1.670670136135498751, -3.786746853471398389 ) ) ;
#7516 = LINE ( 'NONE', #8915, #5637 ) ;
#7517 = ORIENTED_EDGE ( 'NONE', *, *, #1769, .F. ) ;
#7518 = CARTESIAN_POINT ( 'NONE',  ( -29.25000000000001066, 12.42666406871190077, -3.941421356237300611 ) ) ;
#7519 = CARTESIAN_POINT ( 'NONE',  ( 29.67999999999999972, 8.049116928532395765E-16, 6.000000000000012434 ) ) ;
#7520 = ORIENTED_EDGE ( 'NONE', *, *, #8159, .F. ) ;
#7521 = LINE ( 'NONE', #6714, #4431 ) ;
#7522 = PLANE ( 'NONE',  #682 ) ;
#7523 = CARTESIAN_POINT ( 'NONE',  ( 29.51443698531569382, 8.821320343559701627, -0.4999999999999917843 ) ) ;
#7524 = VERTEX_POINT ( 'NONE', #2142 ) ;
#7525 = ORIENTED_EDGE ( 'NONE', *, *, #6456, .T. ) ;
#7526 = DIRECTION ( 'NONE',  ( -1.000000000000000000, -6.162975822039154730E-33, -2.465190328815661892E-32 ) ) ;
#7527 = CARTESIAN_POINT ( 'NONE',  ( -28.57533114830189547, 8.903206040094199025, -0.2558723502690072316 ) ) ;
#7528 = ORIENTED_EDGE ( 'NONE', *, *, #9044, .T. ) ;
#7529 = CYLINDRICAL_SURFACE ( 'NONE', #4729, 0.2000000000000000944 ) ;
#7530 =( NAMED_UNIT ( * ) PLANE_ANGLE_UNIT ( ) SI_UNIT ( $, .RADIAN. ) );
#7531 = EDGE_CURVE ( 'NONE', #8692, #3534, #2101, .T. ) ;
#7532 = VERTEX_POINT ( 'NONE', #8426 ) ;
#7533 = CARTESIAN_POINT ( 'NONE',  ( 29.67999999999999972, -1.699999999999999289, 1.198657782018809570 ) ) ;
#7534 = CARTESIAN_POINT ( 'NONE',  ( -26.10999760000000336, -2.797045472603198579, 1.523554220669431025 ) ) ;
#7535 = CARTESIAN_POINT ( 'NONE',  ( 28.24999999999999645, 2.478736584923501685, -1.280417883234949539 ) ) ;
#7536 = AXIS2_PLACEMENT_3D ( 'NONE', #4433, #6541, #5901 ) ;
#7537 = CARTESIAN_POINT ( 'NONE',  ( 29.87500000000000000, -2.900000000000299227, 1.089999999999650360 ) ) ;
#7538 = ORIENTED_EDGE ( 'NONE', *, *, #5040, .F. ) ;
#7539 = ORIENTED_EDGE ( 'NONE', *, *, #870, .F. ) ;
#7540 = CARTESIAN_POINT ( 'NONE',  ( 26.20406660082689854, 9.214750784226097835, 0.2166997256547193440 ) ) ;
#7541 = DIRECTION ( 'NONE',  ( 1.000000000000000000, 6.162975822039154730E-33, 2.465190328815661892E-32 ) ) ;
#7542 = APPLICATION_CONTEXT ( 'automotive_design' ) ;
#7543 = LINE ( 'NONE', #6862, #580 ) ;
#7544 = VECTOR ( 'NONE', #6798, 1000.000000000000000 ) ;
#7545 = EDGE_CURVE ( 'NONE', #688, #534, #1405, .T. ) ;
#7546 = EDGE_CURVE ( 'NONE', #1843, #5753, #3449, .T. ) ;
#7547 = DIRECTION ( 'NONE',  ( 1.000000000000000000, 6.162975822039154730E-33, 2.465190328815661892E-32 ) ) ;
#7548 = DIRECTION ( 'NONE',  ( -1.000000000000000000, -6.162975822039154730E-33, -2.465190328815661892E-32 ) ) ;
#7549 = CIRCLE ( 'NONE', #6696, 0.5000000000000000000 ) ;
#7550 = CARTESIAN_POINT ( 'NONE',  ( -28.30000000000050520, 11.50000000000000000, -4.099999999999999645 ) ) ;
#7551 = EDGE_LOOP ( 'NONE', ( #2223, #7305, #3811, #3131 ) ) ;
#7552 = CARTESIAN_POINT ( 'NONE',  ( 29.50000000000000000, 9.999999999999998224, 2.799999999999891021 ) ) ;
#7553 = ADVANCED_FACE ( 'NONE', ( #4393 ), #7201, .F. ) ;
#7554 = PLANE ( 'NONE',  #4373 ) ;
#7555 = CARTESIAN_POINT ( 'NONE',  ( 29.67999999999999972, 10.67656721185510094, -0.4916019335323412176 ) ) ;
#7556 = AXIS2_PLACEMENT_3D ( 'NONE', #1355, #3316, #6117 ) ;
#7557 = EDGE_CURVE ( 'NONE', #7227, #7366, #3715, .T. ) ;
#7558 = CARTESIAN_POINT ( 'NONE',  ( 26.05000000000000426, 8.976854444284400714, 3.823145555715345090 ) ) ;
#7559 = ORIENTED_EDGE ( 'NONE', *, *, #8178, .T. ) ;
#7560 = CARTESIAN_POINT ( 'NONE',  ( 26.99999999999999645, 0.3000000000000024869, -3.200000000000390088 ) ) ;
#7561 = DIRECTION ( 'NONE',  ( 1.000000000000000000, 6.162975822039154730E-33, 2.465190328815661892E-32 ) ) ;
#7562 = EDGE_LOOP ( 'NONE', ( #2197, #6137, #6098, #773 ) ) ;
#7563 = AXIS2_PLACEMENT_3D ( 'NONE', #1317, #455, #1224 ) ;
#7564 = DIRECTION ( 'NONE',  ( -6.162975822039150624E-33, 1.000000000000000000, -2.220446049250313574E-16 ) ) ;
#7565 = DIRECTION ( 'NONE',  ( -5.546678239835239257E-32, -0.7071067811865480168, 0.7071067811865470176 ) ) ;
#7566 = DIRECTION ( 'NONE',  ( -1.000000000000000000, -6.162975822039154730E-33, -2.465190328815661892E-32 ) ) ;
#7567 = VECTOR ( 'NONE', #1296, 1000.000000000000114 ) ;
#7568 = ORIENTED_EDGE ( 'NONE', *, *, #2283, .F. ) ;
#7569 = VERTEX_POINT ( 'NONE', #5522 ) ;
#7570 = DIRECTION ( 'NONE',  ( 2.465190328815661892E-32, -6.137086701989279675E-49, -1.000000000000000000 ) ) ;
#7571 = CARTESIAN_POINT ( 'NONE',  ( -28.67508387737070663, 8.965082645930699812, -0.1292572171952884874 ) ) ;
#7572 = DIRECTION ( 'NONE',  ( -1.000000000000000000, -6.162975822039154730E-33, -2.465190328815661892E-32 ) ) ;
#7573 = VERTEX_POINT ( 'NONE', #1323 ) ;
#7574 = CARTESIAN_POINT ( 'NONE',  ( 27.37000000000000455, 13.00438885936489797, -3.363696565584394449 ) ) ;
#7575 = EDGE_LOOP ( 'NONE', ( #6517, #2848, #8217, #3824 ) ) ;
#7576 = LINE ( 'NONE', #5359, #2180 ) ;
#7577 = DIRECTION ( 'NONE',  ( 0.000000000000000000, 0.000000000000000000, -1.000000000000000000 ) ) ;
#7578 = DIRECTION ( 'NONE',  ( -2.465190328815661345E-32, 6.137086701989279675E-49, 1.000000000000000000 ) ) ;
#7579 = DIRECTION ( 'NONE',  ( 3.157997194805338088E-31, 0.3792829471100740424, 0.9252807390362650652 ) ) ;
#7580 = AXIS2_PLACEMENT_3D ( 'NONE', #1098, #3281, #4659 ) ;
#7581 = ORIENTED_EDGE ( 'NONE', *, *, #7832, .F. ) ;
#7582 = DIRECTION ( 'NONE',  ( -5.472343655837564221E-32, -0.9396926207856849400, -0.3420201433262827218 ) ) ;
#7583 = CARTESIAN_POINT ( 'NONE',  ( 26.50768978205389459, 8.873144392711200368, -0.3307384549109688154 ) ) ;
#7584 = CARTESIAN_POINT ( 'NONE',  ( -29.25000000000001066, 11.99780271866330139, -3.499999999999999556 ) ) ;
#7585 = SHAPE_REPRESENTATION ( '1990232', ( #7772 ), #2360 ) ;
#7586 = STYLED_ITEM ( 'NONE', ( #1175 ), #3119 ) ;
#7587 = ORIENTED_EDGE ( 'NONE', *, *, #30, .T. ) ;
#7588 = CARTESIAN_POINT ( 'NONE',  ( 27.37000000000000455, 10.36808542494920005, -5.999999999999993783 ) ) ;
#7589 =( GEOMETRIC_REPRESENTATION_CONTEXT ( 3 ) GLOBAL_UNCERTAINTY_ASSIGNED_CONTEXT ( ( #3864 ) ) GLOBAL_UNIT_ASSIGNED_CONTEXT ( ( #8076, #7434, #1827 ) ) REPRESENTATION_CONTEXT ( 'NONE', 'WORKASPACE' ) );
#7590 = EDGE_CURVE ( 'NONE', #1939, #7928, #6930, .T. ) ;
#7591 = DIRECTION ( 'NONE',  ( 0.000000000000000000, -0.7071067811865475727, 0.7071067811865475727 ) ) ;
#7592 = ORIENTED_EDGE ( 'NONE', *, *, #8864, .T. ) ;
#7593 = PLANE ( 'NONE',  #6284 ) ;
#7594 = VECTOR ( 'NONE', #963, 1000.000000000000000 ) ;
#7595 = CARTESIAN_POINT ( 'NONE',  ( 29.12499999999999645, -0.7705369544777969093, 1.089999999999650360 ) ) ;
#7596 = EDGE_CURVE ( 'NONE', #2386, #7363, #9019, .T. ) ;
#7597 = CARTESIAN_POINT ( 'NONE',  ( -30.64999999999999503, 2.776945663413300291, -3.786746853471398389 ) ) ;
#7598 = AXIS2_PLACEMENT_3D ( 'NONE', #6574, #3084, #5883 ) ;
#7599 = AXIS2_PLACEMENT_3D ( 'NONE', #7317, #3183, #361 ) ;
#7600 = EDGE_CURVE ( 'NONE', #6838, #8489, #5565, .T. ) ;
#7601 = CARTESIAN_POINT ( 'NONE',  ( -28.94999999999329887, 8.896334529550600223, 3.337980045503603499 ) ) ;
#7602 = ORIENTED_EDGE ( 'NONE', *, *, #7664, .T. ) ;
#7603 = CARTESIAN_POINT ( 'NONE',  ( 30.00000000000000000, -0.9239499999999990498, 7.200002400000016678 ) ) ;
#7604 = EDGE_CURVE ( 'NONE', #3543, #2320, #7657, .T. ) ;
#7605 = CARTESIAN_POINT ( 'NONE',  ( 29.17817270515170236, 8.839454479074397852, -0.4325519150849121419 ) ) ;
#7606 = ORIENTED_EDGE ( 'NONE', *, *, #680, .F. ) ;
#7607 = CARTESIAN_POINT ( 'NONE',  ( 27.17999999999999616, 12.59999999999999964, -1.799999999999992495 ) ) ;
#7608 = EDGE_CURVE ( 'NONE', #8538, #4791, #7923, .T. ) ;
#7609 = EDGE_CURVE ( 'NONE', #1068, #7362, #7247, .T. ) ;
#7610 = VECTOR ( 'NONE', #6778, 1000.000000000000000 ) ;
#7611 = CARTESIAN_POINT ( 'NONE',  ( 29.72730479277479887, 8.829752859918102104, -0.4671634206134689937 ) ) ;
#7612 = ADVANCED_FACE ( 'NONE', ( #6564 ), #8332, .T. ) ;
#7613 = EDGE_LOOP ( 'NONE', ( #2683, #4744, #1038, #6490, #2352 ) ) ;
#7614 = AXIS2_PLACEMENT_3D ( 'NONE', #3364, #2665, #5482 ) ;
#7615 = EDGE_LOOP ( 'NONE', ( #6616, #6658, #299, #7778, #1128, #4511, #463, #5147, #755, #5157 ) ) ;
#7616 = CARTESIAN_POINT ( 'NONE',  ( -30.75000000000000000, 1.430721185162600717, -3.786746853471398389 ) ) ;
#7617 = SURFACE_STYLE_USAGE ( .BOTH. , #1190 ) ;
#7618 = VECTOR ( 'NONE', #4578, 1000.000000000000227 ) ;
#7619 = ORIENTED_EDGE ( 'NONE', *, *, #8874, .F. ) ;
#7620 = CARTESIAN_POINT ( 'NONE',  ( -30.75000000000000000, 3.174991473819500420, -3.774095203657398034 ) ) ;
#7621 = VERTEX_POINT ( 'NONE', #2236 ) ;
#7622 = FACE_OUTER_BOUND ( 'NONE', #6303, .T. ) ;
#7623 = LINE ( 'NONE', #8261, #857 ) ;
#7624 =( GEOMETRIC_REPRESENTATION_CONTEXT ( 3 ) GLOBAL_UNCERTAINTY_ASSIGNED_CONTEXT ( ( #270 ) ) GLOBAL_UNIT_ASSIGNED_CONTEXT ( ( #555, #3284, #7371 ) ) REPRESENTATION_CONTEXT ( 'NONE', 'WORKASPACE' ) );
#7625 = AXIS2_PLACEMENT_3D ( 'NONE', #3397, #3941, #4070 ) ;
#7626 = ORIENTED_EDGE ( 'NONE', *, *, #1769, .T. ) ;
#7627 = DIRECTION ( 'NONE',  ( 8.377077475369021191E-17, 0.9396926207856847180, -0.3420201433262831658 ) ) ;
#7628 = CARTESIAN_POINT ( 'NONE',  ( 26.62499999999999645, -0.4999999999999996669, -3.910000000000392273 ) ) ;
#7629 = DIRECTION ( 'NONE',  ( -1.000000000000000000, -6.162975822039154730E-33, -2.465190328815661345E-32 ) ) ;
#7630 = CARTESIAN_POINT ( 'NONE',  ( 26.99999999999999645, 8.049116928532395765E-16, -3.200000000000390088 ) ) ;
#7631 = AXIS2_PLACEMENT_3D ( 'NONE', #2638, #8807, #3287 ) ;
#7632 = ORIENTED_EDGE ( 'NONE', *, *, #7609, .F. ) ;
#7633 = CARTESIAN_POINT ( 'NONE',  ( 26.47506380384920277, 8.883391849895401648, -0.3038543544997499568 ) ) ;
#7634 = CARTESIAN_POINT ( 'NONE',  ( 29.67999999999999972, 11.50000000000000000, 1.299999999999287947 ) ) ;
#7635 = PRESENTATION_LAYER_ASSIGNMENT (  '', '', ( #1620 ) ) ;
#7636 = ORIENTED_EDGE ( 'NONE', *, *, #1784, .T. ) ;
#7637 = FACE_OUTER_BOUND ( 'NONE', #5009, .T. ) ;
#7638 = CARTESIAN_POINT ( 'NONE',  ( 30.00000000000000000, 8.049116928532395765E-16, -4.099999999999988987 ) ) ;
#7639 = CARTESIAN_POINT ( 'NONE',  ( -30.75000000000000000, 8.049116928532391821E-16, 5.739098000000004696 ) ) ;
#7640 = ORIENTED_EDGE ( 'NONE', *, *, #802, .F. ) ;
#7641 = FACE_OUTER_BOUND ( 'NONE', #8439, .T. ) ;
#7642 = FACE_OUTER_BOUND ( 'NONE', #1979, .T. ) ;
#7643 = CARTESIAN_POINT ( 'NONE',  ( 30.30000000000000071, 10.89721792224629660, 1.902782077753148116 ) ) ;
#7644 = DIRECTION ( 'NONE',  ( -1.000000000000000000, -6.162975822039154730E-33, -1.224646799147350249E-16 ) ) ;
#7645 = DIRECTION ( 'NONE',  ( -1.000000000000000000, -6.162975822039154730E-33, -2.465190328815661345E-32 ) ) ;
#7646 = ADVANCED_FACE ( 'NONE', ( #5725 ), #3572, .F. ) ;
#7647 = ORIENTED_EDGE ( 'NONE', *, *, #856, .T. ) ;
#7648 = LINE ( 'NONE', #1268, #1524 ) ;
#7649 = VERTEX_POINT ( 'NONE', #67 ) ;
#7650 = LINE ( 'NONE', #6659, #4860 ) ;
#7651 = DIRECTION ( 'NONE',  ( -2.964296775167248380E-17, 0.7071067811864790720, -0.7071067811866160735 ) ) ;
#7652 = CARTESIAN_POINT ( 'NONE',  ( -30.64999999999999503, 1.272624325729198036, -3.774095203657398034 ) ) ;
#7653 = EDGE_CURVE ( 'NONE', #2252, #7239, #6961, .T. ) ;
#7654 = VERTEX_POINT ( 'NONE', #7790 ) ;
#7655 = ADVANCED_FACE ( 'NONE', ( #2876 ), #1394, .F. ) ;
#7656 = ORIENTED_EDGE ( 'NONE', *, *, #1439, .F. ) ;
#7657 = LINE ( 'NONE', #4172, #7780 ) ;
#7658 = EDGE_CURVE ( 'NONE', #5800, #4309, #4205, .T. ) ;
#7659 = ORIENTED_EDGE ( 'NONE', *, *, #3301, .F. ) ;
#7660 = ORIENTED_EDGE ( 'NONE', *, *, #1643, .F. ) ;
#7661 = PLANE ( 'NONE',  #805 ) ;
#7662 = EDGE_CURVE ( 'NONE', #7793, #7043, #4343, .T. ) ;
#7663 = CARTESIAN_POINT ( 'NONE',  ( -28.41409136801971513, 12.19839273764070064, -3.980242342705598624 ) ) ;
#7664 = EDGE_CURVE ( 'NONE', #6136, #307, #117, .T. ) ;
#7665 = ORIENTED_EDGE ( 'NONE', *, *, #8438, .T. ) ;
#7666 = CARTESIAN_POINT ( 'NONE',  ( -30.75000000000000000, 0.7107958125781029812, -2.499999999999995115 ) ) ;
#7667 = CARTESIAN_POINT ( 'NONE',  ( 27.30000000000050520, 11.50000000000000000, -4.099999999999992539 ) ) ;
#7668 = FACE_OUTER_BOUND ( 'NONE', #3693, .T. ) ;
#7669 = EDGE_LOOP ( 'NONE', ( #9007, #3210, #3907, #1688, #4838 ) ) ;
#7670 = DIRECTION ( 'NONE',  ( -6.162975822039150624E-33, 1.000000000000000000, -2.220446049250313574E-16 ) ) ;
#7671 = ORIENTED_EDGE ( 'NONE', *, *, #7055, .F. ) ;
#7672 = CYLINDRICAL_SURFACE ( 'NONE', #1054, 1.500000000000000222 ) ;
#7673 = DIRECTION ( 'NONE',  ( 5.801957056841933239E-32, -0.7071067811866160735, -0.7071067811864790720 ) ) ;
#7674 = CIRCLE ( 'NONE', #6672, 0.1580968594332996247 ) ;
#7675 = ORIENTED_EDGE ( 'NONE', *, *, #8609, .F. ) ;
#7676 = LINE ( 'NONE', #2224, #2927 ) ;
#7677 = DIRECTION ( 'NONE',  ( 1.000000000000000000, 6.162975822039154730E-33, 2.465190328815661892E-32 ) ) ;
#7678 = LINE ( 'NONE', #4239, #6308 ) ;
#7679 = CARTESIAN_POINT ( 'NONE',  ( -27.50000000000001066, 8.418613096565399800, -6.000000000000000000 ) ) ;
#7680 = ORIENTED_EDGE ( 'NONE', *, *, #7707, .T. ) ;
#7681 = CARTESIAN_POINT ( 'NONE',  ( 27.37499999999999645, 8.049116928532395765E-16, -3.770452515832391160 ) ) ;
#7682 =( BOUNDED_CURVE ( )  B_SPLINE_CURVE ( 3, ( #3536, #7690, #1531, #1400 ),
 .UNSPECIFIED., .F., .T. ) 
 B_SPLINE_CURVE_WITH_KNOTS ( ( 4, 4 ),
 ( 4.712388980384689674, 6.283185307179586232 ),
 .UNSPECIFIED. ) 
 CURVE ( )  GEOMETRIC_REPRESENTATION_ITEM ( )  RATIONAL_B_SPLINE_CURVE ( ( 1.000000000000000000, 0.8047378541243649375, 0.8047378541243649375, 1.000000000000000000 ) ) 
 REPRESENTATION_ITEM ( '' )  );
#7683 = DIRECTION ( 'NONE',  ( -2.465190328815661345E-32, 6.137086701989279675E-49, 1.000000000000000000 ) ) ;
#7684 = VECTOR ( 'NONE', #6478, 1000.000000000000114 ) ;
#7685 = CARTESIAN_POINT ( 'NONE',  ( 30.75000000000000000, 11.50000000000000000, 1.299999999999287947 ) ) ;
#7686 = DIRECTION ( 'NONE',  ( -0.000000000000000000, -2.220446049250313574E-16, -1.000000000000000000 ) ) ;
#7687 = ORIENTED_EDGE ( 'NONE', *, *, #812, .F. ) ;
#7688 = CARTESIAN_POINT ( 'NONE',  ( -30.75000000000000000, 0.7107958125781029812, -2.499999999999995115 ) ) ;
#7689 = EDGE_LOOP ( 'NONE', ( #8120, #2026, #7800, #4, #4516 ) ) ;
#7690 = CARTESIAN_POINT ( 'NONE',  ( -28.69188050450680549, 12.89289321881345174, -1.299999999999999156 ) ) ;
#7691 = VECTOR ( 'NONE', #181, 1000.000000000000114 ) ;
#7692 = CARTESIAN_POINT ( 'NONE',  ( -30.75000000000000000, 2.776945663413300291, -3.944843712904995581 ) ) ;
#7693 = ORIENTED_EDGE ( 'NONE', *, *, #143, .T. ) ;
#7694 = EDGE_LOOP ( 'NONE', ( #9055, #4495, #8039, #55 ) ) ;
#7695 = CARTESIAN_POINT ( 'NONE',  ( 28.24999999999999645, 8.049116928532395765E-16, -4.099999999999988987 ) ) ;
#7696 = FACE_OUTER_BOUND ( 'NONE', #5641, .T. ) ;
#7697 = AXIS2_PLACEMENT_3D ( 'NONE', #693, #3520, #5626 ) ;
#7698 = ORIENTED_EDGE ( 'NONE', *, *, #7289, .T. ) ;
#7699 = ORIENTED_EDGE ( 'NONE', *, *, #3682, .F. ) ;
#7700 = EDGE_CURVE ( 'NONE', #1026, #3101, #7828, .T. ) ;
#7701 = DIRECTION ( 'NONE',  ( 1.000000000000000000, 6.162975822039154730E-33, 2.465190328815661892E-32 ) ) ;
#7702 = PLANE ( 'NONE',  #1997 ) ;
#7703 = PLANE ( 'NONE',  #4713 ) ;
#7704 = CARTESIAN_POINT ( 'NONE',  ( -28.00000000000001066, 6.379337428220302364, 1.300657771779912819 ) ) ;
#7705 = LINE ( 'NONE', #1414, #2479 ) ;
#7706 = PLANE ( 'NONE',  #5299 ) ;
#7707 = EDGE_CURVE ( 'NONE', #5938, #2931, #6239, .T. ) ;
#7708 = AXIS2_PLACEMENT_3D ( 'NONE', #552, #8301, #671 ) ;
#7709 = EDGE_CURVE ( 'NONE', #4656, #5026, #7488, .T. ) ;
#7710 = ORIENTED_EDGE ( 'NONE', *, *, #807, .F. ) ;
#7711 = PRESENTATION_STYLE_ASSIGNMENT (( #5655 ) ) ;
#7712 = CARTESIAN_POINT ( 'NONE',  ( -28.11561305647650144, 10.67656721185510094, -0.4916019335323481565 ) ) ;
#7713 = LINE ( 'NONE', #8944, #6286 ) ;
#7714 = ADVANCED_FACE ( 'NONE', ( #9006 ), #2744, .T. ) ;
#7715 = ORIENTED_EDGE ( 'NONE', *, *, #438, .F. ) ;
#7716 = DIRECTION ( 'NONE',  ( -5.613386355101264327E-31, 0.1305261922200520452, 0.9914448613738103822 ) ) ;
#7717 = ORIENTED_EDGE ( 'NONE', *, *, #981, .F. ) ;
#7718 = EDGE_CURVE ( 'NONE', #5394, #4061, #6626, .T. ) ;
#7719 = DIRECTION ( 'NONE',  ( 1.000000000000000000, 6.162975822039154730E-33, 2.465190328815661892E-32 ) ) ;
#7720 = LINE ( 'NONE', #2911, #1045 ) ;
#7721 = CARTESIAN_POINT ( 'NONE',  ( -30.75000000000000000, 8.049116928532391821E-16, -2.499999999999995115 ) ) ;
#7722 = EDGE_CURVE ( 'NONE', #3789, #8084, #5004, .T. ) ;
#7723 = EDGE_CURVE ( 'NONE', #3718, #1447, #5914, .T. ) ;
#7724 = DIRECTION ( 'NONE',  ( 6.162975822039150624E-33, -1.000000000000000000, 2.220446049250313574E-16 ) ) ;
#7725 = ORIENTED_EDGE ( 'NONE', *, *, #7590, .T. ) ;
#7726 = DIRECTION ( 'NONE',  ( 2.428339552025063840E-16, -0.1305261922200520452, -0.9914448613738103822 ) ) ;
#7727 = DIRECTION ( 'NONE',  ( -0.9413864148448759517, 0.2385284238256639988, 0.2385284238256637768 ) ) ;
#7728 = COLOUR_RGB ( '',0.9490196078431372140, 0.9490196078431372140, 1.000000000000000000 ) ;
#7729 = CARTESIAN_POINT ( 'NONE',  ( 28.24999999999999645, 12.28524271247460220, -3.799999999999994493 ) ) ;
#7730 = CARTESIAN_POINT ( 'NONE',  ( 27.37000000000000455, 12.59999999999999964, -1.299999999999992051 ) ) ;
#7731 = ORIENTED_EDGE ( 'NONE', *, *, #1411, .F. ) ;
#7732 = LINE ( 'NONE', #8410, #6575 ) ;
#7733 = DIRECTION ( 'NONE',  ( 2.465190328815661892E-32, -6.137086701989279675E-49, -1.000000000000000000 ) ) ;
#7734 = SURFACE_STYLE_FILL_AREA ( #6283 ) ;
#7735 = VECTOR ( 'NONE', #8767, 1000.000000000000227 ) ;
#7736 = AXIS2_PLACEMENT_3D ( 'NONE', #5600, #5679, #7836 ) ;
#7737 = FACE_OUTER_BOUND ( 'NONE', #5844, .T. ) ;
#7738 = DIRECTION ( 'NONE',  ( 2.465190328815661345E-32, -6.137086701989279675E-49, -1.000000000000000000 ) ) ;
#7739 = DIRECTION ( 'NONE',  ( 6.162975822039150624E-33, -1.000000000000000000, 2.220446049250313574E-16 ) ) ;
#7740 = EDGE_LOOP ( 'NONE', ( #8255, #411, #1228, #4573 ) ) ;
#7741 = VECTOR ( 'NONE', #5612, 1000.000000000000000 ) ;
#7742 = CARTESIAN_POINT ( 'NONE',  ( 28.86243717335579362, 8.936349306299600670, -0.1839662671390702164 ) ) ;
#7743 = VERTEX_POINT ( 'NONE', #2420 ) ;
#7744 = FILL_AREA_STYLE ('',( #5635 ) ) ;
#7745 = DIRECTION ( 'NONE',  ( -1.000000000000000000, -6.162975822039154730E-33, -2.465190328815661892E-32 ) ) ;
#7746 = AXIS2_PLACEMENT_3D ( 'NONE', #1753, #8631, #4575 ) ;
#7747 = ORIENTED_EDGE ( 'NONE', *, *, #4028, .T. ) ;
#7748 = SURFACE_SIDE_STYLE ('',( #3540 ) ) ;
#7749 = VERTEX_POINT ( 'NONE', #1773 ) ;
#7750 = DIRECTION ( 'NONE',  ( -1.598484835071786057E-17, 0.9914448613738104932, 0.1305261922200518510 ) ) ;
#7751 = CARTESIAN_POINT ( 'NONE',  ( 30.50000000000000000, 6.992820323027440388, 0.7999999999996512123 ) ) ;
#7752 = VERTEX_POINT ( 'NONE', #3757 ) ;
#7753 = CARTESIAN_POINT ( 'NONE',  ( 27.14355752392930299, 8.824422934783498818, -0.4875364722500430958 ) ) ;
#7754 = AXIS2_PLACEMENT_3D ( 'NONE', #2856, #727, #6400 ) ;
#7755 = ORIENTED_EDGE ( 'NONE', *, *, #1471, .F. ) ;
#7756 = DIRECTION ( 'NONE',  ( 0.000000000000000000, 0.000000000000000000, 1.000000000000000000 ) ) ;
#7757 = CIRCLE ( 'NONE', #3378, 0.1580968594334401511 ) ;
#7758 = SURFACE_STYLE_USAGE ( .BOTH. , #6395 ) ;
#7759 = FACE_OUTER_BOUND ( 'NONE', #7575, .T. ) ;
#7760 =( BOUNDED_CURVE ( )  B_SPLINE_CURVE ( 3, ( #964, #5847, #4619, #1610 ),
 .UNSPECIFIED., .F., .T. ) 
 B_SPLINE_CURVE_WITH_KNOTS ( ( 4, 4 ),
 ( 4.712388980384689674, 6.283185307179586232 ),
 .UNSPECIFIED. ) 
 CURVE ( )  GEOMETRIC_REPRESENTATION_ITEM ( )  RATIONAL_B_SPLINE_CURVE ( ( 1.000000000000000000, 0.8047378541243649375, 0.8047378541243649375, 1.000000000000000000 ) ) 
 REPRESENTATION_ITEM ( '' )  );
#7761 = VECTOR ( 'NONE', #284, 1000.000000000000000 ) ;
#7762 = VECTOR ( 'NONE', #7738, 1000.000000000000000 ) ;
#7763 = EDGE_CURVE ( 'NONE', #4595, #6855, #1722, .T. ) ;
#7764 = CIRCLE ( 'NONE', #5132, 0.5000000000000000000 ) ;
#7765 = ORIENTED_EDGE ( 'NONE', *, *, #1252, .T. ) ;
#7766 = CARTESIAN_POINT ( 'NONE',  ( 29.20399149855239074, -3.500000000000399680, 1.431008501447221581 ) ) ;
#7767 = CARTESIAN_POINT ( 'NONE',  ( 28.24999999999999645, 8.418613096565399800, -5.999999999999992895 ) ) ;
#7768 = SURFACE_STYLE_FILL_AREA ( #5747 ) ;
#7769 = ORIENTED_EDGE ( 'NONE', *, *, #2058, .F. ) ;
#7770 = LINE ( 'NONE', #5575, #1842 ) ;
#7771 = ADVANCED_FACE ( 'NONE', ( #5231 ), #3160, .T. ) ;
#7772 = AXIS2_PLACEMENT_3D ( 'NONE', #6644, #5797, #7184 ) ;
#7773 = DIRECTION ( 'NONE',  ( 2.465190328815661345E-32, -6.137086701989279675E-49, -1.000000000000000000 ) ) ;
#7774 = PLANE ( 'NONE',  #3644 ) ;
#7775 = VECTOR ( 'NONE', #6779, 1000.000000000000227 ) ;
#7776 = ADVANCED_FACE ( 'NONE', ( #8651 ), #5087, .F. ) ;
#7777 = SURFACE_STYLE_USAGE ( .BOTH. , #3053 ) ;
#7778 = ORIENTED_EDGE ( 'NONE', *, *, #6338, .T. ) ;
#7779 = DIRECTION ( 'NONE',  ( 2.465190328815661345E-32, -6.137086701989279675E-49, -1.000000000000000000 ) ) ;
#7780 = VECTOR ( 'NONE', #6971, 1000.000000000000227 ) ;
#7781 = CARTESIAN_POINT ( 'NONE',  ( 30.45000000000000284, 18.23431457504869968, -5.999999999999992006 ) ) ;
#7782 = EDGE_CURVE ( 'NONE', #2124, #5778, #4498, .T. ) ;
#7783 = EDGE_CURVE ( 'NONE', #3582, #3307, #5870, .T. ) ;
#7784 = CARTESIAN_POINT ( 'NONE',  ( -28.00000000000001066, 7.439997600000002542, 0.2399975999999842124 ) ) ;
#7785 = ORIENTED_EDGE ( 'NONE', *, *, #5140, .T. ) ;
#7786 =( NAMED_UNIT ( * ) PLANE_ANGLE_UNIT ( ) SI_UNIT ( $, .RADIAN. ) );
#7787 = DIRECTION ( 'NONE',  ( -1.000000000000000000, -6.162975822039154730E-33, -2.465190328815661345E-32 ) ) ;
#7788 = EDGE_CURVE ( 'NONE', #1101, #5526, #3025, .T. ) ;
#7789 = LINE ( 'NONE', #66, #3662 ) ;
#7790 = CARTESIAN_POINT ( 'NONE',  ( 26.84625566823700638, 12.59999999999999964, -3.224224127923194239 ) ) ;
#7791 = EDGE_LOOP ( 'NONE', ( #1493, #1491, #24, #5462 ) ) ;
#7792 = CARTESIAN_POINT ( 'NONE',  ( -29.25000000000001066, 8.049116928532391821E-16, -4.099999999999996092 ) ) ;
#7793 = VERTEX_POINT ( 'NONE', #8550 ) ;
#7794 = SURFACE_STYLE_USAGE ( .BOTH. , #4261 ) ;
#7795 = CARTESIAN_POINT ( 'NONE',  ( -30.75000000000000000, 2.223807899774399299, -3.774095203657398034 ) ) ;
#7796 = LINE ( 'NONE', #4307, #1392 ) ;
#7797 = ORIENTED_EDGE ( 'NONE', *, *, #2108, .F. ) ;
#7798 = CARTESIAN_POINT ( 'NONE',  ( 25.10999760000000336, -3.663797942702598842, -3.590555906809192344 ) ) ;
#7799 = LINE ( 'NONE', #895, #8061 ) ;
#7800 = ORIENTED_EDGE ( 'NONE', *, *, #4586, .F. ) ;
#7801 = ORIENTED_EDGE ( 'NONE', *, *, #5038, .F. ) ;
#7802 = CARTESIAN_POINT ( 'NONE',  ( -30.64999999999999503, 3.016894614386100848, -4.323565720717696514 ) ) ;
#7803 = CARTESIAN_POINT ( 'NONE',  ( -30.75000000000000000, 0.5000000000000012212, -2.710795812577996511 ) ) ;
#7804 = ORIENTED_EDGE ( 'NONE', *, *, #8661, .F. ) ;
#7805 = DIRECTION ( 'NONE',  ( -1.000000000000000000, -6.162975822039154730E-33, -1.224646799147350249E-16 ) ) ;
#7806 = CARTESIAN_POINT ( 'NONE',  ( -30.75000000000000000, 8.049116928532391821E-16, -5.499999999999998224 ) ) ;
#7807 = CARTESIAN_POINT ( 'NONE',  ( 26.18572095441609804, 8.481544069577299894, -0.4999999999999917843 ) ) ;
#7808 = ORIENTED_EDGE ( 'NONE', *, *, #1894, .F. ) ;
#7809 = DIRECTION ( 'NONE',  ( -1.000000000000000000, -6.162975822039154730E-33, -2.465190328815661892E-32 ) ) ;
#7810 = ORIENTED_EDGE ( 'NONE', *, *, #920, .F. ) ;
#7811 = DIRECTION ( 'NONE',  ( 0.2773500981130910259, -0.2486652951711379456, -0.9280315156577978453 ) ) ;
#7812 = DIRECTION ( 'NONE',  ( 6.162975822039150624E-33, -1.000000000000000000, 2.220446049250313574E-16 ) ) ;
#7813 = EDGE_CURVE ( 'NONE', #3408, #5675, #3665, .T. ) ;
#7814 = FACE_OUTER_BOUND ( 'NONE', #8541, .T. ) ;
#7815 = ORIENTED_EDGE ( 'NONE', *, *, #3463, .F. ) ;
#7816 = DIRECTION ( 'NONE',  ( 0.2963826122724679824, 0.2471901214333620811, 0.9225260923184273043 ) ) ;
#7817 = CARTESIAN_POINT ( 'NONE',  ( 26.59999999999969233, 12.28524271247460220, -3.999999999999993339 ) ) ;
#7818 = PLANE ( 'NONE',  #7478 ) ;
#7819 = DIRECTION ( 'NONE',  ( 5.801957056841933239E-32, -0.7071067811866160735, -0.7071067811864790720 ) ) ;
#7820 = ORIENTED_EDGE ( 'NONE', *, *, #8379, .T. ) ;
#7821 = DIRECTION ( 'NONE',  ( -1.000000000000000000, -6.162975822039154730E-33, -2.465190328815661892E-32 ) ) ;
#7822 = CARTESIAN_POINT ( 'NONE',  ( 30.75000000000000000, 8.049116928532395765E-16, -5.999999999999987566 ) ) ;
#7823 = EDGE_CURVE ( 'NONE', #2518, #6012, #6472, .T. ) ;
#7824 = CARTESIAN_POINT ( 'NONE',  ( 26.99999999999999645, 0.3000000000000024869, -3.700000000000390532 ) ) ;
#7825 = EDGE_CURVE ( 'NONE', #99, #5427, #5814, .T. ) ;
#7826 = CARTESIAN_POINT ( 'NONE',  ( -27.28074055212971416, 9.011095579585699511, -0.05046751304344822275 ) ) ;
#7827 = CARTESIAN_POINT ( 'NONE',  ( 29.67999999999999972, 7.999999999999497291, -0.4999999999999917843 ) ) ;
#7828 = LINE ( 'NONE', #5593, #2363 ) ;
#7829 = ORIENTED_EDGE ( 'NONE', *, *, #376, .F. ) ;
#7830 = EDGE_CURVE ( 'NONE', #3282, #7065, #2899, .T. ) ;
#7831 = CARTESIAN_POINT ( 'NONE',  ( -28.00000000000001066, 7.439997600000002542, 0.2399975999999842124 ) ) ;
#7832 = EDGE_CURVE ( 'NONE', #759, #639, #6563, .T. ) ;
#7833 = CARTESIAN_POINT ( 'NONE',  ( 28.70406660082690209, 9.214750784226097835, 0.2166997256547297801 ) ) ;
#7834 = VERTEX_POINT ( 'NONE', #3209 ) ;
#7835 = CARTESIAN_POINT ( 'NONE',  ( 30.30000000000000071, 11.50000000000000000, 1.299999999999287947 ) ) ;
#7836 = DIRECTION ( 'NONE',  ( -1.224646799147350249E-16, 9.302115961259260747E-16, 1.000000000000000000 ) ) ;
#7837 = CARTESIAN_POINT ( 'NONE',  ( -27.76736669401830326, -3.981382401604799171, 5.990002399999610816 ) ) ;
#7838 = DIRECTION ( 'NONE',  ( -1.000000000000000000, -6.162975822039154730E-33, -2.465190328815661892E-32 ) ) ;
#7839 = EDGE_CURVE ( 'NONE', #1326, #3261, #1210, .T. ) ;
#7840 = VECTOR ( 'NONE', #4779, 1000.000000000000000 ) ;
#7841 = EDGE_LOOP ( 'NONE', ( #6458, #5146, #4170, #263 ) ) ;
#7842 = CARTESIAN_POINT ( 'NONE',  ( 28.24999999999999645, 10.34519578245819993, -1.299999999999990496 ) ) ;
#7843 = LINE ( 'NONE', #6388, #3388 ) ;
#7844 = ORIENTED_EDGE ( 'NONE', *, *, #5648, .T. ) ;
#7845 = VECTOR ( 'NONE', #4848, 1000.000000000000114 ) ;
#7846 = ORIENTED_EDGE ( 'NONE', *, *, #5504, .F. ) ;
#7847 = CARTESIAN_POINT ( 'NONE',  ( 29.87500000000000000, -0.4999999999999996669, -0.9999999999999904521 ) ) ;
#7848 = LINE ( 'NONE', #6487, #82 ) ;
#7849 = CARTESIAN_POINT ( 'NONE',  ( -28.44937770522031073, 12.12447153023130042, -3.919445959349797892 ) ) ;
#7850 = DIRECTION ( 'NONE',  ( -1.000000000000000000, -6.162975822039154730E-33, -2.465190328815661892E-32 ) ) ;
#7851 = VECTOR ( 'NONE', #5602, 1000.000000000000000 ) ;
#7852 = ORIENTED_EDGE ( 'NONE', *, *, #691, .F. ) ;
#7853 = LINE ( 'NONE', #1503, #4526 ) ;
#7854 = ORIENTED_EDGE ( 'NONE', *, *, #3565, .T. ) ;
#7855 = DIRECTION ( 'NONE',  ( 0.08715574274765815199, -0.9961946980917455452, 2.318731583045154874E-16 ) ) ;
#7856 = ORIENTED_EDGE ( 'NONE', *, *, #6061, .T. ) ;
#7857 = AXIS2_PLACEMENT_3D ( 'NONE', #4770, #7547, #1255 ) ;
#7858 = DIRECTION ( 'NONE',  ( 0.000000000000000000, 0.000000000000000000, 1.000000000000000000 ) ) ;
#7859 = DIRECTION ( 'NONE',  ( 0.3247417700540610186, 0.3434293095987347999, 0.8812485983482138963 ) ) ;
#7860 = AXIS2_PLACEMENT_3D ( 'NONE', #6160, #3274, #589 ) ;
#7861 = SURFACE_STYLE_USAGE ( .BOTH. , #2261 ) ;
#7862 = CARTESIAN_POINT ( 'NONE',  ( 29.50000000000000000, 8.656497115745700910, 3.577817459304881265 ) ) ;
#7863 = ORIENTED_EDGE ( 'NONE', *, *, #3246, .F. ) ;
#7864 = DIRECTION ( 'NONE',  ( 6.162975822039150624E-33, -1.000000000000000000, 2.220446049250313574E-16 ) ) ;
#7865 = CARTESIAN_POINT ( 'NONE',  ( 26.59872303174029540, 12.31218996503320007, -3.998290998080293424 ) ) ;
#7866 = DIRECTION ( 'NONE',  ( -1.000000000000000000, -6.162975822039154730E-33, -2.465190328815661892E-32 ) ) ;
#7867 = ORIENTED_EDGE ( 'NONE', *, *, #7608, .F. ) ;
#7868 = CARTESIAN_POINT ( 'NONE',  ( 29.67999999999999972, -2.629463045522899112, -3.490000000000388791 ) ) ;
#7869 = LINE ( 'NONE', #3117, #6606 ) ;
#7870 = CARTESIAN_POINT ( 'NONE',  ( -27.20077316000711676, 9.254073569774403651, 0.2589467002751515978 ) ) ;
#7871 = CARTESIAN_POINT ( 'NONE',  ( 28.47500026648521043, 8.975651837568269897, 3.541504444978337940 ) ) ;
#7872 = ADVANCED_FACE ( 'NONE', ( #3898 ), #390, .T. ) ;
#7873 = CARTESIAN_POINT ( 'NONE',  ( -27.20000000000000284, 5.168169145387501828, -5.999999999999999112 ) ) ;
#7874 = VERTEX_POINT ( 'NONE', #5418 ) ;
#7875 = DIRECTION ( 'NONE',  ( 0.000000000000000000, 0.000000000000000000, 1.000000000000000000 ) ) ;
#7876 = VERTEX_POINT ( 'NONE', #1959 ) ;
#7877 = EDGE_CURVE ( 'NONE', #7975, #8221, #2508, .T. ) ;
#7878 = PRESENTATION_LAYER_ASSIGNMENT (  '', '', ( #2466 ) ) ;
#7879 = CARTESIAN_POINT ( 'NONE',  ( -28.17999999999999616, -2.555405713625399589, 1.509999999999661391 ) ) ;
#7880 = CARTESIAN_POINT ( 'NONE',  ( 26.70399149855239074, -3.500000000000399680, 3.599999999999312195 ) ) ;
#7881 =( BOUNDED_CURVE ( )  B_SPLINE_CURVE ( 3, ( #4517, #4423, #4368, #5159 ),
 .UNSPECIFIED., .F., .T. ) 
 B_SPLINE_CURVE_WITH_KNOTS ( ( 4, 4 ),
 ( 4.712388980384689674, 6.138161162879831600 ),
 .UNSPECIFIED. ) 
 CURVE ( )  GEOMETRIC_REPRESENTATION_ITEM ( )  RATIONAL_B_SPLINE_CURVE ( ( 1.000000000000000000, 0.8376516456444742520, 0.8376516456444742520, 1.000000000000000000 ) ) 
 REPRESENTATION_ITEM ( '' )  );
#7882 = CARTESIAN_POINT ( 'NONE',  ( -31.32000000000000028, 8.049116928532391821E-16, 6.000000000000005329 ) ) ;
#7883 = VECTOR ( 'NONE', #7374, 1000.000000000000227 ) ;
#7884 = VECTOR ( 'NONE', #4522, 1000.000000000000000 ) ;
#7885 = ADVANCED_FACE ( 'NONE', ( #8279 ), #1914, .F. ) ;
#7886 = ORIENTED_EDGE ( 'NONE', *, *, #7877, .F. ) ;
#7887 = CARTESIAN_POINT ( 'NONE',  ( 26.58590863198030618, 12.19839273764059939, -3.980242342705591518 ) ) ;
#7888 = EDGE_LOOP ( 'NONE', ( #5669, #5512, #3585, #2100, #2447, #5470, #4638 ) ) ;
#7889 = LINE ( 'NONE', #4410, #7931 ) ;
#7890 = ADVANCED_FACE ( 'NONE', ( #6749 ), #443, .T. ) ;
#7891 = ADVANCED_FACE ( 'NONE', ( #6193 ), #8953, .F. ) ;
#7892 = ORIENTED_EDGE ( 'NONE', *, *, #8607, .T. ) ;
#7893 = LINE ( 'NONE', #2943, #5118 ) ;
#7894 = DIRECTION ( 'NONE',  ( 0.000000000000000000, 0.000000000000000000, -1.000000000000000000 ) ) ;
#7895 =( GEOMETRIC_REPRESENTATION_CONTEXT ( 3 ) GLOBAL_UNCERTAINTY_ASSIGNED_CONTEXT ( ( #1367 ) ) GLOBAL_UNIT_ASSIGNED_CONTEXT ( ( #6269, #2120, #3602 ) ) REPRESENTATION_CONTEXT ( 'NONE', 'WORKASPACE' ) );
#7896 = DIRECTION ( 'NONE',  ( 2.465190328815661618E-32, 2.220446049250313574E-16, 1.000000000000000000 ) ) ;
#7897 = EDGE_CURVE ( 'NONE', #2764, #4797, #8783, .T. ) ;
#7898 = ORIENTED_EDGE ( 'NONE', *, *, #8340, .F. ) ;
#7899 = CARTESIAN_POINT ( 'NONE',  ( 25.75000000000115463, 6.800000000000001599, 6.000000000000001776 ) ) ;
#7900 = CARTESIAN_POINT ( 'NONE',  ( -28.05772747935471401, 8.821801823924001695, -0.4980452020267467916 ) ) ;
#7901 = COLOUR_RGB ( '',0.9490196078431372140, 0.9490196078431372140, 1.000000000000000000 ) ;
#7902 = EDGE_LOOP ( 'NONE', ( #2210, #5936, #5089, #8290 ) ) ;
#7903 = FACE_OUTER_BOUND ( 'NONE', #4621, .T. ) ;
#7904 = VECTOR ( 'NONE', #5589, 1000.000000000000000 ) ;
#7905 = VERTEX_POINT ( 'NONE', #2779 ) ;
#7906 = DIRECTION ( 'NONE',  ( 0.000000000000000000, 0.000000000000000000, 1.000000000000000000 ) ) ;
#7907 = DIRECTION ( 'NONE',  ( -1.000000000000000000, -6.162975822039154730E-33, -2.465190328815661892E-32 ) ) ;
#7908 =( NAMED_UNIT ( * ) SI_UNIT ( $, .STERADIAN. ) SOLID_ANGLE_UNIT ( ) );
#7909 = VECTOR ( 'NONE', #5737, 1000.000000000000114 ) ;
#7910 = VECTOR ( 'NONE', #6154, 1000.000000000000000 ) ;
#7911 = SURFACE_STYLE_FILL_AREA ( #3606 ) ;
#7912 = ORIENTED_EDGE ( 'NONE', *, *, #2147, .F. ) ;
#7913 = LINE ( 'NONE', #1065, #2191 ) ;
#7914 = CARTESIAN_POINT ( 'NONE',  ( -30.75000000000000000, 3.016894614386100848, -5.000185169558795550 ) ) ;
#7915 = CARTESIAN_POINT ( 'NONE',  ( -29.25000000000001066, 11.50000000000000000, -4.099999999999999645 ) ) ;
#7916 = AXIS2_PLACEMENT_3D ( 'NONE', #1433, #4287, #187 ) ;
#7917 = VECTOR ( 'NONE', #5656, 1000.000000000000114 ) ;
#7918 = CARTESIAN_POINT ( 'NONE',  ( 30.30000000000000071, 9.274131101508199748, 0.2796952570154002116 ) ) ;
#7919 = ORIENTED_EDGE ( 'NONE', *, *, #3293, .F. ) ;
#7920 = PLANE ( 'NONE',  #2962 ) ;
#7921 = CARTESIAN_POINT ( 'NONE',  ( -26.74999999999885247, 11.50000000000000000, 0.3318308546125126601 ) ) ;
#7922 = CARTESIAN_POINT ( 'NONE',  ( -30.75000000000000000, 1.670670136135498751, -3.944843712904898325 ) ) ;
#7923 = CIRCLE ( 'NONE', #8349, 0.2283621302927940910 ) ;
#7924 = ORIENTED_EDGE ( 'NONE', *, *, #1657, .T. ) ;
#7925 = LINE ( 'NONE', #3067, #8562 ) ;
#7926 = CARTESIAN_POINT ( 'NONE',  ( 27.17999999999999616, -0.4999999999999996669, -3.490000000000388791 ) ) ;
#7927 = DIRECTION ( 'NONE',  ( -6.162975822039150624E-33, 1.000000000000000000, -2.220446049250313574E-16 ) ) ;
#7928 = VERTEX_POINT ( 'NONE', #2734 ) ;
#7929 = CARTESIAN_POINT ( 'NONE',  ( 29.67999999999999972, 13.10000000000000142, -1.799999999999992495 ) ) ;
#7930 = ORIENTED_EDGE ( 'NONE', *, *, #9049, .F. ) ;
#7931 = VECTOR ( 'NONE', #897, 1000.000000000000000 ) ;
#7932 = MECHANICAL_DESIGN_GEOMETRIC_PRESENTATION_REPRESENTATION (  '', ( #1620 ), #3265 ) ;
#7933 =( NAMED_UNIT ( * ) PLANE_ANGLE_UNIT ( ) SI_UNIT ( $, .RADIAN. ) );
#7934 = DIRECTION ( 'NONE',  ( -5.801957056841932144E-32, 0.7071067811866160735, 0.7071067811864790720 ) ) ;
#7935 = FACE_BOUND ( 'NONE', #5576, .T. ) ;
#7936 = EDGE_CURVE ( 'NONE', #5206, #3075, #2039, .T. ) ;
#7937 = ORIENTED_EDGE ( 'NONE', *, *, #8330, .F. ) ;
#7938 = PLANE ( 'NONE',  #2189 ) ;
#7939 = ORIENTED_EDGE ( 'NONE', *, *, #8285, .T. ) ;
#7940 =( BOUNDED_CURVE ( )  B_SPLINE_CURVE ( 3, ( #6131, #8184, #1899, #6084 ),
 .UNSPECIFIED., .F., .T. ) 
 B_SPLINE_CURVE_WITH_KNOTS ( ( 4, 4 ),
 ( 4.712388980384689674, 5.639684198385005232 ),
 .UNSPECIFIED. ) 
 CURVE ( )  GEOMETRIC_REPRESENTATION_ITEM ( )  RATIONAL_B_SPLINE_CURVE ( ( 1.000000000000000000, 0.9296181273334704898, 0.9296181273334704898, 1.000000000000000000 ) ) 
 REPRESENTATION_ITEM ( '' )  );
#7941 = LINE ( 'NONE', #8519, #1780 ) ;
#7942 = CARTESIAN_POINT ( 'NONE',  ( -28.30000000000050520, 9.197444395117798877, -4.099999999999997868 ) ) ;
#7943 = DIRECTION ( 'NONE',  ( 2.465190328815661345E-32, -6.137086701989279675E-49, -1.000000000000000000 ) ) ;
#7944 = LINE ( 'NONE', #1645, #4472 ) ;
#7945 = PLANE ( 'NONE',  #712 ) ;
#7946 = EDGE_CURVE ( 'NONE', #5330, #4724, #7678, .T. ) ;
#7947 = EDGE_CURVE ( 'NONE', #2877, #1655, #3853, .T. ) ;
#7948 = ORIENTED_EDGE ( 'NONE', *, *, #5261, .F. ) ;
#7949 = ORIENTED_EDGE ( 'NONE', *, *, #2945, .F. ) ;
#7950 = FILL_AREA_STYLE ('',( #364 ) ) ;
#7951 = VECTOR ( 'NONE', #7773, 1000.000000000000000 ) ;
#7952 = EDGE_LOOP ( 'NONE', ( #366, #7264, #2010, #8598 ) ) ;
#7953 = ADVANCED_FACE ( 'NONE', ( #3012 ), #3843, .T. ) ;
#7954 = EDGE_CURVE ( 'NONE', #7752, #5782, #8584, .T. ) ;
#7955 = ORIENTED_EDGE ( 'NONE', *, *, #2449, .T. ) ;
#7956 = CARTESIAN_POINT ( 'NONE',  ( 25.75000000000115463, 10.67656721185510982, -0.4916019335323372763 ) ) ;
#7957 = FACE_OUTER_BOUND ( 'NONE', #8793, .T. ) ;
#7958 = FILL_AREA_STYLE_COLOUR ( '', #5721 ) ;
#7959 = EDGE_CURVE ( 'NONE', #1418, #8084, #2317, .T. ) ;
#7960 = ADVANCED_FACE ( 'NONE', ( #7964 ), #5759, .T. ) ;
#7961 = LINE ( 'NONE', #7277, #2350 ) ;
#7962 = ORIENTED_EDGE ( 'NONE', *, *, #8173, .F. ) ;
#7963 = PLANE ( 'NONE',  #8641 ) ;
#7964 = FACE_OUTER_BOUND ( 'NONE', #8779, .T. ) ;
#7965 = CARTESIAN_POINT ( 'NONE',  ( -30.75000000000000000, 2.776945663413300291, -3.786746853471398389 ) ) ;
#7966 = ORIENTED_EDGE ( 'NONE', *, *, #7233, .F. ) ;
#7967 = LINE ( 'NONE', #4584, #9036 ) ;
#7968 = DIRECTION ( 'NONE',  ( 1.000000000000000000, 6.162975822039154730E-33, 2.465190328815661892E-32 ) ) ;
#7969 = ORIENTED_EDGE ( 'NONE', *, *, #5209, .T. ) ;
#7970 = CARTESIAN_POINT ( 'NONE',  ( -27.28649029883220578, 9.004153843638601273, -0.06180644872547970403 ) ) ;
#7971 = PLANE ( 'NONE',  #2781 ) ;
#7972 = ORIENTED_EDGE ( 'NONE', *, *, #5497, .F. ) ;
#7973 = FILL_AREA_STYLE_COLOUR ( '', #949 ) ;
#7974 = CARTESIAN_POINT ( 'NONE',  ( 27.36065583039789928, 8.844938938200797907, -0.4142339225296723937 ) ) ;
#7975 = VERTEX_POINT ( 'NONE', #3793 ) ;
#7976 = LINE ( 'NONE', #2086, #2063 ) ;
#7977 = CARTESIAN_POINT ( 'NONE',  ( -29.25000000000001066, 13.10000000000000142, -3.268085424949201290 ) ) ;
#7978 = CARTESIAN_POINT ( 'NONE',  ( 27.71925944787030716, 9.011095579585699511, -0.05046751304345169220 ) ) ;
#7979 = DIRECTION ( 'NONE',  ( 1.232595164407830946E-32, -0.9659258262890682012, 0.2588190451025211281 ) ) ;
#7980 = VERTEX_POINT ( 'NONE', #6461 ) ;
#7981 = LINE ( 'NONE', #1687, #6593 ) ;
#7982 = VERTEX_POINT ( 'NONE', #1561 ) ;
#7983 = ORIENTED_EDGE ( 'NONE', *, *, #1263, .F. ) ;
#7984 = DIRECTION ( 'NONE',  ( -0.1294283079955640403, 0.9831056027603600755, 0.1294283079955637628 ) ) ;
#7985 = CARTESIAN_POINT ( 'NONE',  ( -30.75000000000000000, 3.500000000000298872, -2.710795812577996511 ) ) ;
#7986 = CIRCLE ( 'NONE', #4039, 0.4567242605854620052 ) ;
#7987 = CIRCLE ( 'NONE', #5790, 1.500000000000000222 ) ;
#7988 = CARTESIAN_POINT ( 'NONE',  ( 26.54440717417730511, 12.11559414380199762, -3.906056750499490526 ) ) ;
#7989 = ORIENTED_EDGE ( 'NONE', *, *, #9000, .T. ) ;
#7990 = VERTEX_POINT ( 'NONE', #7915 ) ;
#7991 = LINE ( 'NONE', #7222, #3224 ) ;
#7992 = LINE ( 'NONE', #8706, #3527 ) ;
#7993 = SURFACE_STYLE_FILL_AREA ( #7950 ) ;
#7994 = AXIS2_PLACEMENT_3D ( 'NONE', #6615, #1680, #5916 ) ;
#7995 = ADVANCED_FACE ( 'NONE', ( #1022 ), #827, .T. ) ;
#7996 = VERTEX_POINT ( 'NONE', #5908 ) ;
#7997 = ORIENTED_EDGE ( 'NONE', *, *, #7510, .T. ) ;
#7998 = ADVANCED_FACE ( 'NONE', ( #924 ), #7818, .T. ) ;
#7999 = CARTESIAN_POINT ( 'NONE',  ( 26.43004630313428649, 8.704888543804733203, -0.4999999999999922284 ) ) ;
#8000 = CARTESIAN_POINT ( 'NONE',  ( -26.31999999999999673, 11.50000000000000000, 1.299999999999280842 ) ) ;
#8001 = PRESENTATION_STYLE_ASSIGNMENT (( #7861 ) ) ;
#8002 = AXIS2_PLACEMENT_3D ( 'NONE', #2870, #1387, #783 ) ;
#8003 = EDGE_CURVE ( 'NONE', #7, #4002, #1516, .T. ) ;
#8004 = EDGE_LOOP ( 'NONE', ( #2565, #271, #678, #4488 ) ) ;
#8005 = DIRECTION ( 'NONE',  ( -1.000000000000000000, -6.162975822039154730E-33, -2.465190328815661892E-32 ) ) ;
#8006 = DIRECTION ( 'NONE',  ( 3.610187651973906322E-33, 0.7071067811864790720, -0.7071067811866160735 ) ) ;
#8007 = CARTESIAN_POINT ( 'NONE',  ( -28.40965056025350322, 12.35725957468149971, -3.986698507559099269 ) ) ;
#8008 = AXIS2_PLACEMENT_3D ( 'NONE', #2672, #7494, #8937 ) ;
#8009 = CARTESIAN_POINT ( 'NONE',  ( 30.28196798964160052, 9.139839182138800311, 0.1295531490774579630 ) ) ;
#8010 = VERTEX_POINT ( 'NONE', #5175 ) ;
#8011 = EDGE_CURVE ( 'NONE', #4309, #2839, #2695, .T. ) ;
#8012 = CARTESIAN_POINT ( 'NONE',  ( 26.57742717112369846, 8.856045284099799630, -0.3794363394946705936 ) ) ;
#8013 = EDGE_CURVE ( 'NONE', #1143, #593, #6739, .T. ) ;
#8014 = CARTESIAN_POINT ( 'NONE',  ( 29.34625566823699572, 12.59999999999999964, -5.999999999999993783 ) ) ;
#8015 = CARTESIAN_POINT ( 'NONE',  ( -30.75000000000000000, 3.016894614386100848, -3.786746853471398389 ) ) ;
#8016 = EDGE_CURVE ( 'NONE', #3278, #459, #380, .T. ) ;
#8017 = AXIS2_PLACEMENT_3D ( 'NONE', #4115, #1435, #571 ) ;
#8018 = EDGE_LOOP ( 'NONE', ( #5614, #4904, #8529, #6145 ) ) ;
#8019 = DIRECTION ( 'NONE',  ( 0.000000000000000000, 0.000000000000000000, 1.000000000000000000 ) ) ;
#8020 = CARTESIAN_POINT ( 'NONE',  ( -28.96999999999999886, -3.500000000000399680, 1.089999999999650804 ) ) ;
#8021 = APPLICATION_CONTEXT ( 'automotive_design' ) ;
#8022 = VERTEX_POINT ( 'NONE', #6085 ) ;
#8023 =( NAMED_UNIT ( * ) SI_UNIT ( $, .STERADIAN. ) SOLID_ANGLE_UNIT ( ) );
#8024 = CARTESIAN_POINT ( 'NONE',  ( 27.24108295109249767, 8.830888375319499772, -0.4629458469277997756 ) ) ;
#8025 = VERTEX_POINT ( 'NONE', #3335 ) ;
#8026 = FACE_OUTER_BOUND ( 'NONE', #7309, .T. ) ;
#8027 = CARTESIAN_POINT ( 'NONE',  ( 27.72978070540310824, 9.025582109328297520, -0.02775009080287389740 ) ) ;
#8028 = EDGE_LOOP ( 'NONE', ( #5688, #2246, #6890, #6495 ) ) ;
#8029 = AXIS2_PLACEMENT_3D ( 'NONE', #7552, #656, #8201 ) ;
#8030 = VERTEX_POINT ( 'NONE', #1243 ) ;
#8031 = DIRECTION ( 'NONE',  ( 0.2294157338709659766, -0.9733285267844798971, 2.161223481921226417E-16 ) ) ;
#8032 = LINE ( 'NONE', #6715, #6258 ) ;
#8033 = VECTOR ( 'NONE', #471, 1000.000000000000000 ) ;
#8034 = DIRECTION ( 'NONE',  ( -5.801957056841932144E-32, 0.7071067811866160735, 0.7071067811864790720 ) ) ;
#8035 = SURFACE_STYLE_FILL_AREA ( #6671 ) ;
#8036 = VECTOR ( 'NONE', #6046, 1000.000000000000000 ) ;
#8037 = ORIENTED_EDGE ( 'NONE', *, *, #3028, .F. ) ;
#8038 = VECTOR ( 'NONE', #1053, 1000.000000000000000 ) ;
#8039 = ORIENTED_EDGE ( 'NONE', *, *, #20, .T. ) ;
#8040 = CARTESIAN_POINT ( 'NONE',  ( 25.74999999999999645, 12.28524271247460220, -3.999999999999993339 ) ) ;
#8041 = CARTESIAN_POINT ( 'NONE',  ( 25.97500025976160032, 8.975651844679077840, 3.541504463223843935 ) ) ;
#8042 = EDGE_LOOP ( 'NONE', ( #3899, #5835, #3856, #1115, #6893, #1133 ) ) ;
#8043 = CIRCLE ( 'NONE', #5562, 0.5000000000000000000 ) ;
#8044 = ORIENTED_EDGE ( 'NONE', *, *, #5771, .T. ) ;
#8045 = FACE_OUTER_BOUND ( 'NONE', #4895, .T. ) ;
#8046 = DIRECTION ( 'NONE',  ( 6.162975822039150624E-33, 1.000000000000000000, -2.220446049250313574E-16 ) ) ;
#8047 = AXIS2_PLACEMENT_3D ( 'NONE', #1652, #8745, #5203 ) ;
#8048 = DIRECTION ( 'NONE',  ( -6.162975822039150624E-33, 1.000000000000000000, -2.220446049250313574E-16 ) ) ;
#8049 = EDGE_CURVE ( 'NONE', #5780, #209, #8900, .T. ) ;
#8050 = ORIENTED_EDGE ( 'NONE', *, *, #3346, .F. ) ;
#8051 = DIRECTION ( 'NONE',  ( -5.801957056841932144E-32, 0.7071067811866160735, 0.7071067811864790720 ) ) ;
#8052 = LINE ( 'NONE', #4579, #2759 ) ;
#8053 = CARTESIAN_POINT ( 'NONE',  ( -28.41712728132410248, 12.38081005133379797, -3.975689737160101433 ) ) ;
#8054 = CARTESIAN_POINT ( 'NONE',  ( 30.01415337325129329, 8.879910313775097208, -0.3128999174202510281 ) ) ;
#8055 = ORIENTED_EDGE ( 'NONE', *, *, #16, .T. ) ;
#8056 = DIRECTION ( 'NONE',  ( 0.000000000000000000, -0.7071067811865470176, 0.7071067811865479058 ) ) ;
#8057 = VECTOR ( 'NONE', #103, 1000.000000000000000 ) ;
#8058 = CARTESIAN_POINT ( 'NONE',  ( 25.75000000000115463, -3.500000000000399680, 6.000000000000005329 ) ) ;
#8059 = ADVANCED_FACE ( 'NONE', ( #5319 ), #427, .T. ) ;
#8060 = EDGE_CURVE ( 'NONE', #5416, #6392, #709, .T. ) ;
#8061 = VECTOR ( 'NONE', #5100, 1000.000000000000000 ) ;
#8062 = VERTEX_POINT ( 'NONE', #8101 ) ;
#8063 = EDGE_CURVE ( 'NONE', #1582, #6923, #3244, .T. ) ;
#8064 = CARTESIAN_POINT ( 'NONE',  ( -27.43425025768971182, 8.898916855692700523, -0.2657891617614763780 ) ) ;
#8065 = CARTESIAN_POINT ( 'NONE',  ( 29.67999999999999972, -1.700000000000401634, 0.7517031175790431785 ) ) ;
#8066 = ORIENTED_EDGE ( 'NONE', *, *, #2108, .T. ) ;
#8067 = ORIENTED_EDGE ( 'NONE', *, *, #6452, .F. ) ;
#8068 = EDGE_CURVE ( 'NONE', #1686, #5322, #1111, .T. ) ;
#8069 = CARTESIAN_POINT ( 'NONE',  ( 27.51415337325128974, 8.879910313775097208, -0.3128999174202510281 ) ) ;
#8070 =( GEOMETRIC_REPRESENTATION_CONTEXT ( 3 ) GLOBAL_UNCERTAINTY_ASSIGNED_CONTEXT ( ( #3 ) ) GLOBAL_UNIT_ASSIGNED_CONTEXT ( ( #4524, #5903, #3699 ) ) REPRESENTATION_CONTEXT ( 'NONE', 'WORKASPACE' ) );
#8071 = CARTESIAN_POINT ( 'NONE',  ( -27.81999999999999673, 12.59999999999999964, -3.768085424949201734 ) ) ;
#8072 = VECTOR ( 'NONE', #7927, 1000.000000000000000 ) ;
#8073 = EDGE_CURVE ( 'NONE', #7292, #4626, #6076, .T. ) ;
#8074 = SURFACE_STYLE_FILL_AREA ( #2527 ) ;
#8075 = ORIENTED_EDGE ( 'NONE', *, *, #261, .T. ) ;
#8076 =( LENGTH_UNIT ( ) NAMED_UNIT ( * ) SI_UNIT ( .MILLI., .METRE. ) );
#8077 = VECTOR ( 'NONE', #7010, 1000.000000000000000 ) ;
#8078 = CARTESIAN_POINT ( 'NONE',  ( -30.75000000000000000, 0.9831053856220991483, -5.000185169558794662 ) ) ;
#8079 = CARTESIAN_POINT ( 'NONE',  ( -28.66642212862620553, 12.60190265095409856, -7.200002399999998026 ) ) ;
#8080 = ORIENTED_EDGE ( 'NONE', *, *, #1472, .F. ) ;
#8081 = CARTESIAN_POINT ( 'NONE',  ( -28.11000000000001009, 13.10000000000000142, -7.200002399999998026 ) ) ;
#8082 =( NAMED_UNIT ( * ) PLANE_ANGLE_UNIT ( ) SI_UNIT ( $, .RADIAN. ) );
#8083 = VECTOR ( 'NONE', #2566, 1000.000000000000114 ) ;
#8084 = VERTEX_POINT ( 'NONE', #5362 ) ;
#8085 = ORIENTED_EDGE ( 'NONE', *, *, #1718, .T. ) ;
#8086 = CARTESIAN_POINT ( 'NONE',  ( 28.54999999999999361, 7.225050937922400607, 1.666696453860487814 ) ) ;
#8087 = CARTESIAN_POINT ( 'NONE',  ( -28.52493619615099973, 8.883391849895502901, -0.3038543544996285539 ) ) ;
#8088 = DIRECTION ( 'NONE',  ( 1.000000000000000000, 6.162975822039154730E-33, 2.465190328815661892E-32 ) ) ;
#8089 = ORIENTED_EDGE ( 'NONE', *, *, #4663, .F. ) ;
#8090 = VECTOR ( 'NONE', #863, 1000.000000000000000 ) ;
#8091 = VERTEX_POINT ( 'NONE', #1504 ) ;
#8092 = PRESENTATION_LAYER_ASSIGNMENT (  '', '', ( #1185 ) ) ;
#8093 = PLANE ( 'NONE',  #7536 ) ;
#8094 = DIRECTION ( 'NONE',  ( 3.172845517115359508E-31, 0.2588190451025210170, 0.9659258262890682012 ) ) ;
#8095 = DIRECTION ( 'NONE',  ( 0.000000000000000000, 0.000000000000000000, 1.000000000000000000 ) ) ;
#8096 = DIRECTION ( 'NONE',  ( 0.000000000000000000, 0.000000000000000000, 1.000000000000000000 ) ) ;
#8097 = ORIENTED_EDGE ( 'NONE', *, *, #989, .F. ) ;
#8098 = CARTESIAN_POINT ( 'NONE',  ( 30.45000000000000284, 7.154386422155501357, 1.402972890726330135 ) ) ;
#8099 = CARTESIAN_POINT ( 'NONE',  ( -27.81999999999999673, 12.59999999999999964, -1.299999999999999156 ) ) ;
#8100 = CARTESIAN_POINT ( 'NONE',  ( -26.74999999999885247, 8.673617379884035472E-16, 6.000000000000005329 ) ) ;
#8101 = CARTESIAN_POINT ( 'NONE',  ( -29.25000000000001066, 11.50000000000000000, -1.299999999999999156 ) ) ;
#8102 = DIRECTION ( 'NONE',  ( -3.335559729097691015E-32, 1.000000000000000000, -3.943844354434941479E-48 ) ) ;
#8103 = DIRECTION ( 'NONE',  ( 0.000000000000000000, 0.000000000000000000, 1.000000000000000000 ) ) ;
#8104 = VERTEX_POINT ( 'NONE', #3835 ) ;
#8105 = CARTESIAN_POINT ( 'NONE',  ( 27.80000000000000426, 11.46816914538750076, 0.3000000000000103140 ) ) ;
#8106 = DIRECTION ( 'NONE',  ( -1.000000000000000000, -6.162975822039154730E-33, -2.465190328815661892E-32 ) ) ;
#8107 = DIRECTION ( 'NONE',  ( -6.162975822039150624E-33, -1.000000000000000000, 2.220446049250313574E-16 ) ) ;
#8108 = ORIENTED_EDGE ( 'NONE', *, *, #5093, .T. ) ;
#8109 = CARTESIAN_POINT ( 'NONE',  ( -27.60180404903540818, 8.851283482272501502, -0.3940040887978873418 ) ) ;
#8110 = DIRECTION ( 'NONE',  ( 2.465190328815661345E-32, -6.137086701989279675E-49, -1.000000000000000000 ) ) ;
#8111 = EDGE_LOOP ( 'NONE', ( #7528, #1673, #5825, #7962, #7354 ) ) ;
#8112 = EDGE_CURVE ( 'NONE', #2098, #4437, #5446, .T. ) ;
#8113 = ORIENTED_EDGE ( 'NONE', *, *, #4420, .F. ) ;
#8114 = FACE_OUTER_BOUND ( 'NONE', #2730, .T. ) ;
#8115 = CARTESIAN_POINT ( 'NONE',  ( -26.89999999999999503, 10.72111025509270377, 2.078889744906683656 ) ) ;
#8116 = ADVANCED_FACE ( 'NONE', ( #2018 ), #2758, .T. ) ;
#8117 = CARTESIAN_POINT ( 'NONE',  ( 26.87188050450679810, 12.89289321881345174, -1.299999999999992273 ) ) ;
#8118 = ADVANCED_FACE ( 'NONE', ( #3944 ), #2040, .T. ) ;
#8119 = EDGE_CURVE ( 'NONE', #8472, #249, #8721, .T. ) ;
#8120 = ORIENTED_EDGE ( 'NONE', *, *, #5040, .T. ) ;
#8121 = CARTESIAN_POINT ( 'NONE',  ( -27.62499999999999645, 8.049116928532395765E-16, 0.1329537193263609640 ) ) ;
#8122 = EDGE_LOOP ( 'NONE', ( #3995, #2044, #3060, #7161 ) ) ;
#8123 = CYLINDRICAL_SURFACE ( 'NONE', #6911, 1.500000000000000222 ) ;
#8124 = CARTESIAN_POINT ( 'NONE',  ( -30.64999999999999503, 0.5000000000000012212, -2.710795812577996511 ) ) ;
#8125 = EDGE_CURVE ( 'NONE', #8628, #6596, #6550, .T. ) ;
#8126 = CARTESIAN_POINT ( 'NONE',  ( 26.53832719029569631, 12.10760508984379946, -3.892053162736292649 ) ) ;
#8127 = AXIS2_PLACEMENT_3D ( 'NONE', #2450, #5982, #5210 ) ;
#8128 = ORIENTED_EDGE ( 'NONE', *, *, #3914, .T. ) ;
#8129 = EDGE_LOOP ( 'NONE', ( #7710, #4056, #4228, #1122 ) ) ;
#8130 = DIRECTION ( 'NONE',  ( 1.000000000000000000, 6.162975822039154730E-33, 2.465190328815661892E-32 ) ) ;
#8131 = CARTESIAN_POINT ( 'NONE',  ( -28.56574974231089570, 8.898916855692998951, -0.2657891617608276191 ) ) ;
#8132 = LINE ( 'NONE', #3920, #6886 ) ;
#8133 = CARTESIAN_POINT ( 'NONE',  ( 30.45000000000000284, 5.170765814495903001, -5.999999999999988454 ) ) ;
#8134 = ORIENTED_EDGE ( 'NONE', *, *, #3703, .T. ) ;
#8135 = ORIENTED_EDGE ( 'NONE', *, *, #3522, .F. ) ;
#8136 = AXIS2_PLACEMENT_3D ( 'NONE', #891, #2334, #5052 ) ;
#8137 = ORIENTED_EDGE ( 'NONE', *, *, #1325, .F. ) ;
#8138 = DIRECTION ( 'NONE',  ( -1.000000000000000000, -3.364689427464575172E-16, -1.224646799147349509E-16 ) ) ;
#8139 = FACE_OUTER_BOUND ( 'NONE', #1957, .T. ) ;
#8140 = DIRECTION ( 'NONE',  ( -2.449293598294709866E-16, -8.957850525376296048E-49, 1.000000000000000000 ) ) ;
#8141 = DIRECTION ( 'NONE',  ( 3.172845517115359508E-31, 0.2588190451025210170, 0.9659258262890682012 ) ) ;
#8142 = CARTESIAN_POINT ( 'NONE',  ( 26.05000000000000426, 8.699502414407600526, -0.1421431015306718337 ) ) ;
#8143 = CARTESIAN_POINT ( 'NONE',  ( -28.37499999999999645, -0.8445942863764986930, 1.509999999999661391 ) ) ;
#8144 = EDGE_LOOP ( 'NONE', ( #3042, #8561, #3472, #412 ) ) ;
#8145 = VERTEX_POINT ( 'NONE', #7282 ) ;
#8146 = CARTESIAN_POINT ( 'NONE',  ( 26.33197212081320160, 8.959014901773198147, -0.1403540384528629281 ) ) ;
#8147 = CARTESIAN_POINT ( 'NONE',  ( 30.68484006326340463, 8.049116928532395765E-16, -0.4999999999999865663 ) ) ;
#8148 = AXIS2_PLACEMENT_3D ( 'NONE', #8830, #5382, #8162 ) ;
#8149 = CARTESIAN_POINT ( 'NONE',  ( -30.64999999999999503, 3.500000000000000444, -5.289204187421997716 ) ) ;
#8150 = ORIENTED_EDGE ( 'NONE', *, *, #2723, .T. ) ;
#8151 = CARTESIAN_POINT ( 'NONE',  ( -27.78656733856660210, 8.828732845407399665, -0.4710035661612907987 ) ) ;
#8152 = VECTOR ( 'NONE', #574, 1000.000000000000114 ) ;
#8153 = EDGE_LOOP ( 'NONE', ( #2073, #8747, #7125, #2256 ) ) ;
#8154 = DIRECTION ( 'NONE',  ( -1.000000000000000000, -6.162975822039154730E-33, -2.465190328815661892E-32 ) ) ;
#8155 = EDGE_LOOP ( 'NONE', ( #8629, #4159, #5133, #5251 ) ) ;
#8156 = CARTESIAN_POINT ( 'NONE',  ( 23.85103797640959655, 17.06074899999999772, -4.099999999999992539 ) ) ;
#8157 = DIRECTION ( 'NONE',  ( -1.000000000000000000, -6.162975822039154730E-33, -2.465190328815661345E-32 ) ) ;
#8158 = AXIS2_PLACEMENT_3D ( 'NONE', #5610, #3588, #176 ) ;
#8159 = EDGE_CURVE ( 'NONE', #1650, #4809, #5856, .T. ) ;
#8160 = EDGE_CURVE ( 'NONE', #4993, #6016, #5761, .T. ) ;
#8161 = ORIENTED_EDGE ( 'NONE', *, *, #4643, .T. ) ;
#8162 = DIRECTION ( 'NONE',  ( 1.224646799147350249E-16, 1.410381911693479320E-49, -1.000000000000000000 ) ) ;
#8163 = ORIENTED_EDGE ( 'NONE', *, *, #8889, .T. ) ;
#8164 = CARTESIAN_POINT ( 'NONE',  ( -30.75000000000000000, 18.79999999999789750, -6.000000000000002665 ) ) ;
#8165 = CARTESIAN_POINT ( 'NONE',  ( -30.64999999999999503, 3.174991473819601229, -5.000185169558795550 ) ) ;
#8166 = FACE_OUTER_BOUND ( 'NONE', #4097, .T. ) ;
#8167 = EDGE_LOOP ( 'NONE', ( #7358, #6625, #2068, #3249 ) ) ;
#8168 = ADVANCED_FACE ( 'NONE', ( #5222 ), #3100, .T. ) ;
#8169 = VERTEX_POINT ( 'NONE', #503 ) ;
#8170 = LINE ( 'NONE', #4010, #2036 ) ;
#8171 = CARTESIAN_POINT ( 'NONE',  ( -28.32182729484690498, 8.839454479074197124, -0.4325519150855609007 ) ) ;
#8172 = CARTESIAN_POINT ( 'NONE',  ( 23.25000000000000711, 11.09999999999999787, -0.06816914538748143626 ) ) ;
#8173 = EDGE_CURVE ( 'NONE', #2386, #2146, #418, .T. ) ;
#8174 = ORIENTED_EDGE ( 'NONE', *, *, #1043, .T. ) ;
#8175 = VECTOR ( 'NONE', #2995, 1000.000000000000114 ) ;
#8176 = ORIENTED_EDGE ( 'NONE', *, *, #5267, .F. ) ;
#8177 = CARTESIAN_POINT ( 'NONE',  ( -28.00000000000001066, 7.400624110387701293, 2.321944453947183185 ) ) ;
#8178 = EDGE_CURVE ( 'NONE', #2931, #4667, #7069, .T. ) ;
#8179 = CARTESIAN_POINT ( 'NONE',  ( -28.47298005037320223, 12.09509438087040145, -3.862231087421601927 ) ) ;
#8180 = SHAPE_REPRESENTATION_RELATIONSHIP ( 'NONE' , 'NONE' ,  #74, #1893 ) ;
#8181 = COLOUR_RGB ( '',0.5019607843137254832, 1.000000000000000000, 0.5019607843137254832 ) ;
#8182 = VERTEX_POINT ( 'NONE', #7620 ) ;
#8183 = DIRECTION ( 'NONE',  ( 2.449293598294709866E-16, 8.957850525376296048E-49, -1.000000000000000000 ) ) ;
#8184 = CARTESIAN_POINT ( 'NONE',  ( -27.50000000000002132, 9.295676559997563260, -3.860357456591085867 ) ) ;
#8185 = CARTESIAN_POINT ( 'NONE',  ( 27.63332648821199911, 6.890273209732502124, 0.4172889630133774230 ) ) ;
#8186 = AXIS2_PLACEMENT_3D ( 'NONE', #6823, #3290, #1339 ) ;
#8187 = LINE ( 'NONE', #1244, #5511 ) ;
#8188 = ORIENTED_EDGE ( 'NONE', *, *, #2629, .F. ) ;
#8189 = ORIENTED_EDGE ( 'NONE', *, *, #137, .F. ) ;
#8190 = VECTOR ( 'NONE', #1351, 1000.000000000000114 ) ;
#8191 = DIRECTION ( 'NONE',  ( -5.621012823832637317E-32, -0.9396926207859064295, 0.3420201433256739865 ) ) ;
#8192 = CARTESIAN_POINT ( 'NONE',  ( -28.00000000000001066, 8.821320343559701627, -0.4999999999999987232 ) ) ;
#8193 = VECTOR ( 'NONE', #5169, 1000.000000000000000 ) ;
#8194 = EDGE_LOOP ( 'NONE', ( #8487, #6612, #4303, #4206, #454, #2185, #4207, #794, #8969, #8468, #5310 ) ) ;
#8195 = CARTESIAN_POINT ( 'NONE',  ( -27.98556301468431329, 8.821320343559701627, -0.4999999999999987232 ) ) ;
#8196 = ORIENTED_EDGE ( 'NONE', *, *, #2790, .T. ) ;
#8197 = VECTOR ( 'NONE', #1229, 1000.000000000000000 ) ;
#8198 = DIRECTION ( 'NONE',  ( 0.2773500981130910259, -0.2486652951711379456, -0.9280315156577978453 ) ) ;
#8199 = ORIENTED_EDGE ( 'NONE', *, *, #3346, .T. ) ;
#8200 = VECTOR ( 'NONE', #2872, 1000.000000000000114 ) ;
#8201 = DIRECTION ( 'NONE',  ( 0.000000000000000000, -0.7071067811865475727, 0.7071067811865475727 ) ) ;
#8202 = FILL_AREA_STYLE ('',( #8823 ) ) ;
#8203 = AXIS2_PLACEMENT_3D ( 'NONE', #5043, #2280, #5181 ) ;
#8204 = CIRCLE ( 'NONE', #5447, 0.2107958125779993974 ) ;
#8205 = ORIENTED_EDGE ( 'NONE', *, *, #8544, .F. ) ;
#8206 = CARTESIAN_POINT ( 'NONE',  ( 27.17999999999999616, 13.10000000000000142, -3.268085424949194184 ) ) ;
#8207 = CARTESIAN_POINT ( 'NONE',  ( 29.04187027574099744, 8.864047594714101308, -0.3559867545351192430 ) ) ;
#8208 = EDGE_LOOP ( 'NONE', ( #4681, #2748, #6773 ) ) ;
#8209 = AXIS2_PLACEMENT_3D ( 'NONE', #6817, #7459, #6221 ) ;
#8210 = LINE ( 'NONE', #4046, #8510 ) ;
#8211 = CARTESIAN_POINT ( 'NONE',  ( -27.05000000000000426, 8.699502414410101636, -0.1421431015282085264 ) ) ;
#8212 = CARTESIAN_POINT ( 'NONE',  ( -27.81999999999999673, 13.10000000000000142, -1.799999999999999600 ) ) ;
#8213 = EDGE_CURVE ( 'NONE', #8424, #1977, #5728, .T. ) ;
#8214 = VECTOR ( 'NONE', #7739, 1000.000000000000000 ) ;
#8215 = ORIENTED_EDGE ( 'NONE', *, *, #792, .F. ) ;
#8216 = CLOSED_SHELL ( 'NONE', ( #6115, #2395, #7000, #866, #2833, #8770, #2277, #312, #3092, #7891, #7387, #1090, #6377, #480, #8059, #5691, #4142, #6782, #6614, #2151, #7355, #7506, #4146, #1207, #2503, #5213, #8228, #6619, #2215, #6940, #3142, #8535, #5338, #7553, #7872, #7397, #367, #4130, #4352, #6670, #4235, #8233, #344, #1432, #297, #2729, #1035, #1426, #1775, #8386, #1941, #3127, #3422, #3421, #250, #532, #7398, #4079, #8491, #2774, #4712, #1266, #4994, #5541, #241, #5551, #5502, #2555, #2221, #3700, #4696, #91, #1534, #4133, #4728, #801, #2403, #692, #4470, #4428, #8940, #6725, #7953, #5881, #600, #301, #7960, #6790, #4922, #3192, #5981, #4364, #7228, #5435, #93, #7655, #1422, #6793, #5640, #3922, #487, #3989, #1876, #7612, #4179, #742 ) ) ;
#8217 = ORIENTED_EDGE ( 'NONE', *, *, #969, .T. ) ;
#8218 = FACE_OUTER_BOUND ( 'NONE', #3695, .T. ) ;
#8219 = CARTESIAN_POINT ( 'NONE',  ( -28.30862773183299907, 8.837811387977199118, -0.4382110761897272666 ) ) ;
#8220 = SURFACE_STYLE_USAGE ( .BOTH. , #6302 ) ;
#8221 = VERTEX_POINT ( 'NONE', #2297 ) ;
#8222 = EDGE_CURVE ( 'NONE', #7049, #3948, #1049, .T. ) ;
#8223 = CARTESIAN_POINT ( 'NONE',  ( 28.54999999999999361, 6.619174842030999706, 1.060820357969170402 ) ) ;
#8224 = CARTESIAN_POINT ( 'NONE',  ( -28.46557421325380943, 12.10296987797709889, -3.882320190744799948 ) ) ;
#8225 = AXIS2_PLACEMENT_3D ( 'NONE', #7831, #4948, #3667 ) ;
#8226 = AXIS2_PLACEMENT_3D ( 'NONE', #1270, #1135, #6668 ) ;
#8227 = EDGE_CURVE ( 'NONE', #1434, #3066, #7650, .T. ) ;
#8228 = ADVANCED_FACE ( 'NONE', ( #3165 ), #5286, .F. ) ;
#8229 = ORIENTED_EDGE ( 'NONE', *, *, #4906, .F. ) ;
#8230 = DIRECTION ( 'NONE',  ( 0.000000000000000000, 0.000000000000000000, -1.000000000000000000 ) ) ;
#8231 = CARTESIAN_POINT ( 'NONE',  ( 26.62499999999999645, 8.049116928532395765E-16, -2.979908383766889823 ) ) ;
#8232 = PLANE ( 'NONE',  #8453 ) ;
#8233 = ADVANCED_FACE ( 'NONE', ( #5489 ), #7529, .T. ) ;
#8234 = CARTESIAN_POINT ( 'NONE',  ( -30.75000000000000000, 8.049116928532391821E-16, -3.944843712904995581 ) ) ;
#8235 = EDGE_LOOP ( 'NONE', ( #7319, #3049, #277, #6876 ) ) ;
#8236 = ORIENTED_EDGE ( 'NONE', *, *, #1724, .F. ) ;
#8237 = CARTESIAN_POINT ( 'NONE',  ( 26.21356970271669695, 9.158030092238099940, 0.1516280025343677007 ) ) ;
#8238 = CARTESIAN_POINT ( 'NONE',  ( -28.95000000000000284, 7.154386422154502156, 1.402972890722440802 ) ) ;
#8239 = CARTESIAN_POINT ( 'NONE',  ( -27.71249215357447326, 8.821320343559850841, -0.4999999999999992784 ) ) ;
#8240 = EDGE_CURVE ( 'NONE', #8460, #688, #954, .T. ) ;
#8241 = CARTESIAN_POINT ( 'NONE',  ( -30.75000000000000000, 1.812905561071200822, -3.855766422117396619 ) ) ;
#8242 = LINE ( 'NONE', #7474, #7426 ) ;
#8243 = EDGE_LOOP ( 'NONE', ( #8870, #1669, #3443, #6795, #5654 ) ) ;
#8244 = DIRECTION ( 'NONE',  ( -7.321236402449588710E-32, 0.9396926207859098712, 0.3420201433256647716 ) ) ;
#8245 = DIRECTION ( 'NONE',  ( 0.000000000000000000, 0.000000000000000000, 1.000000000000000000 ) ) ;
#8246 = DIRECTION ( 'NONE',  ( -2.465190328815661345E-32, -6.137086701989279675E-49, -1.000000000000000000 ) ) ;
#8247 = EDGE_LOOP ( 'NONE', ( #2141, #5449, #8564, #7949 ) ) ;
#8248 = CARTESIAN_POINT ( 'NONE',  ( -26.74999999999885247, 11.50000000000000000, 0.7274468252821720826 ) ) ;
#8249 = CARTESIAN_POINT ( 'NONE',  ( -27.63000000000000256, 12.42666406871190077, -3.941421356237300611 ) ) ;
#8250 = ORIENTED_EDGE ( 'NONE', *, *, #7171, .F. ) ;
#8251 = LINE ( 'NONE', #8164, #8083 ) ;
#8252 = PLANE ( 'NONE',  #406 ) ;
#8253 = CARTESIAN_POINT ( 'NONE',  ( -29.25000000000001066, 13.10000000000000142, -6.000000000000000888 ) ) ;
#8254 = ORIENTED_EDGE ( 'NONE', *, *, #3417, .F. ) ;
#8255 = ORIENTED_EDGE ( 'NONE', *, *, #8813, .F. ) ;
#8256 = DIRECTION ( 'NONE',  ( 0.000000000000000000, 0.000000000000000000, 1.000000000000000000 ) ) ;
#8257 = CARTESIAN_POINT ( 'NONE',  ( -28.42257282887571179, 8.856045284099698378, -0.3794363394950071022 ) ) ;
#8258 = VERTEX_POINT ( 'NONE', #223 ) ;
#8259 = ORIENTED_EDGE ( 'NONE', *, *, #7813, .F. ) ;
#8260 = CARTESIAN_POINT ( 'NONE',  ( 27.33566510672897110, 13.04216400291151423, -3.325921422037782182 ) ) ;
#8261 = CARTESIAN_POINT ( 'NONE',  ( 28.70000000000229434, 8.337215522247198862, -0.6572203222474527484 ) ) ;
#8262 = EDGE_CURVE ( 'NONE', #3414, #4880, #2156, .T. ) ;
#8263 = VERTEX_POINT ( 'NONE', #769 ) ;
#8264 = PLANE ( 'NONE',  #6309 ) ;
#8265 = CARTESIAN_POINT ( 'NONE',  ( 26.69999999999950191, 11.50000000000000000, -4.099999999999992539 ) ) ;
#8266 = CARTESIAN_POINT ( 'NONE',  ( 29.50000000000000000, 6.992820323027439500, 0.7999999999996511013 ) ) ;
#8267 = AXIS2_PLACEMENT_3D ( 'NONE', #7802, #3633, #6978 ) ;
#8268 = LINE ( 'NONE', #3383, #6959 ) ;
#8269 = EDGE_CURVE ( 'NONE', #3282, #3026, #8528, .T. ) ;
#8270 = EDGE_LOOP ( 'NONE', ( #6573, #8677, #4672, #5493 ) ) ;
#8271 = CARTESIAN_POINT ( 'NONE',  ( 26.36243717335579007, 8.936349306299600670, -0.1839662671390702164 ) ) ;
#8272 = CARTESIAN_POINT ( 'NONE',  ( -27.31791362860359840, 7.999999999999497291, -0.4999999999999987232 ) ) ;
#8273 = PRESENTATION_LAYER_ASSIGNMENT (  '', '', ( #3315 ) ) ;
#8274 = EDGE_CURVE ( 'NONE', #4512, #1686, #4518, .T. ) ;
#8275 =( BOUNDED_CURVE ( )  B_SPLINE_CURVE ( 3, ( #606, #4107, #8396, #8266 ),
 .UNSPECIFIED., .F., .T. ) 
 B_SPLINE_CURVE_WITH_KNOTS ( ( 4, 4 ),
 ( 3.284771387990440822E-31, 3.141592653589793116 ),
 .UNSPECIFIED. ) 
 CURVE ( )  GEOMETRIC_REPRESENTATION_ITEM ( )  RATIONAL_B_SPLINE_CURVE ( ( 1.000000000000000000, 0.3333333333333333703, 0.3333333333333333703, 1.000000000000000000 ) ) 
 REPRESENTATION_ITEM ( '' )  );
#8276 = EDGE_CURVE ( 'NONE', #1626, #3277, #6250, .T. ) ;
#8277 = VERTEX_POINT ( 'NONE', #2670 ) ;
#8278 = LINE ( 'NONE', #3564, #4203 ) ;
#8279 = FACE_OUTER_BOUND ( 'NONE', #7396, .T. ) ;
#8280 = EDGE_CURVE ( 'NONE', #7524, #1656, #374, .T. ) ;
#8281 = DIRECTION ( 'NONE',  ( 0.000000000000000000, 0.000000000000000000, 1.000000000000000000 ) ) ;
#8282 = ORIENTED_EDGE ( 'NONE', *, *, #1992, .F. ) ;
#8283 = LINE ( 'NONE', #8323, #1719 ) ;
#8284 = LINE ( 'NONE', #5377, #2318 ) ;
#8285 = EDGE_CURVE ( 'NONE', #5102, #1418, #5892, .T. ) ;
#8286 = AXIS2_PLACEMENT_3D ( 'NONE', #4382, #4894, #2175 ) ;
#8287 = VERTEX_POINT ( 'NONE', #1219 ) ;
#8288 = DIRECTION ( 'NONE',  ( -2.465190328815661345E-32, 6.137086701989279675E-49, 1.000000000000000000 ) ) ;
#8289 = DIRECTION ( 'NONE',  ( -1.000000000000000000, -6.162975822039154730E-33, -2.465190328815661345E-32 ) ) ;
#8290 = ORIENTED_EDGE ( 'NONE', *, *, #1483, .T. ) ;
#8291 = VECTOR ( 'NONE', #5059, 1000.000000000000000 ) ;
#8292 = DIRECTION ( 'NONE',  ( 1.000000000000000000, 0.000000000000000000, 0.000000000000000000 ) ) ;
#8293 = CARTESIAN_POINT ( 'NONE',  ( -27.19399689342349902, 8.489055053478896440, -0.4999999999999987232 ) ) ;
#8294 = DIRECTION ( 'NONE',  ( 0.000000000000000000, 0.000000000000000000, 1.000000000000000000 ) ) ;
#8295 = VERTEX_POINT ( 'NONE', #6840 ) ;
#8296 = FILL_AREA_STYLE ('',( #6299 ) ) ;
#8297 = ORIENTED_EDGE ( 'NONE', *, *, #594, .T. ) ;
#8298 =( NAMED_UNIT ( * ) PLANE_ANGLE_UNIT ( ) SI_UNIT ( $, .RADIAN. ) );
#8299 = ORIENTED_EDGE ( 'NONE', *, *, #5212, .F. ) ;
#8300 = VERTEX_POINT ( 'NONE', #6920 ) ;
#8301 = DIRECTION ( 'NONE',  ( 1.000000000000000000, 6.162975822039154730E-33, 2.465190328815661892E-32 ) ) ;
#8302 = DIRECTION ( 'NONE',  ( 1.000000000000000000, 6.162975822039154730E-33, 2.465190328815661892E-32 ) ) ;
#8303 = FACE_OUTER_BOUND ( 'NONE', #8372, .T. ) ;
#8304 = ORIENTED_EDGE ( 'NONE', *, *, #3021, .F. ) ;
#8305 = PLANE ( 'NONE',  #4102 ) ;
#8306 = CYLINDRICAL_SURFACE ( 'NONE', #6762, 1.500000000000000222 ) ;
#8307 = CARTESIAN_POINT ( 'NONE',  ( 30.55327016919775573, 10.66863707979276299, 1.955133692238862020 ) ) ;
#8308 = CARTESIAN_POINT ( 'NONE',  ( -30.75000000000000000, 2.223807899774399299, -4.055156287094595413 ) ) ;
#8309 = CARTESIAN_POINT ( 'NONE',  ( -28.37499999999999645, -0.4999999999999996669, 1.089999999999650804 ) ) ;
#8310 = AXIS2_PLACEMENT_3D ( 'NONE', #6916, #4896, #1962 ) ;
#8311 = VERTEX_POINT ( 'NONE', #7150 ) ;
#8312 = AXIS2_PLACEMENT_3D ( 'NONE', #8866, #8157, #2605 ) ;
#8313 = CARTESIAN_POINT ( 'NONE',  ( 26.24727231807029426, 9.063707895694800953, 0.02881219719218057473 ) ) ;
#8314 = CARTESIAN_POINT ( 'NONE',  ( -28.00000000000001066, 9.717157287525500564, 2.517157287525053189 ) ) ;
#8315 = EDGE_CURVE ( 'NONE', #999, #1334, #5047, .T. ) ;
#8316 = AXIS2_PLACEMENT_3D ( 'NONE', #6992, #7183, #6409 ) ;
#8317 = VECTOR ( 'NONE', #4397, 1000.000000000000114 ) ;
#8318 = EDGE_LOOP ( 'NONE', ( #2282, #3877, #502, #129, #7948, #3888, #6750 ) ) ;
#8319 = CARTESIAN_POINT ( 'NONE',  ( 25.75000000000115463, 9.100000000000399325, -6.000000000000000000 ) ) ;
#8320 = VECTOR ( 'NONE', #5826, 1000.000000000000000 ) ;
#8321 = CARTESIAN_POINT ( 'NONE',  ( -28.95000000000000284, 8.260820357969000938, -0.5808251579691882105 ) ) ;
#8322 = EDGE_LOOP ( 'NONE', ( #3901, #1860, #1702, #2408 ) ) ;
#8323 = CARTESIAN_POINT ( 'NONE',  ( -30.75000000000000000, 11.50000000000000000, -6.000000000000000888 ) ) ;
#8324 = VECTOR ( 'NONE', #8094, 1000.000000000000227 ) ;
#8325 = ADVANCED_FACE ( 'NONE', ( #2831 ), #4300, .F. ) ;
#8326 =( BOUNDED_CURVE ( )  B_SPLINE_CURVE ( 3, ( #6175, #5490, #8260, #7574 ),
 .UNSPECIFIED., .F., .T. ) 
 B_SPLINE_CURVE_WITH_KNOTS ( ( 4, 4 ),
 ( 0.5279747135787616896, 0.8330703583416705360 ),
 .UNSPECIFIED. ) 
 CURVE ( )  GEOMETRIC_REPRESENTATION_ITEM ( )  RATIONAL_B_SPLINE_CURVE ( ( 1.000000000000000000, 0.9922580848516040497, 0.9922580848516040497, 1.000000000000000000 ) ) 
 REPRESENTATION_ITEM ( '' )  );
#8327 = LINE ( 'NONE', #4295, #1134 ) ;
#8328 = CARTESIAN_POINT ( 'NONE',  ( -26.74999999999885247, 9.689337846835060830, -2.899999999999983036 ) ) ;
#8329 = EDGE_CURVE ( 'NONE', #7363, #2871, #8802, .T. ) ;
#8330 = EDGE_CURVE ( 'NONE', #6268, #2699, #2330, .T. ) ;
#8331 = CIRCLE ( 'NONE', #7599, 0.2283621302927940910 ) ;
#8332 = PLANE ( 'NONE',  #1031 ) ;
#8333 = ORIENTED_EDGE ( 'NONE', *, *, #5150, .F. ) ;
#8334 = ADVANCED_FACE ( 'NONE', ( #5207 ), #5751, .F. ) ;
#8335 = LINE ( 'NONE', #5557, #2174 ) ;
#8336 = CARTESIAN_POINT ( 'NONE',  ( 29.21809428875669923, 8.834786822486099922, -0.4488229693546310628 ) ) ;
#8337 = VERTEX_POINT ( 'NONE', #5842 ) ;
#8338 = CARTESIAN_POINT ( 'NONE',  ( 27.95000000000000284, 7.154386422155501357, 1.402972890726330135 ) ) ;
#8339 = LINE ( 'NONE', #7652, #7851 ) ;
#8340 = EDGE_CURVE ( 'NONE', #2789, #6082, #5164, .T. ) ;
#8341 = EDGE_LOOP ( 'NONE', ( #5633, #1321, #6345, #4844 ) ) ;
#8342 = VECTOR ( 'NONE', #8634, 1000.000000000000000 ) ;
#8343 = ORIENTED_EDGE ( 'NONE', *, *, #6839, .T. ) ;
#8344 = CARTESIAN_POINT ( 'NONE',  ( 27.49999999999999645, 8.418613096565399800, -5.999999999999992895 ) ) ;
#8345 = VECTOR ( 'NONE', #1007, 1000.000000000000000 ) ;
#8346 = ORIENTED_EDGE ( 'NONE', *, *, #7102, .F. ) ;
#8347 = CARTESIAN_POINT ( 'NONE',  ( 28.24999999999999645, 8.418613096565399800, -5.999999999999992895 ) ) ;
#8348 = CARTESIAN_POINT ( 'NONE',  ( -28.41101188941959421, 12.20842176977330062, -3.984739616799900297 ) ) ;
#8349 = AXIS2_PLACEMENT_3D ( 'NONE', #669, #1630, #4449 ) ;
#8350 = UNCERTAINTY_MEASURE_WITH_UNIT (LENGTH_MEASURE( 1.000000000000000082E-05 ), #9064, 'distance_accuracy_value', 'NONE');
#8351 = ORIENTED_EDGE ( 'NONE', *, *, #8618, .F. ) ;
#8352 = CARTESIAN_POINT ( 'NONE',  ( 26.99999999999999645, 7.400624110387701293, 2.321944453947189846 ) ) ;
#8353 = CARTESIAN_POINT ( 'NONE',  ( -30.75000000000000000, 2.776945663413300291, -3.944843712904995581 ) ) ;
#8354 = ORIENTED_EDGE ( 'NONE', *, *, #8607, .F. ) ;
#8355 = DIRECTION ( 'NONE',  ( -1.000000000000000000, 6.162975822039154730E-33, 2.465190328815661892E-32 ) ) ;
#8356 = VECTOR ( 'NONE', #4199, 1000.000000000000000 ) ;
#8357 = AXIS2_PLACEMENT_3D ( 'NONE', #1873, #6159, #3910 ) ;
#8358 = FACE_OUTER_BOUND ( 'NONE', #6852, .T. ) ;
#8359 = CARTESIAN_POINT ( 'NONE',  ( 29.50000000000000000, 8.821320343559701627, -0.4999999999999917843 ) ) ;
#8360 = VECTOR ( 'NONE', #4995, 1000.000000000000000 ) ;
#8361 = ORIENTED_EDGE ( 'NONE', *, *, #1878, .F. ) ;
#8362 = PLANE ( 'NONE',  #4998 ) ;
#8363 = PLANE ( 'NONE',  #2302 ) ;
#8364 = DIRECTION ( 'NONE',  ( 3.157997194805338088E-31, 0.3792829471100740424, 0.9252807390362650652 ) ) ;
#8365 = ORIENTED_EDGE ( 'NONE', *, *, #4491, .T. ) ;
#8366 = LINE ( 'NONE', #2087, #4365 ) ;
#8367 = LINE ( 'NONE', #2045, #8200 ) ;
#8368 = DIRECTION ( 'NONE',  ( -6.162975822039150624E-33, 1.000000000000000000, -2.220446049250313574E-16 ) ) ;
#8369 = COLOUR_RGB ( '',0.9490196078431372140, 0.9490196078431372140, 1.000000000000000000 ) ;
#8370 = EDGE_CURVE ( 'NONE', #5899, #4109, #2607, .T. ) ;
#8371 = DIRECTION ( 'NONE',  ( -2.465190328815661345E-32, 6.137086701989279675E-49, 1.000000000000000000 ) ) ;
#8372 = EDGE_LOOP ( 'NONE', ( #2783, #7924, #5727, #921, #2229, #1790 ) ) ;
#8373 = LINE ( 'NONE', #7688, #4630 ) ;
#8374 = CARTESIAN_POINT ( 'NONE',  ( 29.27269520722490626, 8.829752859918102104, -0.4671634206133926659 ) ) ;
#8375 = ORIENTED_EDGE ( 'NONE', *, *, #7495, .F. ) ;
#8376 = EDGE_CURVE ( 'NONE', #4588, #2877, #2539, .T. ) ;
#8377 = CARTESIAN_POINT ( 'NONE',  ( 29.87500000000000000, -0.8445942863764986930, 1.509999999999660947 ) ) ;
#8378 = CARTESIAN_POINT ( 'NONE',  ( 29.83483437553739748, 8.841236368605398965, -0.4265575964494516259 ) ) ;
#8379 = EDGE_CURVE ( 'NONE', #847, #4520, #85, .T. ) ;
#8380 = EDGE_CURVE ( 'NONE', #7444, #3075, #1494, .T. ) ;
#8381 = VERTEX_POINT ( 'NONE', #2296 ) ;
#8382 = EDGE_CURVE ( 'NONE', #4551, #1233, #7889, .T. ) ;
#8383 = ORIENTED_EDGE ( 'NONE', *, *, #1356, .T. ) ;
#8384 = CARTESIAN_POINT ( 'NONE',  ( -28.80000000000000782, 9.294435844495001930, 0.3000000000000033751 ) ) ;
#8385 = CARTESIAN_POINT ( 'NONE',  ( 26.59999999999969233, 12.28524271247460220, -3.999999999999993339 ) ) ;
#8386 = ADVANCED_FACE ( 'NONE', ( #6761 ), #6629, .T. ) ;
#8387 = ADVANCED_FACE ( 'NONE', ( #3272, #351 ), #1791, .T. ) ;
#8388 = ORIENTED_EDGE ( 'NONE', *, *, #3570, .F. ) ;
#8389 = DIRECTION ( 'NONE',  ( 2.102964564689860617E-32, -1.000000000000000000, 2.220446049250313574E-16 ) ) ;
#8390 = DIRECTION ( 'NONE',  ( 0.000000000000000000, 0.000000000000000000, 1.000000000000000000 ) ) ;
#8391 = CARTESIAN_POINT ( 'NONE',  ( -28.42471629448570170, 12.17021255251879808, -3.963962033226700488 ) ) ;
#8392 = CARTESIAN_POINT ( 'NONE',  ( 30.84999999999999787, 8.719111102545099357, -3.499999999999991118 ) ) ;
#8393 = VERTEX_POINT ( 'NONE', #7835 ) ;
#8394 = LINE ( 'NONE', #8526, #8907 ) ;
#8395 = CARTESIAN_POINT ( 'NONE',  ( -27.88438694352350566, 10.67656721185510094, -0.4916019335323481565 ) ) ;
#8396 = CARTESIAN_POINT ( 'NONE',  ( 28.49999999999999645, 6.992820323027440388, 0.7999999999996512123 ) ) ;
#8397 = ORIENTED_EDGE ( 'NONE', *, *, #1273, .T. ) ;
#8398 = DIRECTION ( 'NONE',  ( 2.465190328815661345E-32, 6.137086701989279675E-49, 1.000000000000000000 ) ) ;
#8399 = ORIENTED_EDGE ( 'NONE', *, *, #8661, .T. ) ;
#8400 = CARTESIAN_POINT ( 'NONE',  ( -26.74999999999885247, 8.673617379884035472E-16, 6.000000000000005329 ) ) ;
#8401 = FACE_OUTER_BOUND ( 'NONE', #5806, .T. ) ;
#8402 = AXIS2_PLACEMENT_3D ( 'NONE', #902, #8619, #5151 ) ;
#8403 = PRODUCT ( '1990232_1', '1990232_1', '', ( #1063 ) ) ;
#8404 = ORIENTED_EDGE ( 'NONE', *, *, #8112, .T. ) ;
#8405 = LINE ( 'NONE', #6952, #859 ) ;
#8406 = DIRECTION ( 'NONE',  ( -3.610187651973074301E-33, -0.7071067811865470176, -0.7071067811865479058 ) ) ;
#8407 = DIRECTION ( 'NONE',  ( 6.162975822039150624E-33, -1.000000000000000000, 2.220446049250313574E-16 ) ) ;
#8408 = CYLINDRICAL_SURFACE ( 'NONE', #8569, 1.500000000000000222 ) ;
#8409 = ORIENTED_EDGE ( 'NONE', *, *, #2147, .T. ) ;
#8410 = CARTESIAN_POINT ( 'NONE',  ( 27.17999999999999616, 13.10000000000000142, -3.268085424949194184 ) ) ;
#8411 = VECTOR ( 'NONE', #1217, 1000.000000000000000 ) ;
#8412 = DIRECTION ( 'NONE',  ( 1.000000000000000000, 6.162975822039154730E-33, 2.465190328815661892E-32 ) ) ;
#8413 = CARTESIAN_POINT ( 'NONE',  ( -27.36667351178829932, 13.30756217274460163, -6.000000000000000888 ) ) ;
#8414 = PLANE ( 'NONE',  #7117 ) ;
#8415 = VECTOR ( 'NONE', #5873, 1000.000000000000000 ) ;
#8416 = LINE ( 'NONE', #5474, #8633 ) ;
#8417 = VERTEX_POINT ( 'NONE', #7252 ) ;
#8418 = CARTESIAN_POINT ( 'NONE',  ( 28.82491612262939995, 8.965082645930600336, -0.1292572171954827764 ) ) ;
#8419 = ORIENTED_EDGE ( 'NONE', *, *, #2526, .T. ) ;
#8420 = AXIS2_PLACEMENT_3D ( 'NONE', #662, #8289, #1179 ) ;
#8421 = CARTESIAN_POINT ( 'NONE',  ( -28.15374433176300073, 12.59999999999999964, -1.299999999999999156 ) ) ;
#8422 = EDGE_CURVE ( 'NONE', #3278, #8574, #2980, .T. ) ;
#8423 = EDGE_CURVE ( 'NONE', #7472, #6260, #7976, .T. ) ;
#8424 = VERTEX_POINT ( 'NONE', #5670 ) ;
#8425 = ORIENTED_EDGE ( 'NONE', *, *, #2000, .T. ) ;
#8426 = CARTESIAN_POINT ( 'NONE',  ( -28.30000000000050520, 9.197444395117798877, -4.099999999999997868 ) ) ;
#8427 = CIRCLE ( 'NONE', #3610, 0.2283621302927940910 ) ;
#8428 = ORIENTED_EDGE ( 'NONE', *, *, #6214, .T. ) ;
#8429 = CARTESIAN_POINT ( 'NONE',  ( 27.17156877314939933, 8.826012422144900782, -0.4813860480453891477 ) ) ;
#8430 = ORIENTED_EDGE ( 'NONE', *, *, #4033, .T. ) ;
#8431 = PLANE ( 'NONE',  #3362 ) ;
#8432 = DIRECTION ( 'NONE',  ( 1.000000000000000000, 6.162975822039154730E-33, 2.465190328815661892E-32 ) ) ;
#8433 = DIRECTION ( 'NONE',  ( 0.000000000000000000, -0.7071067811864789610, 0.7071067811866160735 ) ) ;
#8434 = DIRECTION ( 'NONE',  ( 6.162975822039150624E-33, 1.000000000000000000, -2.220446049250313574E-16 ) ) ;
#8435 = EDGE_CURVE ( 'NONE', #8062, #5478, #5035, .T. ) ;
#8436 = AXIS2_PLACEMENT_3D ( 'NONE', #4141, #5450, #6215 ) ;
#8437 = EDGE_CURVE ( 'NONE', #4656, #417, #5859, .T. ) ;
#8438 = EDGE_CURVE ( 'NONE', #1196, #1582, #975, .T. ) ;
#8439 = EDGE_LOOP ( 'NONE', ( #5972, #3317, #8404, #1917 ) ) ;
#8440 = LINE ( 'NONE', #6447, #2351 ) ;
#8441 = LINE ( 'NONE', #4425, #4587 ) ;
#8442 = VERTEX_POINT ( 'NONE', #6650 ) ;
#8443 = CARTESIAN_POINT ( 'NONE',  ( 26.62499999999999645, 8.049116928532395765E-16, -2.532953719327088571 ) ) ;
#8444 = EDGE_CURVE ( 'NONE', #359, #5478, #5323, .T. ) ;
#8445 = LINE ( 'NONE', #2163, #5850 ) ;
#8446 = CARTESIAN_POINT ( 'NONE',  ( 26.87524241457672503, 12.93132002674946790, -3.215578274443857687 ) ) ;
#8447 = CARTESIAN_POINT ( 'NONE',  ( -26.97500037328683220, 8.975651724616065863, 3.541504155156296463 ) ) ;
#8448 = ORIENTED_EDGE ( 'NONE', *, *, #6228, .T. ) ;
#8449 = LINE ( 'NONE', #1341, #8057 ) ;
#8450 = MECHANICAL_DESIGN_GEOMETRIC_PRESENTATION_REPRESENTATION (  '', ( #980 ), #5833 ) ;
#8451 = DIRECTION ( 'NONE',  ( 0.1294283079955640403, -0.9831056027603600755, -0.1294283079955637628 ) ) ;
#8452 = ORIENTED_EDGE ( 'NONE', *, *, #1139, .T. ) ;
#8453 = AXIS2_PLACEMENT_3D ( 'NONE', #7535, #7629, #7578 ) ;
#8454 =( NAMED_UNIT ( * ) SI_UNIT ( $, .STERADIAN. ) SOLID_ANGLE_UNIT ( ) );
#8455 = SURFACE_STYLE_USAGE ( .BOTH. , #6957 ) ;
#8456 = VECTOR ( 'NONE', #1815, 1000.000000000000000 ) ;
#8457 = VECTOR ( 'NONE', #3123, 1000.000000000000000 ) ;
#8458 = VECTOR ( 'NONE', #5292, 1000.000000000000000 ) ;
#8459 = CARTESIAN_POINT ( 'NONE',  ( 26.99999999999999645, 9.999999999999998224, 2.799999999999551292 ) ) ;
#8460 = VERTEX_POINT ( 'NONE', #6270 ) ;
#8461 = VECTOR ( 'NONE', #1125, 1000.000000000000000 ) ;
#8462 = CARTESIAN_POINT ( 'NONE',  ( 28.73566918608069898, 9.087896905888699806, 0.06258671926846932909 ) ) ;
#8463 = EDGE_LOOP ( 'NONE', ( #2573, #6180, #5001 ) ) ;
#8464 = LINE ( 'NONE', #8512, #4678 ) ;
#8465 = CARTESIAN_POINT ( 'NONE',  ( 27.37499999999999645, 8.049116928532395765E-16, -4.217407180273389677 ) ) ;
#8466 = VECTOR ( 'NONE', #6055, 1000.000000000000114 ) ;
#8467 = ORIENTED_EDGE ( 'NONE', *, *, #5811, .F. ) ;
#8468 = ORIENTED_EDGE ( 'NONE', *, *, #1261, .F. ) ;
#8469 = CARTESIAN_POINT ( 'NONE',  ( 29.67999999999999972, 13.10000000000000142, -1.799999999999992495 ) ) ;
#8470 = CARTESIAN_POINT ( 'NONE',  ( -29.10000000000000142, 18.79999999999789750, -6.000000000000002665 ) ) ;
#8471 = LINE ( 'NONE', #6482, #8639 ) ;
#8472 = VERTEX_POINT ( 'NONE', #5409 ) ;
#8473 = CARTESIAN_POINT ( 'NONE',  ( 27.38584775841189511, 8.849074499528100546, -0.4009453565463529934 ) ) ;
#8474 = ORIENTED_EDGE ( 'NONE', *, *, #7157, .F. ) ;
#8475 = CARTESIAN_POINT ( 'NONE',  ( -29.25000000000001066, 12.09205754721679860, -3.851763809020500862 ) ) ;
#8476 = EDGE_CURVE ( 'NONE', #1082, #2472, #1291, .T. ) ;
#8477 = CARTESIAN_POINT ( 'NONE',  ( 27.52493619615030340, 8.883391849895300396, -0.3038543545001940460 ) ) ;
#8478 = DIRECTION ( 'NONE',  ( -5.801957056841932144E-32, 0.7071067811866160735, 0.7071067811864790720 ) ) ;
#8479 = LINE ( 'NONE', #4465, #1452 ) ;
#8480 = VECTOR ( 'NONE', #3085, 1000.000000000000000 ) ;
#8481 = CIRCLE ( 'NONE', #6321, 0.4567242605855179605 ) ;
#8482 = VECTOR ( 'NONE', #6091, 1000.000000000000000 ) ;
#8483 = ORIENTED_EDGE ( 'NONE', *, *, #6223, .T. ) ;
#8484 = DIRECTION ( 'NONE',  ( 1.000000000000000000, 6.162975822039154730E-33, 2.465190328815661892E-32 ) ) ;
#8485 = CARTESIAN_POINT ( 'NONE',  ( -30.75000000000000000, 2.223807899774399299, -2.822911629612196549 ) ) ;
#8486 = EDGE_CURVE ( 'NONE', #1147, #1026, #8851, .T. ) ;
#8487 = ORIENTED_EDGE ( 'NONE', *, *, #6385, .F. ) ;
#8488 = CARTESIAN_POINT ( 'NONE',  ( 29.67999999999999972, 12.59999999999999964, -1.299999999999992051 ) ) ;
#8489 = VERTEX_POINT ( 'NONE', #6188 ) ;
#8490 = SURFACE_STYLE_FILL_AREA ( #1337 ) ;
#8491 = ADVANCED_FACE ( 'NONE', ( #3509 ), #7037, .F. ) ;
#8492 = FACE_OUTER_BOUND ( 'NONE', #1700, .T. ) ;
#8493 = CARTESIAN_POINT ( 'NONE',  ( -30.64999999999999503, 0.9831053856220991483, -5.000185169558794662 ) ) ;
#8494 = EDGE_CURVE ( 'NONE', #7300, #7743, #9, .T. ) ;
#8495 = FILL_AREA_STYLE_COLOUR ( '', #4398 ) ;
#8496 = ORIENTED_EDGE ( 'NONE', *, *, #2226, .T. ) ;
#8497 = DIRECTION ( 'NONE',  ( 5.801957056841933239E-32, -0.7071067811866160735, -0.7071067811864790720 ) ) ;
#8498 = VECTOR ( 'NONE', #6655, 1000.000000000000114 ) ;
#8499 = DIRECTION ( 'NONE',  ( -1.000000000000000000, -6.162975822039154730E-33, -2.465190328815661892E-32 ) ) ;
#8500 = CARTESIAN_POINT ( 'NONE',  ( 28.24999999999999645, 12.28524271247460220, -3.799999999999994493 ) ) ;
#8501 = VERTEX_POINT ( 'NONE', #3102 ) ;
#8502 = ADVANCED_FACE ( 'NONE', ( #2750 ), #2796, .F. ) ;
#8503 = DIRECTION ( 'NONE',  ( -3.610187651973074301E-33, -0.7071067811865470176, -0.7071067811865479058 ) ) ;
#8504 = CARTESIAN_POINT ( 'NONE',  ( -26.74999999999885247, 8.673617379884035472E-16, 6.000000000000005329 ) ) ;
#8505 = CARTESIAN_POINT ( 'NONE',  ( -26.74999999999885247, 8.673617379884035472E-16, 6.000000000000005329 ) ) ;
#8506 = CARTESIAN_POINT ( 'NONE',  ( -27.24727231806189920, 9.063707895712299845, 0.02881219721658466459 ) ) ;
#8507 = LINE ( 'NONE', #1485, #8768 ) ;
#8508 = AXIS2_PLACEMENT_3D ( 'NONE', #1466, #4973, #8573 ) ;
#8509 = ORIENTED_EDGE ( 'NONE', *, *, #4594, .T. ) ;
#8510 = VECTOR ( 'NONE', #1928, 1000.000000000000000 ) ;
#8511 = VERTEX_POINT ( 'NONE', #8773 ) ;
#8512 = CARTESIAN_POINT ( 'NONE',  ( 27.17999999999999616, 10.67656721185510094, -0.4916019335323412176 ) ) ;
#8513 = FACE_OUTER_BOUND ( 'NONE', #7429, .T. ) ;
#8514 = PLANE ( 'NONE',  #2727 ) ;
#8515 = ORIENTED_EDGE ( 'NONE', *, *, #5331, .F. ) ;
#8516 = CARTESIAN_POINT ( 'NONE',  ( 28.15504693199720521, 8.049116928532395765E-16, -0.4999999999999900080 ) ) ;
#8517 = FACE_OUTER_BOUND ( 'NONE', #2879, .T. ) ;
#8518 = EDGE_LOOP ( 'NONE', ( #7152, #8089 ) ) ;
#8519 = CARTESIAN_POINT ( 'NONE',  ( -25.31999999999999673, 11.50000000000000000, 1.299999999999280842 ) ) ;
#8520 = CARTESIAN_POINT ( 'NONE',  ( -28.55489749538611122, 9.352624527801014054, -3.721429887773980205 ) ) ;
#8521 = PLANE ( 'NONE',  #5963 ) ;
#8522 = CARTESIAN_POINT ( 'NONE',  ( 26.53242082799117085, 12.48057591184031168, -3.887509513108985182 ) ) ;
#8523 = DIRECTION ( 'NONE',  ( 0.000000000000000000, 0.000000000000000000, 1.000000000000000000 ) ) ;
#8524 = UNCERTAINTY_MEASURE_WITH_UNIT (LENGTH_MEASURE( 1.000000000000000082E-05 ), #1609, 'distance_accuracy_value', 'NONE');
#8525 = ORIENTED_EDGE ( 'NONE', *, *, #3191, .F. ) ;
#8526 = CARTESIAN_POINT ( 'NONE',  ( -28.95000000000000284, 6.619174842030999706, 1.060820357969163519 ) ) ;
#8527 = DIRECTION ( 'NONE',  ( -3.335559729097691015E-32, 1.000000000000000000, -3.943844354434941479E-48 ) ) ;
#8528 = LINE ( 'NONE', #3321, #732 ) ;
#8529 = ORIENTED_EDGE ( 'NONE', *, *, #5768, .T. ) ;
#8530 = DIRECTION ( 'NONE',  ( -5.419629982065157019E-33, -0.9396926207859075397, 0.3420201433256709889 ) ) ;
#8531 = DIRECTION ( 'NONE',  ( -2.104171563618355009E-32, 0.7071067811865470176, -0.7071067811865481278 ) ) ;
#8532 = ORIENTED_EDGE ( 'NONE', *, *, #3308, .T. ) ;
#8533 = PLANE ( 'NONE',  #8316 ) ;
#8534 = FILL_AREA_STYLE ('',( #7958 ) ) ;
#8535 = ADVANCED_FACE ( 'NONE', ( #3993 ), #2597, .T. ) ;
#8536 = CARTESIAN_POINT ( 'NONE',  ( -27.74810756291940095, 13.10000000000000142, -3.268085424949201290 ) ) ;
#8537 = ADVANCED_FACE ( 'NONE', ( #1384 ), #689, .T. ) ;
#8538 = VERTEX_POINT ( 'NONE', #8995 ) ;
#8539 = CARTESIAN_POINT ( 'NONE',  ( -28.41141279874691250, 12.36328044663209980, -3.984146984899499699 ) ) ;
#8540 = DIRECTION ( 'NONE',  ( 0.000000000000000000, 0.000000000000000000, 1.000000000000000000 ) ) ;
#8541 = EDGE_LOOP ( 'NONE', ( #3777, #3515, #713, #9030 ) ) ;
#8542 = FILL_AREA_STYLE ('',( #5719 ) ) ;
#8543 = LINE ( 'NONE', #7001, #8881 ) ;
#8544 = EDGE_CURVE ( 'NONE', #575, #8381, #2731, .T. ) ;
#8545 = FACE_OUTER_BOUND ( 'NONE', #7437, .T. ) ;
#8546 = ADVANCED_FACE ( 'NONE', ( #3653 ), #5854, .F. ) ;
#8547 = EDGE_CURVE ( 'NONE', #2128, #8489, #5317, .T. ) ;
#8548 = CARTESIAN_POINT ( 'NONE',  ( 26.50672014821867961, 9.256865078517860113, -3.955040111164020544 ) ) ;
#8549 = CARTESIAN_POINT ( 'NONE',  ( -30.75000000000000000, 1.812905561071200822, -4.254546152071797316 ) ) ;
#8550 = CARTESIAN_POINT ( 'NONE',  ( 29.12499999999999645, -0.4999999999999996669, 1.089999999999650360 ) ) ;
#8551 = ORIENTED_EDGE ( 'NONE', *, *, #6217, .F. ) ;
#8552 = CARTESIAN_POINT ( 'NONE',  ( 26.20000000000230500, 5.168169145387501828, -5.999999999999992006 ) ) ;
#8553 = CARTESIAN_POINT ( 'NONE',  ( 28.70000000000000284, 9.294435844495099630, 0.3000000000000103140 ) ) ;
#8554 = EDGE_LOOP ( 'NONE', ( #5008, #7808, #2769 ) ) ;
#8555 = EDGE_CURVE ( 'NONE', #5718, #7366, #3239, .T. ) ;
#8556 = DIRECTION ( 'NONE',  ( -1.182917971378667130E-16, 0.2588190451025211281, 0.9659258262890682012 ) ) ;
#8557 = CARTESIAN_POINT ( 'NONE',  ( -28.11561305647650144, 10.67656721185510094, -0.4916019335323481565 ) ) ;
#8558 = VECTOR ( 'NONE', #7934, 1000.000000000000114 ) ;
#8559 = ORIENTED_EDGE ( 'NONE', *, *, #4231, .T. ) ;
#8560 = CARTESIAN_POINT ( 'NONE',  ( 26.99999999999999645, 12.59999999999999964, -3.700000000000394085 ) ) ;
#8561 = ORIENTED_EDGE ( 'NONE', *, *, #4719, .T. ) ;
#8562 = VECTOR ( 'NONE', #789, 1000.000000000000000 ) ;
#8563 = CIRCLE ( 'NONE', #799, 0.5000000000000000000 ) ;
#8564 = ORIENTED_EDGE ( 'NONE', *, *, #529, .F. ) ;
#8565 = CARTESIAN_POINT ( 'NONE',  ( 29.38999999999995794, 13.10000000000000142, -1.507106781186539735 ) ) ;
#8566 = FACE_OUTER_BOUND ( 'NONE', #5332, .T. ) ;
#8567 = CARTESIAN_POINT ( 'NONE',  ( -27.36667351178799379, 6.890273209732502124, 0.4172889630133704841 ) ) ;
#8568 = VECTOR ( 'NONE', #4195, 1000.000000000000000 ) ;
#8569 = AXIS2_PLACEMENT_3D ( 'NONE', #7784, #7819, #5717 ) ;
#8570 = ORIENTED_EDGE ( 'NONE', *, *, #8476, .F. ) ;
#8571 = CARTESIAN_POINT ( 'NONE',  ( 26.88438694352350566, 10.67656721185510094, -0.4916019335323412176 ) ) ;
#8572 = CYLINDRICAL_SURFACE ( 'NONE', #6766, 0.2000000000000000944 ) ;
#8573 = DIRECTION ( 'NONE',  ( 0.000000000000000000, 0.000000000000000000, -1.000000000000000000 ) ) ;
#8574 = VERTEX_POINT ( 'NONE', #2502 ) ;
#8575 = CARTESIAN_POINT ( 'NONE',  ( -30.64999999999999503, 2.223807899774399299, -3.598432026509099213 ) ) ;
#8576 = DIRECTION ( 'NONE',  ( -0.9486832980503371315, -0.2236067977503532478, -0.2236067977503540805 ) ) ;
#8577 = EDGE_LOOP ( 'NONE', ( #5563, #33, #8346, #2970 ) ) ;
#8578 = CARTESIAN_POINT ( 'NONE',  ( -27.81999999999999673, 11.99780271866330139, -3.499999999999999556 ) ) ;
#8579 = DIRECTION ( 'NONE',  ( 0.000000000000000000, 0.000000000000000000, 1.000000000000000000 ) ) ;
#8580 = VECTOR ( 'NONE', #6021, 1000.000000000000000 ) ;
#8581 =( NAMED_UNIT ( * ) SI_UNIT ( $, .STERADIAN. ) SOLID_ANGLE_UNIT ( ) );
#8582 = ORIENTED_EDGE ( 'NONE', *, *, #25, .T. ) ;
#8583 = FACE_OUTER_BOUND ( 'NONE', #2050, .T. ) ;
#8584 = LINE ( 'NONE', #875, #2342 ) ;
#8585 = DIRECTION ( 'NONE',  ( -1.000000000000000000, 3.281431208448924614E-17, -1.224646799147350249E-16 ) ) ;
#8586 = CARTESIAN_POINT ( 'NONE',  ( 30.28992166274689879, 9.176758414153697530, 0.1734149822335984692 ) ) ;
#8587 = ORIENTED_EDGE ( 'NONE', *, *, #8889, .F. ) ;
#8588 = CARTESIAN_POINT ( 'NONE',  ( -30.64999999999999503, 3.174991473819500420, -3.774095203657398034 ) ) ;
#8589 = DIRECTION ( 'NONE',  ( 1.000000000000000000, 6.162975822039154730E-33, 2.465190328815661892E-32 ) ) ;
#8590 = LINE ( 'NONE', #2323, #702 ) ;
#8591 = ADVANCED_FACE ( 'NONE', ( #377 ), #5314, .F. ) ;
#8592 = FACE_OUTER_BOUND ( 'NONE', #4467, .T. ) ;
#8593 = PLANE ( 'NONE',  #4991 ) ;
#8594 = CARTESIAN_POINT ( 'NONE',  ( 30.59999999999999787, 18.79999999999789750, -5.999999999999992006 ) ) ;
#8595 = VERTEX_POINT ( 'NONE', #3193 ) ;
#8596 = ADVANCED_FACE ( 'NONE', ( #5216 ), #2454, .T. ) ;
#8597 = CARTESIAN_POINT ( 'NONE',  ( 28.90582648974819691, 8.911989682365499377, -0.2358567776427327733 ) ) ;
#8598 = ORIENTED_EDGE ( 'NONE', *, *, #6277, .T. ) ;
#8599 = VECTOR ( 'NONE', #5628, 1000.000000000000000 ) ;
#8600 = DIRECTION ( 'NONE',  ( -1.000000000000000000, -6.162975822039154730E-33, -1.224646799147350249E-16 ) ) ;
#8601 = EDGE_CURVE ( 'NONE', #6809, #127, #3929, .T. ) ;
#8602 =( GEOMETRIC_REPRESENTATION_CONTEXT ( 3 ) GLOBAL_UNCERTAINTY_ASSIGNED_CONTEXT ( ( #2193 ) ) GLOBAL_UNIT_ASSIGNED_CONTEXT ( ( #4305, #7933, #4454 ) ) REPRESENTATION_CONTEXT ( 'NONE', 'WORKASPACE' ) );
#8603 = CARTESIAN_POINT ( 'NONE',  ( -28.43785354715100411, 12.42666406871190077, -3.941421356237300611 ) ) ;
#8604 = CARTESIAN_POINT ( 'NONE',  ( 29.12499999999999645, -0.4999999999999996669, 1.509999999999660947 ) ) ;
#8605 = VECTOR ( 'NONE', #7263, 1000.000000000000114 ) ;
#8606 = UNCERTAINTY_MEASURE_WITH_UNIT (LENGTH_MEASURE( 1.000000000000000082E-05 ), #2129, 'distance_accuracy_value', 'NONE');
#8607 = EDGE_CURVE ( 'NONE', #5371, #7043, #3148, .T. ) ;
#8608 = AXIS2_PLACEMENT_3D ( 'NONE', #5539, #1293, #6909 ) ;
#8609 = EDGE_CURVE ( 'NONE', #6809, #2803, #5385, .T. ) ;
#8610 = ORIENTED_EDGE ( 'NONE', *, *, #648, .F. ) ;
#8611 = CARTESIAN_POINT ( 'NONE',  ( 28.78999999999999559, 13.10000000000000142, -5.999999999999993783 ) ) ;
#8612 = DIRECTION ( 'NONE',  ( -6.162975822039150624E-33, 1.000000000000000000, -2.220446049250313574E-16 ) ) ;
#8613 = ORIENTED_EDGE ( 'NONE', *, *, #7391, .T. ) ;
#8614 = VECTOR ( 'NONE', #3135, 1000.000000000000000 ) ;
#8615 = CARTESIAN_POINT ( 'NONE',  ( 26.99999999999999645, 9.717157287525500564, 2.517157287525060294 ) ) ;
#8616 = CARTESIAN_POINT ( 'NONE',  ( 28.97234350026134919, 10.73674594545685679, -0.4314231999306346599 ) ) ;
#8617 = LINE ( 'NONE', #1088, #2440 ) ;
#8618 = EDGE_CURVE ( 'NONE', #6734, #7569, #7961, .T. ) ;
#8619 = DIRECTION ( 'NONE',  ( 6.162975822039150624E-33, -1.000000000000000000, 2.220446049250313574E-16 ) ) ;
#8620 = AXIS2_PLACEMENT_3D ( 'NONE', #215, #8782, #2346 ) ;
#8621 = CARTESIAN_POINT ( 'NONE',  ( 28.18484006326339752, 8.049116928532395765E-16, -0.4999999999999900080 ) ) ;
#8622 = ORIENTED_EDGE ( 'NONE', *, *, #2262, .T. ) ;
#8623 = ORIENTED_EDGE ( 'NONE', *, *, #5887, .F. ) ;
#8624 = DIRECTION ( 'NONE',  ( -1.000000000000000000, -6.162975822039154730E-33, -2.465190328815661892E-32 ) ) ;
#8625 = DIRECTION ( 'NONE',  ( 0.06174578541844907148, -0.7057575568079519357, -0.7057575568079518247 ) ) ;
#8626 = CARTESIAN_POINT ( 'NONE',  ( 27.80000000000000426, 10.89721792224629660, 1.902782077753148116 ) ) ;
#8627 = VECTOR ( 'NONE', #460, 1000.000000000000000 ) ;
#8628 = VERTEX_POINT ( 'NONE', #4378 ) ;
#8629 = ORIENTED_EDGE ( 'NONE', *, *, #4071, .T. ) ;
#8630 = CARTESIAN_POINT ( 'NONE',  ( -28.00000000000001066, 8.821320343559701627, -0.4999999999999987232 ) ) ;
#8631 = DIRECTION ( 'NONE',  ( 1.000000000000000000, 6.162975822039154730E-33, 2.465190328815661345E-32 ) ) ;
#8632 = VECTOR ( 'NONE', #8640, 1000.000000000000114 ) ;
#8633 = VECTOR ( 'NONE', #8246, 1000.000000000000000 ) ;
#8634 = DIRECTION ( 'NONE',  ( -1.000000000000000000, 6.162975822039154730E-33, 2.465190328815661892E-32 ) ) ;
#8635 = VERTEX_POINT ( 'NONE', #7862 ) ;
#8636 = CARTESIAN_POINT ( 'NONE',  ( -29.25000000000001066, 11.50000000000000000, -6.000000000000000888 ) ) ;
#8637 = CARTESIAN_POINT ( 'NONE',  ( -30.75000000000000000, 1.272624325729198036, -3.774095203657398034 ) ) ;
#8638 = DIRECTION ( 'NONE',  ( 1.000000000000000000, 3.364689427464710265E-16, -1.224646799147350989E-16 ) ) ;
#8639 = VECTOR ( 'NONE', #4266, 1000.000000000000000 ) ;
#8640 = DIRECTION ( 'NONE',  ( -3.610187651973906322E-33, -0.7071067811864790720, 0.7071067811866160735 ) ) ;
#8641 = AXIS2_PLACEMENT_3D ( 'NONE', #3790, #2505, #7279 ) ;
#8642 = CARTESIAN_POINT ( 'NONE',  ( 30.08491261942289441, 8.907495253651299905, -0.2459554713672515991 ) ) ;
#8643 = ORIENTED_EDGE ( 'NONE', *, *, #4478, .F. ) ;
#8644 = CARTESIAN_POINT ( 'NONE',  ( 26.82843122685039816, 8.826012422144900782, -0.4813860480453510116 ) ) ;
#8645 = CARTESIAN_POINT ( 'NONE',  ( -28.37499999999999645, -2.900000000000399591, 1.509999999999661391 ) ) ;
#8646 = CARTESIAN_POINT ( 'NONE',  ( -28.37499999999999645, 2.299999999998401545, 2.399999999999840039 ) ) ;
#8647 = AXIS2_PLACEMENT_3D ( 'NONE', #2049, #837, #659 ) ;
#8648 = ORIENTED_EDGE ( 'NONE', *, *, #4181, .T. ) ;
#8649 = DIRECTION ( 'NONE',  ( -1.000000000000000000, -3.364689427464770415E-16, -1.224646799147349509E-16 ) ) ;
#8650 = CARTESIAN_POINT ( 'NONE',  ( -28.95000000000000284, 8.976854444284400714, 3.823145555715338428 ) ) ;
#8651 = FACE_OUTER_BOUND ( 'NONE', #319, .T. ) ;
#8652 = ORIENTED_EDGE ( 'NONE', *, *, #2519, .T. ) ;
#8653 = CARTESIAN_POINT ( 'NONE',  ( 27.03880928797548577, 10.67196917591599004, -0.5028190845386484309 ) ) ;
#8654 = DIRECTION ( 'NONE',  ( -1.000000000000000000, -6.162975822039154730E-33, -2.465190328815661892E-32 ) ) ;
#8655 = ORIENTED_EDGE ( 'NONE', *, *, #4544, .T. ) ;
#8656 = VECTOR ( 'NONE', #8972, 1000.000000000000000 ) ;
#8657 = AXIS2_PLACEMENT_3D ( 'NONE', #7359, #4412, #3872 ) ;
#8658 = CARTESIAN_POINT ( 'NONE',  ( -27.05000000000000426, 14.55735931288179863, -6.000000000000001776 ) ) ;
#8659 = CARTESIAN_POINT ( 'NONE',  ( 27.63756282664370190, 8.936349306299302242, -0.1839662671397432891 ) ) ;
#8660 = ADVANCED_FACE ( 'NONE', ( #7814 ), #2312, .T. ) ;
#8661 = EDGE_CURVE ( 'NONE', #7569, #5101, #736, .T. ) ;
#8662 = ORIENTED_EDGE ( 'NONE', *, *, #5209, .F. ) ;
#8663 = CARTESIAN_POINT ( 'NONE',  ( -27.05000000000000426, 6.619174842030999706, 1.060820357969163519 ) ) ;
#8664 = CARTESIAN_POINT ( 'NONE',  ( -28.34982367735789666, 7.400624110387730603, 2.321944453947183185 ) ) ;
#8665 = CARTESIAN_POINT ( 'NONE',  ( 29.50000000000000000, 6.992820323027439500, 0.7999999999996511013 ) ) ;
#8666 = ORIENTED_EDGE ( 'NONE', *, *, #3303, .T. ) ;
#8667 = ORIENTED_EDGE ( 'NONE', *, *, #198, .T. ) ;
#8668 = PLANE ( 'NONE',  #1694 ) ;
#8669 = EDGE_CURVE ( 'NONE', #1239, #8772, #4436, .T. ) ;
#8670 = LINE ( 'NONE', #5970, #8038 ) ;
#8671 = ORIENTED_EDGE ( 'NONE', *, *, #6824, .T. ) ;
#8672 = ORIENTED_EDGE ( 'NONE', *, *, #4552, .T. ) ;
#8673 = CARTESIAN_POINT ( 'NONE',  ( -30.75000000000000000, 2.223807899774399299, -3.826794156801795133 ) ) ;
#8674 = DIRECTION ( 'NONE',  ( 0.000000000000000000, 0.000000000000000000, 1.000000000000000000 ) ) ;
#8675 = SURFACE_STYLE_USAGE ( .BOTH. , #3780 ) ;
#8676 = EDGE_CURVE ( 'NONE', #1196, #7049, #2264, .T. ) ;
#8677 = ORIENTED_EDGE ( 'NONE', *, *, #594, .F. ) ;
#8678 = ORIENTED_EDGE ( 'NONE', *, *, #8815, .T. ) ;
#8679 = FACE_OUTER_BOUND ( 'NONE', #5123, .T. ) ;
#8680 = ORIENTED_EDGE ( 'NONE', *, *, #3304, .T. ) ;
#8681 = LINE ( 'NONE', #5263, #4562 ) ;
#8682 = DIRECTION ( 'NONE',  ( 0.000000000000000000, 0.7071067811865470176, 0.7071067811865479058 ) ) ;
#8683 = CARTESIAN_POINT ( 'NONE',  ( -28.40302510920179913, 12.32541675069510134, -3.995923573500100190 ) ) ;
#8684 = CARTESIAN_POINT ( 'NONE',  ( 30.06574974231029884, 8.898916855692700523, -0.2657891617614625002 ) ) ;
#8685 = EDGE_LOOP ( 'NONE', ( #6120, #6065, #8113, #4932 ) ) ;
#8686 = CARTESIAN_POINT ( 'NONE',  ( 26.97111658517069444, 8.821416308584499433, -0.4996088759915712774 ) ) ;
#8687 = CARTESIAN_POINT ( 'NONE',  ( 27.17999999999999616, 7.999999999999497291, -0.4999999999999917843 ) ) ;
#8688 = PLANE ( 'NONE',  #2184 ) ;
#8689 =( BOUNDED_CURVE ( )  B_SPLINE_CURVE ( 3, ( #2406, #5257, #7999, #8711 ),
 .UNSPECIFIED., .F., .T. ) 
 B_SPLINE_CURVE_WITH_KNOTS ( ( 4, 4 ),
 ( 3.141592653589793116, 3.715422812395915653 ),
 .UNSPECIFIED. ) 
 CURVE ( )  GEOMETRIC_REPRESENTATION_ITEM ( )  RATIONAL_B_SPLINE_CURVE ( ( 1.000000000000000000, 0.9727476362330274018, 0.9727476362330274018, 1.000000000000000000 ) ) 
 REPRESENTATION_ITEM ( '' )  );
#8690 = CARTESIAN_POINT ( 'NONE',  ( -27.20658697645479762, 9.195486711043500350, 0.1952019328198533743 ) ) ;
#8691 = ORIENTED_EDGE ( 'NONE', *, *, #4760, .T. ) ;
#8692 = VERTEX_POINT ( 'NONE', #7185 ) ;
#8693 = CARTESIAN_POINT ( 'NONE',  ( 27.66802787918529205, 8.959014901771897854, -0.1403540384552290909 ) ) ;
#8694 = DIRECTION ( 'NONE',  ( -2.449293598294709866E-16, -8.957850525376296048E-49, 1.000000000000000000 ) ) ;
#8695 = UNCERTAINTY_MEASURE_WITH_UNIT (LENGTH_MEASURE( 1.000000000000000082E-05 ), #6752, 'distance_accuracy_value', 'NONE');
#8696 = VECTOR ( 'NONE', #2805, 1000.000000000000000 ) ;
#8697 = ORIENTED_EDGE ( 'NONE', *, *, #6282, .F. ) ;
#8698 = ORIENTED_EDGE ( 'NONE', *, *, #525, .F. ) ;
#8699 = ORIENTED_EDGE ( 'NONE', *, *, #7507, .F. ) ;
#8700 = EDGE_CURVE ( 'NONE', #3070, #4993, #2844, .T. ) ;
#8701 = CARTESIAN_POINT ( 'NONE',  ( -27.63000000000000256, 13.00438885936489797, -3.363696565584401554 ) ) ;
#8702 = VECTOR ( 'NONE', #6662, 1000.000000000000000 ) ;
#8703 = EDGE_CURVE ( 'NONE', #1434, #2540, #6320, .T. ) ;
#8704 = ORIENTED_EDGE ( 'NONE', *, *, #428, .T. ) ;
#8705 = ORIENTED_EDGE ( 'NONE', *, *, #3876, .F. ) ;
#8706 = CARTESIAN_POINT ( 'NONE',  ( -27.81999999999999673, 13.10000000000000142, -3.268085424949201290 ) ) ;
#8707 = VECTOR ( 'NONE', #8355, 1000.000000000000000 ) ;
#8708 = ORIENTED_EDGE ( 'NONE', *, *, #6343, .F. ) ;
#8709 = ORIENTED_EDGE ( 'NONE', *, *, #8984, .T. ) ;
#8710 = ADVANCED_FACE ( 'NONE', ( #232 ), #6457, .T. ) ;
#8711 = CARTESIAN_POINT ( 'NONE',  ( 26.18572095441609804, 8.481544069577299894, -0.4999999999999917843 ) ) ;
#8712 = CARTESIAN_POINT ( 'NONE',  ( -30.75000000000000000, 0.9831053856220991483, -5.158282028992294599 ) ) ;
#8713 =( LENGTH_UNIT ( ) NAMED_UNIT ( * ) SI_UNIT ( .MILLI., .METRE. ) );
#8714 = ADVANCED_FACE ( 'NONE', ( #152 ), #5073, .T. ) ;
#8715 = EDGE_CURVE ( 'NONE', #1453, #4732, #1903, .T. ) ;
#8716 = VECTOR ( 'NONE', #4158, 1000.000000000000000 ) ;
#8717 = ADVANCED_FACE ( 'NONE', ( #2171 ), #8787, .T. ) ;
#8718 = VERTEX_POINT ( 'NONE', #8736 ) ;
#8719 = DIRECTION ( 'NONE',  ( 0.000000000000000000, 0.000000000000000000, 1.000000000000000000 ) ) ;
#8720 = CARTESIAN_POINT ( 'NONE',  ( -28.79999999999770210, 11.09999999999999787, 0.3000000000000033751 ) ) ;
#8721 = LINE ( 'NONE', #2968, #3255 ) ;
#8722 = VECTOR ( 'NONE', #9021, 1000.000000000000114 ) ;
#8723 = CARTESIAN_POINT ( 'NONE',  ( 30.25272768192940021, 9.063707895694099292, 0.02881219719121953793 ) ) ;
#8724 = EDGE_LOOP ( 'NONE', ( #2435, #2760, #107, #2396 ) ) ;
#8725 = CARTESIAN_POINT ( 'NONE',  ( 28.54999999999999361, 7.225050937922400607, 1.666696453860487814 ) ) ;
#8726 = DIRECTION ( 'NONE',  ( -1.000000000000000000, -6.162975822039154730E-33, -2.465190328815661892E-32 ) ) ;
#8727 = ADVANCED_FACE ( 'NONE', ( #1131 ), #1828, .T. ) ;
#8728 = CARTESIAN_POINT ( 'NONE',  ( -27.91353604562830881, 8.822479418890399216, -0.4953137648716996466 ) ) ;
#8729 = ORIENTED_EDGE ( 'NONE', *, *, #5334, .T. ) ;
#8730 = SURFACE_STYLE_FILL_AREA ( #987 ) ;
#8731 = ORIENTED_EDGE ( 'NONE', *, *, #2847, .T. ) ;
#8732 = CARTESIAN_POINT ( 'NONE',  ( 27.56574974231029529, 8.898916855692700523, -0.2657891617614625002 ) ) ;
#8733 = LINE ( 'NONE', #6705, #1381 ) ;
#8734 = PLANE ( 'NONE',  #3089 ) ;
#8735 = ORIENTED_EDGE ( 'NONE', *, *, #80, .F. ) ;
#8736 = CARTESIAN_POINT ( 'NONE',  ( 25.75000000000115463, 11.49999999999998934, 0.3318308546125091074 ) ) ;
#8737 = DIRECTION ( 'NONE',  ( -1.000000000000000000, -6.162975822039154730E-33, -2.465190328815661892E-32 ) ) ;
#8738 = ORIENTED_EDGE ( 'NONE', *, *, #7173, .T. ) ;
#8739 = AXIS2_PLACEMENT_3D ( 'NONE', #8100, #3426, #9026 ) ;
#8740 = CARTESIAN_POINT ( 'NONE',  ( 26.52527221965560145, 12.09347363370460293, -3.857048715740791334 ) ) ;
#8741 = AXIS2_PLACEMENT_3D ( 'NONE', #8493, #2219, #868 ) ;
#8742 = ORIENTED_EDGE ( 'NONE', *, *, #1356, .F. ) ;
#8743 = VECTOR ( 'NONE', #5652, 1000.000000000000000 ) ;
#8744 = ORIENTED_EDGE ( 'NONE', *, *, #2673, .T. ) ;
#8745 = DIRECTION ( 'NONE',  ( -1.000000000000000000, 6.162975822039154730E-33, 2.465190328815661345E-32 ) ) ;
#8746 = CARTESIAN_POINT ( 'NONE',  ( -28.50337055455459634, 8.876428779011801495, -0.3219454768149578872 ) ) ;
#8747 = ORIENTED_EDGE ( 'NONE', *, *, #6568, .T. ) ;
#8748 = ADVANCED_FACE ( 'NONE', ( #5343 ), #3130, .T. ) ;
#8749 = CIRCLE ( 'NONE', #2768, 0.5000000000000000000 ) ;
#8750 = ORIENTED_EDGE ( 'NONE', *, *, #6061, .F. ) ;
#8751 = CYLINDRICAL_SURFACE ( 'NONE', #3504, 0.2000000000000000944 ) ;
#8752 = CYLINDRICAL_SURFACE ( 'NONE', #1234, 0.5000000000000000000 ) ;
#8753 = DIRECTION ( 'NONE',  ( -1.000000000000000000, -6.162975822039154730E-33, -2.465190328815661892E-32 ) ) ;
#8754 = SURFACE_STYLE_FILL_AREA ( #1194 ) ;
#8755 = AXIS2_PLACEMENT_3D ( 'NONE', #6850, #8130, #8256 ) ;
#8756 = EDGE_CURVE ( 'NONE', #5618, #2441, #7394, .T. ) ;
#8757 = CARTESIAN_POINT ( 'NONE',  ( -31.32000000000000028, 4.100000000000399325, -5.999999999999999112 ) ) ;
#8758 = ORIENTED_EDGE ( 'NONE', *, *, #7495, .T. ) ;
#8759 = DIRECTION ( 'NONE',  ( 1.000000000000000000, 6.162975822039154730E-33, 2.465190328815661892E-32 ) ) ;
#8760 = DIRECTION ( 'NONE',  ( 1.000000000000000000, 6.162975822039154730E-33, 2.449293598294709866E-16 ) ) ;
#8761 = PLANE ( 'NONE',  #8739 ) ;
#8762 = DIRECTION ( 'NONE',  ( -2.465190328815661618E-32, 2.220446049250313574E-16, 1.000000000000000000 ) ) ;
#8763 = ADVANCED_FACE ( 'NONE', ( #2434 ), #3950, .F. ) ;
#8764 = CARTESIAN_POINT ( 'NONE',  ( 30.25659650966789727, 9.071773227855100430, 0.04007362281142033689 ) ) ;
#8765 = ORIENTED_EDGE ( 'NONE', *, *, #925, .T. ) ;
#8766 = CARTESIAN_POINT ( 'NONE',  ( 26.56542885562129896, 8.858593335528498258, -0.3718254155900216906 ) ) ;
#8767 = DIRECTION ( 'NONE',  ( 3.172845517115359508E-31, 0.2588190451025210170, 0.9659258262890682012 ) ) ;
#8768 = VECTOR ( 'NONE', #7098, 1000.000000000000000 ) ;
#8769 = CARTESIAN_POINT ( 'NONE',  ( 29.86999999999999389, -8.550409999999999400, 7.200002400000009573 ) ) ;
#8770 = ADVANCED_FACE ( 'NONE', ( #402 ), #6758, .T. ) ;
#8771 =( GEOMETRIC_REPRESENTATION_CONTEXT ( 3 ) GLOBAL_UNCERTAINTY_ASSIGNED_CONTEXT ( ( #1649 ) ) GLOBAL_UNIT_ASSIGNED_CONTEXT ( ( #3562, #3008, #8581 ) ) REPRESENTATION_CONTEXT ( 'NONE', 'WORKASPACE' ) );
#8772 = VERTEX_POINT ( 'NONE', #452 ) ;
#8773 = CARTESIAN_POINT ( 'NONE',  ( 28.24999999999999645, 9.443391120976400543, -3.499999999999991118 ) ) ;
#8774 = AXIS2_PLACEMENT_3D ( 'NONE', #4927, #4226, #7127 ) ;
#8775 = CARTESIAN_POINT ( 'NONE',  ( -27.50768978205429960, 8.873144392711099115, -0.3307384549113504546 ) ) ;
#8776 = CARTESIAN_POINT ( 'NONE',  ( 30.30000000000000071, 11.09999999999999787, 0.3000000000000103140 ) ) ;
#8777 = EDGE_CURVE ( 'NONE', #3066, #6809, #4559, .T. ) ;
#8778 = VECTOR ( 'NONE', #5325, 1000.000000000000000 ) ;
#8779 = EDGE_LOOP ( 'NONE', ( #2998, #8652, #6030, #2470 ) ) ;
#8780 = DIRECTION ( 'NONE',  ( -6.162975822039150624E-33, -1.000000000000000000, 2.220446049250313574E-16 ) ) ;
#8781 = VERTEX_POINT ( 'NONE', #6666 ) ;
#8782 = DIRECTION ( 'NONE',  ( 3.647563707725548394E-33, 0.9252807390362649542, -0.3792829471100741534 ) ) ;
#8783 = CIRCLE ( 'NONE', #5583, 0.2000000000000000944 ) ;
#8784 = ORIENTED_EDGE ( 'NONE', *, *, #3735, .F. ) ;
#8785 = CARTESIAN_POINT ( 'NONE',  ( -31.32000000000000028, 9.100000000000399325, -6.000000000000000000 ) ) ;
#8786 = VECTOR ( 'NONE', #1810, 999.9999999999998863 ) ;
#8787 = PLANE ( 'NONE',  #2935 ) ;
#8788 = DIRECTION ( 'NONE',  ( -6.162975822039150624E-33, 1.000000000000000000, -2.220446049250313574E-16 ) ) ;
#8789 = VERTEX_POINT ( 'NONE', #3172 ) ;
#8790 = DIRECTION ( 'NONE',  ( 0.000000000000000000, -2.220446049250313574E-16, -1.000000000000000000 ) ) ;
#8791 = FACE_OUTER_BOUND ( 'NONE', #7902, .T. ) ;
#8792 = DIRECTION ( 'NONE',  ( -2.102964564689860617E-32, -1.000000000000000000, 2.220446049250313574E-16 ) ) ;
#8793 = EDGE_LOOP ( 'NONE', ( #5828, #1973, #6346, #8809, #1404 ) ) ;
#8794 = VERTEX_POINT ( 'NONE', #349 ) ;
#8795 = DIRECTION ( 'NONE',  ( 0.000000000000000000, -0.7071067811865475727, 0.7071067811865475727 ) ) ;
#8796 = CARTESIAN_POINT ( 'NONE',  ( -28.78196798964190251, 9.139839182139899876, 0.1295531490787798501 ) ) ;
#8797 = CARTESIAN_POINT ( 'NONE',  ( -30.64999999999999503, 3.289204187422301029, -5.499999999999999112 ) ) ;
#8798 = EDGE_LOOP ( 'NONE', ( #1797, #3921, #8354, #3495 ) ) ;
#8799 = ORIENTED_EDGE ( 'NONE', *, *, #5942, .F. ) ;
#8800 = VECTOR ( 'NONE', #627, 1000.000000000000000 ) ;
#8801 = CARTESIAN_POINT ( 'NONE',  ( 25.74999999999999645, 12.28524271247460220, -3.799999999999994493 ) ) ;
#8802 =( BOUNDED_CURVE ( )  B_SPLINE_CURVE ( 3, ( #4593, #6657, #3761, #4635 ),
 .UNSPECIFIED., .F., .T. ) 
 B_SPLINE_CURVE_WITH_KNOTS ( ( 4, 4 ),
 ( 4.712388980384689674, 5.639684198385005232 ),
 .UNSPECIFIED. ) 
 CURVE ( )  GEOMETRIC_REPRESENTATION_ITEM ( )  RATIONAL_B_SPLINE_CURVE ( ( 1.000000000000000000, 0.9296181273334704898, 0.9296181273334704898, 1.000000000000000000 ) ) 
 REPRESENTATION_ITEM ( '' )  );
#8803 = ORIENTED_EDGE ( 'NONE', *, *, #3291, .F. ) ;
#8804 = CARTESIAN_POINT ( 'NONE',  ( 30.75000000000000000, 9.689337846835098134, -2.899999999999987477 ) ) ;
#8805 = FACE_OUTER_BOUND ( 'NONE', #8243, .T. ) ;
#8806 = CARTESIAN_POINT ( 'NONE',  ( 26.57866698392899352, 12.39199002314739850, -3.969251701900593066 ) ) ;
#8807 = DIRECTION ( 'NONE',  ( 1.307364598815785821E-32, 0.7071067811865480168, -0.7071067811865471286 ) ) ;
#8808 = DIRECTION ( 'NONE',  ( -2.102964564689860617E-32, -1.000000000000000000, 2.220446049250313574E-16 ) ) ;
#8809 = ORIENTED_EDGE ( 'NONE', *, *, #6225, .T. ) ;
#8810 = ORIENTED_EDGE ( 'NONE', *, *, #5334, .F. ) ;
#8811 = CARTESIAN_POINT ( 'NONE',  ( 26.66516562446219396, 8.841236368605498441, -0.4265575964492815952 ) ) ;
#8812 = CARTESIAN_POINT ( 'NONE',  ( 27.80600310657639795, 8.489055053478896440, -0.4999999999999917843 ) ) ;
#8813 = EDGE_CURVE ( 'NONE', #1124, #5526, #8471, .T. ) ;
#8814 = FACE_OUTER_BOUND ( 'NONE', #3195, .T. ) ;
#8815 = EDGE_CURVE ( 'NONE', #946, #3095, #7843, .T. ) ;
#8816 = ORIENTED_EDGE ( 'NONE', *, *, #910, .F. ) ;
#8817 = CARTESIAN_POINT ( 'NONE',  ( -27.74526673221129514, 8.832146868583297561, -0.4583607072374280000 ) ) ;
#8818 = EDGE_LOOP ( 'NONE', ( #5500, #2432, #3096, #5455 ) ) ;
#8819 = CARTESIAN_POINT ( 'NONE',  ( 26.99999999999999645, 8.776040512034798624, 4.023959487965408144 ) ) ;
#8820 = ORIENTED_EDGE ( 'NONE', *, *, #643, .T. ) ;
#8821 = LINE ( 'NONE', #7847, #4687 ) ;
#8822 = EDGE_CURVE ( 'NONE', #350, #8932, #7799, .T. ) ;
#8823 = FILL_AREA_STYLE_COLOUR ( '', #8181 ) ;
#8824 = CARTESIAN_POINT ( 'NONE',  ( -28.46757917200884336, 12.48057591184031168, -3.887509513108991843 ) ) ;
#8825 = EDGE_CURVE ( 'NONE', #120, #3831, #6435, .T. ) ;
#8826 = EDGE_CURVE ( 'NONE', #7330, #7621, #6523, .T. ) ;
#8827 = VERTEX_POINT ( 'NONE', #83 ) ;
#8828 = ADVANCED_FACE ( 'NONE', ( #2887 ), #947, .T. ) ;
#8829 = FACE_OUTER_BOUND ( 'NONE', #4236, .T. ) ;
#8830 = CARTESIAN_POINT ( 'NONE',  ( -23.69873937576739920, 11.50000000000000000, 0.7274468252821720826 ) ) ;
#8831 = EDGE_LOOP ( 'NONE', ( #1463, #2467, #2745, #8559, #7955, #6043 ) ) ;
#8832 = DIRECTION ( 'NONE',  ( -2.102964564689860617E-32, -1.000000000000000000, 2.220446049250313574E-16 ) ) ;
#8833 = CARTESIAN_POINT ( 'NONE',  ( -26.75000000000001066, 11.50000000000000000, -2.899999999999998135 ) ) ;
#8834 = CARTESIAN_POINT ( 'NONE',  ( 26.54034146781610204, 12.11020634343829983, -3.896758821379495696 ) ) ;
#8835 = ORIENTED_EDGE ( 'NONE', *, *, #5771, .F. ) ;
#8836 = ORIENTED_EDGE ( 'NONE', *, *, #6397, .T. ) ;
#8837 = CARTESIAN_POINT ( 'NONE',  ( -28.33483437553789486, 8.841236368605498441, -0.4265575964492399619 ) ) ;
#8838 = DIRECTION ( 'NONE',  ( -5.801957056841933239E-32, 0.7071067811866160735, 0.7071067811864790720 ) ) ;
#8839 = ORIENTED_EDGE ( 'NONE', *, *, #8013, .T. ) ;
#8840 = CARTESIAN_POINT ( 'NONE',  ( -28.00000000000001066, 8.821320343559701627, -0.4999999999999987232 ) ) ;
#8841 = ORIENTED_EDGE ( 'NONE', *, *, #7108, .F. ) ;
#8842 =( LENGTH_UNIT ( ) NAMED_UNIT ( * ) SI_UNIT ( .MILLI., .METRE. ) );
#8843 = AXIS2_PLACEMENT_3D ( 'NONE', #1533, #7979, #8556 ) ;
#8844 = ORIENTED_EDGE ( 'NONE', *, *, #2449, .F. ) ;
#8845 = FACE_OUTER_BOUND ( 'NONE', #3724, .T. ) ;
#8846 = CARTESIAN_POINT ( 'NONE',  ( 27.52765649973864370, 10.73674594545685679, -0.4314231999306349374 ) ) ;
#8847 = CARTESIAN_POINT ( 'NONE',  ( 26.58083271125140357, 12.38648440817640228, -3.972603141483194822 ) ) ;
#8848 = CARTESIAN_POINT ( 'NONE',  ( -25.31999999999999673, 9.197444395117798877, -4.099999999999994316 ) ) ;
#8849 = ORIENTED_EDGE ( 'NONE', *, *, #2526, .F. ) ;
#8850 = ORIENTED_EDGE ( 'NONE', *, *, #6267, .T. ) ;
#8851 = LINE ( 'NONE', #6138, #1617 ) ;
#8852 = CARTESIAN_POINT ( 'NONE',  ( 26.46455888031590220, 8.887070465783700968, -0.2945565400524329802 ) ) ;
#8853 = DIRECTION ( 'NONE',  ( -1.000000000000000000, -6.162975822039154730E-33, -2.465190328815661892E-32 ) ) ;
#8854 =( BOUNDED_CURVE ( )  B_SPLINE_CURVE ( 3, ( #8395, #2028, #2810, #7712 ),
 .UNSPECIFIED., .F., .T. ) 
 B_SPLINE_CURVE_WITH_KNOTS ( ( 4, 4 ),
 ( 6.138161162879808508, 6.428209451479346193 ),
 .UNSPECIFIED. ) 
 CURVE ( )  GEOMETRIC_REPRESENTATION_ITEM ( )  RATIONAL_B_SPLINE_CURVE ( ( 1.000000000000000000, 0.9930016112769619596, 0.9930016112769619596, 1.000000000000000000 ) ) 
 REPRESENTATION_ITEM ( '' )  );
#8855 = VECTOR ( 'NONE', #6266, 1000.000000000000000 ) ;
#8856 = DIRECTION ( 'NONE',  ( 3.610187651973074301E-33, 0.7071067811865470176, 0.7071067811865479058 ) ) ;
#8857 = EDGE_LOOP ( 'NONE', ( #6210, #1513, #5484, #2548, #7505, #2421 ) ) ;
#8858 = CARTESIAN_POINT ( 'NONE',  ( -27.49662944544599341, 8.876428779011600767, -0.3219454768154956237 ) ) ;
#8859 = VECTOR ( 'NONE', #6805, 1000.000000000000000 ) ;
#8860 = CARTESIAN_POINT ( 'NONE',  ( -27.50000000000001066, 8.418613096565399800, -6.000000000000000000 ) ) ;
#8861 = EDGE_LOOP ( 'NONE', ( #97, #2592, #2455, #1737, #2528, #8994, #3182 ) ) ;
#8862 = DIRECTION ( 'NONE',  ( -1.000000000000000000, -6.162975822039154730E-33, -2.465190328815661345E-32 ) ) ;
#8863 = ORIENTED_EDGE ( 'NONE', *, *, #4027, .T. ) ;
#8864 = EDGE_CURVE ( 'NONE', #4812, #5787, #5827, .T. ) ;
#8865 = DIRECTION ( 'NONE',  ( -2.465190328815661345E-32, 6.137086701989279675E-49, 1.000000000000000000 ) ) ;
#8866 = CARTESIAN_POINT ( 'NONE',  ( 27.95000000000000284, 11.02314555571559929, 1.776854444283810786 ) ) ;
#8867 = AXIS2_PLACEMENT_3D ( 'NONE', #4962, #7168, #7023 ) ;
#8868 =( NAMED_UNIT ( * ) PLANE_ANGLE_UNIT ( ) SI_UNIT ( $, .RADIAN. ) );
#8869 = EDGE_CURVE ( 'NONE', #4547, #7649, #6576, .T. ) ;
#8870 = ORIENTED_EDGE ( 'NONE', *, *, #4403, .F. ) ;
#8871 = CARTESIAN_POINT ( 'NONE',  ( -30.75000000000000000, 3.500000000000000444, -5.289204187421997716 ) ) ;
#8872 = CARTESIAN_POINT ( 'NONE',  ( 29.11415224158760040, 8.849074499528201798, -0.4009453565461205127 ) ) ;
#8873 = ORIENTED_EDGE ( 'NONE', *, *, #3019, .F. ) ;
#8874 = EDGE_CURVE ( 'NONE', #4947, #7654, #1449, .T. ) ;
#8875 = DIRECTION ( 'NONE',  ( -1.000000000000000000, -6.162975822039154730E-33, -1.224646799147350249E-16 ) ) ;
#8876 = CARTESIAN_POINT ( 'NONE',  ( -27.99999999999999645, 0.3000000000000024869, 1.299999999999662981 ) ) ;
#8877 = FACE_OUTER_BOUND ( 'NONE', #7465, .T. ) ;
#8878 = FACE_OUTER_BOUND ( 'NONE', #8685, .T. ) ;
#8879 = ADVANCED_FACE ( 'NONE', ( #7115 ), #1584, .T. ) ;
#8880 = EDGE_CURVE ( 'NONE', #4547, #4073, #5885, .T. ) ;
#8881 = VECTOR ( 'NONE', #3711, 1000.000000000000000 ) ;
#8882 = ORIENTED_EDGE ( 'NONE', *, *, #8329, .F. ) ;
#8883 = ORIENTED_EDGE ( 'NONE', *, *, #1528, .F. ) ;
#8884 = DIRECTION ( 'NONE',  ( -1.000000000000000000, 6.162975822039154730E-33, 2.465190328815661892E-32 ) ) ;
#8885 = CARTESIAN_POINT ( 'NONE',  ( -28.69527761075581296, 8.983961659689297719, -0.09571333561268942358 ) ) ;
#8886 = FILL_AREA_STYLE ('',( #3322 ) ) ;
#8887 = ORIENTED_EDGE ( 'NONE', *, *, #5817, .F. ) ;
#8888 = CARTESIAN_POINT ( 'NONE',  ( -28.29092310515015996, 8.821320343559850841, -0.4999999999999990563 ) ) ;
#8889 = EDGE_CURVE ( 'NONE', #6965, #5194, #3493, .T. ) ;
#8890 = VERTEX_POINT ( 'NONE', #5012 ) ;
#8891 = CARTESIAN_POINT ( 'NONE',  ( 26.99999999999999645, 9.999999999999998224, 2.799999999999877254 ) ) ;
#8892 = AXIS2_PLACEMENT_3D ( 'NONE', #2260, #7673, #5622 ) ;
#8893 = SHAPE_DEFINITION_REPRESENTATION ( #6687, #7585 ) ;
#8894 = MECHANICAL_DESIGN_GEOMETRIC_PRESENTATION_REPRESENTATION (  '', ( #1283 ), #8602 ) ;
#8895 = ORIENTED_EDGE ( 'NONE', *, *, #6745, .F. ) ;
#8896 = DIRECTION ( 'NONE',  ( 2.465190328815661892E-32, -6.137086701989279675E-49, -1.000000000000000000 ) ) ;
#8897 = CARTESIAN_POINT ( 'NONE',  ( 28.35000000000000142, 8.719111102545099357, -3.499999999999991118 ) ) ;
#8898 = FACE_OUTER_BOUND ( 'NONE', #4095, .T. ) ;
#8899 = AXIS2_PLACEMENT_3D ( 'NONE', #8712, #372, #2451 ) ;
#8900 = LINE ( 'NONE', #472, #4119 ) ;
#8901 = LINE ( 'NONE', #4670, #7110 ) ;
#8902 = ORIENTED_EDGE ( 'NONE', *, *, #2884, .F. ) ;
#8903 = VERTEX_POINT ( 'NONE', #5735 ) ;
#8904 = VECTOR ( 'NONE', #1220, 1000.000000000000000 ) ;
#8905 = DIRECTION ( 'NONE',  ( 6.162975822039150624E-33, 1.000000000000000000, -2.220446049250313574E-16 ) ) ;
#8906 = DIRECTION ( 'NONE',  ( -6.162975822039150624E-33, 1.000000000000000000, -2.220446049250313574E-16 ) ) ;
#8907 = VECTOR ( 'NONE', #7126, 1000.000000000000114 ) ;
#8908 =( BOUNDED_CURVE ( )  B_SPLINE_CURVE ( 3, ( #5037, #2973, #695, #5766 ),
 .UNSPECIFIED., .F., .T. ) 
 B_SPLINE_CURVE_WITH_KNOTS ( ( 4, 4 ),
 ( 3.974663011931456325, 4.712388980384689674 ),
 .UNSPECIFIED. ) 
 CURVE ( )  GEOMETRIC_REPRESENTATION_ITEM ( )  RATIONAL_B_SPLINE_CURVE ( ( 1.000000000000000000, 0.9551586035392560792, 0.9551586035392560792, 1.000000000000000000 ) ) 
 REPRESENTATION_ITEM ( '' )  );
#8909 = ORIENTED_EDGE ( 'NONE', *, *, #4301, .F. ) ;
#8910 = CARTESIAN_POINT ( 'NONE',  ( -27.30472238924470929, 8.983961659688697310, -0.09571333561370944099 ) ) ;
#8911 = AXIS2_PLACEMENT_3D ( 'NONE', #500, #7570, #7526 ) ;
#8912 = LINE ( 'NONE', #6794, #4796 ) ;
#8913 = VERTEX_POINT ( 'NONE', #3035 ) ;
#8914 = CARTESIAN_POINT ( 'NONE',  ( -30.75000000000000000, 3.289204187422301029, -2.499999999999995115 ) ) ;
#8915 = CARTESIAN_POINT ( 'NONE',  ( -28.17999999999999616, -0.8445942863764986930, 1.509999999999661391 ) ) ;
#8916 = AXIS2_PLACEMENT_3D ( 'NONE', #4769, #570, #1254 ) ;
#8917 = AXIS2_PLACEMENT_3D ( 'NONE', #2743, #5554, #4204 ) ;
#8918 = VECTOR ( 'NONE', #1500, 1000.000000000000000 ) ;
#8919 = CARTESIAN_POINT ( 'NONE',  ( -27.62499999999999645, -0.4999999999999996669, -0.9999999999999900080 ) ) ;
#8920 = EDGE_LOOP ( 'NONE', ( #1665, #4276, #3137, #7969, #3164 ) ) ;
#8921 = CARTESIAN_POINT ( 'NONE',  ( 29.24526673221099315, 8.832146868583398813, -0.4583607072373239166 ) ) ;
#8922 = ORIENTED_EDGE ( 'NONE', *, *, #8700, .T. ) ;
#8923 = STYLED_ITEM ( 'NONE', ( #2631 ), #1893 ) ;
#8924 = AXIS2_PLACEMENT_3D ( 'NONE', #2868, #781, #9039 ) ;
#8925 = DIRECTION ( 'NONE',  ( 1.000000000000000000, 6.162975822039154730E-33, 2.465190328815661892E-32 ) ) ;
#8926 = CARTESIAN_POINT ( 'NONE',  ( 29.54330544477859632, 8.821609066223302875, -0.4988270391345726029 ) ) ;
#8927 = ADVANCED_FACE ( 'NONE', ( #8517 ), #7938, .F. ) ;
#8928 = CARTESIAN_POINT ( 'NONE',  ( 26.99999999999999645, 8.821320343559701627, -0.4999999999999917843 ) ) ;
#8929 = ADVANCED_FACE ( 'NONE', ( #1363 ), #7703, .F. ) ;
#8930 = VECTOR ( 'NONE', #6533, 1000.000000000000114 ) ;
#8931 = ORIENTED_EDGE ( 'NONE', *, *, #151, .F. ) ;
#8932 = VERTEX_POINT ( 'NONE', #1412 ) ;
#8933 = CARTESIAN_POINT ( 'NONE',  ( -28.26838356951620668, 8.833405360467098788, -0.4537755725749995639 ) ) ;
#8934 =( LENGTH_UNIT ( ) NAMED_UNIT ( * ) SI_UNIT ( .MILLI., .METRE. ) );
#8935 = EDGE_CURVE ( 'NONE', #3414, #173, #4964, .T. ) ;
#8936 = EDGE_LOOP ( 'NONE', ( #7520, #468, #7602, #8037, #1120 ) ) ;
#8937 = DIRECTION ( 'NONE',  ( 0.000000000000000000, 0.000000000000000000, 1.000000000000000000 ) ) ;
#8938 = DIRECTION ( 'NONE',  ( 7.321236402449588710E-32, -0.9396926207859098712, -0.3420201433256647716 ) ) ;
#8939 = DIRECTION ( 'NONE',  ( 1.307364598815785821E-32, 0.7071067811865480168, -0.7071067811865471286 ) ) ;
#8940 = ADVANCED_FACE ( 'NONE', ( #7025 ), #4271, .F. ) ;
#8941 = EDGE_CURVE ( 'NONE', #3083, #4595, #3375, .T. ) ;
#8942 = ORIENTED_EDGE ( 'NONE', *, *, #2626, .T. ) ;
#8943 = CARTESIAN_POINT ( 'NONE',  ( 25.74999999999999645, 12.28524271247460220, -3.799999999999994493 ) ) ;
#8944 = CARTESIAN_POINT ( 'NONE',  ( 29.12499999999999645, -0.4999999999999996669, -0.9999999999999904521 ) ) ;
#8945 = AXIS2_PLACEMENT_3D ( 'NONE', #4232, #683, #2259 ) ;
#8946 = CARTESIAN_POINT ( 'NONE',  ( 27.95000000000000284, 10.53798004549439860, 1.696334529555780124 ) ) ;
#8947 = EDGE_CURVE ( 'NONE', #4612, #7621, #7623, .T. ) ;
#8948 = VERTEX_POINT ( 'NONE', #4800 ) ;
#8949 = EDGE_LOOP ( 'NONE', ( #7675, #4914, #6324, #6524 ) ) ;
#8950 = CARTESIAN_POINT ( 'NONE',  ( 26.21007833725290226, 9.176758414154699395, 0.1734149822346983116 ) ) ;
#8951 = LINE ( 'NONE', #4850, #2324 ) ;
#8952 = DIRECTION ( 'NONE',  ( -5.801957056841932144E-32, 0.7071067811866160735, 0.7071067811864790720 ) ) ;
#8953 = PLANE ( 'NONE',  #4114 ) ;
#8954 = DIRECTION ( 'NONE',  ( 1.000000000000000000, 6.162975822039154730E-33, 2.465190328815661892E-32 ) ) ;
#8955 = ORIENTED_EDGE ( 'NONE', *, *, #2233, .T. ) ;
#8956 = CARTESIAN_POINT ( 'NONE',  ( -29.10000000000000142, 10.72111025509270377, 2.078889744906683656 ) ) ;
#8957 = CARTESIAN_POINT ( 'NONE',  ( -27.50000000000001066, 8.049116928532391821E-16, -4.099999999999996092 ) ) ;
#8958 = DIRECTION ( 'NONE',  ( -1.000000000000000000, -6.162975822039154730E-33, -2.465190328815661892E-32 ) ) ;
#8959 = FACE_OUTER_BOUND ( 'NONE', #927, .T. ) ;
#8960 = PLANE ( 'NONE',  #4853 ) ;
#8961 = ORIENTED_EDGE ( 'NONE', *, *, #5090, .F. ) ;
#8962 = DIRECTION ( 'NONE',  ( -1.000000000000000000, -6.162975822039154730E-33, -2.465190328815661892E-32 ) ) ;
#8963 = LINE ( 'NONE', #2747, #4788 ) ;
#8964 = ORIENTED_EDGE ( 'NONE', *, *, #6824, .F. ) ;
#8965 = CARTESIAN_POINT ( 'NONE',  ( 26.65017632264211045, 7.400624110387730603, 2.321944453947179632 ) ) ;
#8966 = CYLINDRICAL_SURFACE ( 'NONE', #5812, 0.5000000000000000000 ) ;
#8967 = CARTESIAN_POINT ( 'NONE',  ( 26.69999999999950191, 13.59999999999999787, -4.099999999999992539 ) ) ;
#8968 = CARTESIAN_POINT ( 'NONE',  ( 27.04330544477860698, 8.821609066223302875, -0.4988270391345726029 ) ) ;
#8969 = ORIENTED_EDGE ( 'NONE', *, *, #6155, .F. ) ;
#8970 = VERTEX_POINT ( 'NONE', #1281 ) ;
#8971 = CARTESIAN_POINT ( 'NONE',  ( -28.80000000000000782, 9.274131101509601294, 0.2796952570168816932 ) ) ;
#8972 = DIRECTION ( 'NONE',  ( 1.000000000000000000, -6.162975822039154730E-33, -2.465190328815661892E-32 ) ) ;
#8973 = PLANE ( 'NONE',  #9029 ) ;
#8974 = CARTESIAN_POINT ( 'NONE',  ( 29.87500000000000000, 8.049116928532395765E-16, 1.817407180272651024 ) ) ;
#8975 = ORIENTED_EDGE ( 'NONE', *, *, #1472, .T. ) ;
#8976 = CARTESIAN_POINT ( 'NONE',  ( 27.63332648821189963, 7.903781086372598352, -0.5962189136269214762 ) ) ;
#8977 = EDGE_CURVE ( 'NONE', #4880, #4812, #3455, .T. ) ;
#8978 = LINE ( 'NONE', #2714, #138 ) ;
#8979 = ORIENTED_EDGE ( 'NONE', *, *, #6105, .T. ) ;
#8980 = LINE ( 'NONE', #4845, #6884 ) ;
#8981 = LINE ( 'NONE', #512, #7775 ) ;
#8982 = CARTESIAN_POINT ( 'NONE',  ( 30.50319146181551844, 10.60749758526393904, 1.827414554324808593 ) ) ;
#8983 = LINE ( 'NONE', #2114, #7455 ) ;
#8984 = EDGE_CURVE ( 'NONE', #2641, #4080, #8978, .T. ) ;
#8985 = AXIS2_PLACEMENT_3D ( 'NONE', #1364, #134, #8390 ) ;
#8986 = CARTESIAN_POINT ( 'NONE',  ( 29.67999999999999972, -0.4999999999999996669, 1.509999999999660947 ) ) ;
#8987 = ORIENTED_EDGE ( 'NONE', *, *, #1538, .T. ) ;
#8988 = EDGE_CURVE ( 'NONE', #1548, #7065, #7050, .T. ) ;
#8989 = CARTESIAN_POINT ( 'NONE',  ( 26.45435542175209065, 8.890951735269300826, -0.2850401646284101420 ) ) ;
#8990 = EDGE_CURVE ( 'NONE', #173, #3014, #4790, .T. ) ;
#8991 = LINE ( 'NONE', #7467, #2619 ) ;
#8992 = VECTOR ( 'NONE', #515, 1000.000000000000114 ) ;
#8993 = ADVANCED_FACE ( 'NONE', ( #4050 ), #543, .T. ) ;
#8994 = ORIENTED_EDGE ( 'NONE', *, *, #6273, .F. ) ;
#8995 = CARTESIAN_POINT ( 'NONE',  ( -30.64999999999999503, 2.223807899774399299, -4.283518417387396582 ) ) ;
#8996 = CARTESIAN_POINT ( 'NONE',  ( 26.62499999999999645, 8.049116928532395765E-16, -3.770452515832391160 ) ) ;
#8997 = VECTOR ( 'NONE', #6494, 1000.000000000000000 ) ;
#8998 = CARTESIAN_POINT ( 'NONE',  ( -26.73755869501361104, 5.170765814495903001, -5.999999999999999112 ) ) ;
#8999 = VERTEX_POINT ( 'NONE', #1972 ) ;
#9000 = EDGE_CURVE ( 'NONE', #3543, #2307, #3552, .T. ) ;
#9001 = CARTESIAN_POINT ( 'NONE',  ( 26.50465731567980399, 12.59999999999999964, -3.768085424949194628 ) ) ;
#9002 = FACE_OUTER_BOUND ( 'NONE', #238, .T. ) ;
#9003 = CARTESIAN_POINT ( 'NONE',  ( 29.50000000000000000, 9.999999999999998224, 2.799999999999551292 ) ) ;
#9004 = VECTOR ( 'NONE', #3411, 1000.000000000000000 ) ;
#9005 = CARTESIAN_POINT ( 'NONE',  ( -28.15374433176300073, 12.59999999999999964, -1.299999999999999156 ) ) ;
#9006 = FACE_OUTER_BOUND ( 'NONE', #1725, .T. ) ;
#9007 = ORIENTED_EDGE ( 'NONE', *, *, #7839, .T. ) ;
#9008 = LINE ( 'NONE', #493, #8190 ) ;
#9009 = CARTESIAN_POINT ( 'NONE',  ( 29.44227252064460387, 8.821801823924001695, -0.4980452020267120972 ) ) ;
#9010 = ORIENTED_EDGE ( 'NONE', *, *, #2327, .F. ) ;
#9011 = AXIS2_PLACEMENT_3D ( 'NONE', #6572, #259, #1637 ) ;
#9012 =( NAMED_UNIT ( * ) PLANE_ANGLE_UNIT ( ) SI_UNIT ( $, .RADIAN. ) );
#9013 = DIRECTION ( 'NONE',  ( 0.000000000000000000, 0.000000000000000000, -1.000000000000000000 ) ) ;
#9014 = CARTESIAN_POINT ( 'NONE',  ( 29.74108295109249767, 8.830888375319499772, -0.4629458469277997756 ) ) ;
#9015 = AXIS2_PLACEMENT_3D ( 'NONE', #1618, #2368, #3609 ) ;
#9016 = AXIS2_PLACEMENT_3D ( 'NONE', #6953, #7727, #4069 ) ;
#9017 = EDGE_LOOP ( 'NONE', ( #8419, #7211, #7699, #3149, #8236, #2574 ) ) ;
#9018 = ORIENTED_EDGE ( 'NONE', *, *, #7783, .T. ) ;
#9019 = LINE ( 'NONE', #8344, #1612 ) ;
#9020 = VERTEX_POINT ( 'NONE', #2255 ) ;
#9021 = DIRECTION ( 'NONE',  ( -3.610187651973906322E-33, -0.7071067811864790720, 0.7071067811866160735 ) ) ;
#9022 = FACE_OUTER_BOUND ( 'NONE', #6247, .T. ) ;
#9023 = ORIENTED_EDGE ( 'NONE', *, *, #541, .F. ) ;
#9024 = CARTESIAN_POINT ( 'NONE',  ( -30.75000000000000000, 3.016894614386100848, -3.786746853471398389 ) ) ;
#9025 = DIRECTION ( 'NONE',  ( 1.224646799147350249E-16, 1.410381911693479320E-49, -1.000000000000000000 ) ) ;
#9026 = DIRECTION ( 'NONE',  ( 0.000000000000000000, -2.220446049250313574E-16, -1.000000000000000000 ) ) ;
#9027 = EDGE_LOOP ( 'NONE', ( #3952, #8199, #8648, #5922 ) ) ;
#9028 = LINE ( 'NONE', #2770, #8707 ) ;
#9029 = AXIS2_PLACEMENT_3D ( 'NONE', #8172, #4173, #4703 ) ;
#9030 = ORIENTED_EDGE ( 'NONE', *, *, #910, .T. ) ;
#9031 = VECTOR ( 'NONE', #6477, 1000.000000000000000 ) ;
#9032 = CARTESIAN_POINT ( 'NONE',  ( 26.20658697645469815, 9.195486711044500439, 0.1952019328209913529 ) ) ;
#9033 = CARTESIAN_POINT ( 'NONE',  ( 28.24999999999999645, 12.59999999999999964, -1.299999999999992051 ) ) ;
#9034 = VECTOR ( 'NONE', #2267, 1000.000000000000114 ) ;
#9035 = EDGE_CURVE ( 'NONE', #2530, #7278, #1606, .T. ) ;
#9036 = VECTOR ( 'NONE', #435, 1000.000000000000114 ) ;
#9037 = EDGE_CURVE ( 'NONE', #6012, #6062, #4604, .T. ) ;
#9038 = ORIENTED_EDGE ( 'NONE', *, *, #6225, .F. ) ;
#9039 = DIRECTION ( 'NONE',  ( 0.08715574274765815199, -0.9961946980917455452, 2.318731583045154874E-16 ) ) ;
#9040 = LINE ( 'NONE', #1385, #1119 ) ;
#9041 = CONICAL_SURFACE ( 'NONE', #2617, 1.500000000000001776, 0.5235987755982987046 ) ;
#9042 = LINE ( 'NONE', #7679, #955 ) ;
#9043 = ORIENTED_EDGE ( 'NONE', *, *, #4071, .F. ) ;
#9044 = EDGE_CURVE ( 'NONE', #7363, #575, #5846, .T. ) ;
#9045 = DIRECTION ( 'NONE',  ( -2.465190328815661345E-32, 6.137086701989279675E-49, 1.000000000000000000 ) ) ;
#9046 = AXIS2_PLACEMENT_3D ( 'NONE', #8156, #899, #4596 ) ;
#9047 = ADVANCED_FACE ( 'NONE', ( #4877 ), #8960, .T. ) ;
#9048 = DIRECTION ( 'NONE',  ( -6.162975822039150624E-33, 1.000000000000000000, -2.220446049250313574E-16 ) ) ;
#9049 = EDGE_CURVE ( 'NONE', #7874, #6986, #6323, .T. ) ;
#9050 = EDGE_CURVE ( 'NONE', #4560, #5957, #281, .T. ) ;
#9051 = ADVANCED_FACE ( 'NONE', ( #3003 ), #7274, .F. ) ;
#9052 = AXIS2_PLACEMENT_3D ( 'NONE', #2809, #5615, #3596 ) ;
#9053 = LINE ( 'NONE', #8919, #1165 ) ;
#9054 = CARTESIAN_POINT ( 'NONE',  ( 25.74999999999999645, 11.09999999999999787, -0.06816914538748143626 ) ) ;
#9055 = ORIENTED_EDGE ( 'NONE', *, *, #6443, .F. ) ;
#9056 = CARTESIAN_POINT ( 'NONE',  ( -30.64999999999999503, 3.289204187422301029, -5.499999999999999112 ) ) ;
#9057 = CARTESIAN_POINT ( 'NONE',  ( 29.45669455522128999, 8.821609066223302875, -0.4988270391345726029 ) ) ;
#9058 = EDGE_LOOP ( 'NONE', ( #3559, #4807, #6962, #4683 ) ) ;
#9059 = CARTESIAN_POINT ( 'NONE',  ( 29.67999999999999972, -2.555405713625399589, 1.509999999999660947 ) ) ;
#9060 = VECTOR ( 'NONE', #5746, 1000.000000000000000 ) ;
#9061 =( GEOMETRIC_REPRESENTATION_CONTEXT ( 3 ) GLOBAL_UNCERTAINTY_ASSIGNED_CONTEXT ( ( #3041 ) ) GLOBAL_UNIT_ASSIGNED_CONTEXT ( ( #1736, #8868, #1923 ) ) REPRESENTATION_CONTEXT ( 'NONE', 'WORKASPACE' ) );
#9062 = CARTESIAN_POINT ( 'NONE',  ( -30.75000000000000000, 1.272624325729198036, -3.774095203657398034 ) ) ;
#9063 = ORIENTED_EDGE ( 'NONE', *, *, #5930, .T. ) ;
#9064 =( LENGTH_UNIT ( ) NAMED_UNIT ( * ) SI_UNIT ( .MILLI., .METRE. ) );
#9065 = PRESENTATION_LAYER_ASSIGNMENT (  '', '', ( #3822 ) ) ;
#9066 = VERTEX_POINT ( 'NONE', #4376 ) ;
#9067 = AXIS2_PLACEMENT_3D ( 'NONE', #6903, #6856, #7577 ) ;
#9068 = DIRECTION ( 'NONE',  ( 1.000000000000000000, 6.162975822039154730E-33, 2.465190328815661892E-32 ) ) ;
#9069 = NEXT_ASSEMBLY_USAGE_OCCURRENCE ( 'NAUO1', ' ', ' ', #4969, #476, $ ) ;
#9070 = NEXT_ASSEMBLY_USAGE_OCCURRENCE ( 'NAUO2', ' ', ' ', #4969, #1257, $ ) ;
ENDSEC;
END-ISO-10303-21;
